sample_id,file_path,subject_id,gesture_id,original_label,binary_label,frame_count,valid,excluded_reason
sample_0001,SkeletonData/SkeletonData/RawData/101_18_0_1_1_stand.txt,101,0,1,0,59,True,
sample_0002,SkeletonData/SkeletonData/RawData/101_18_0_2_1_stand.txt,101,0,1,0,44,True,
sample_0003,SkeletonData/SkeletonData/RawData/101_18_0_3_1_stand.txt,101,0,1,0,53,True,
sample_0004,SkeletonData/SkeletonData/RawData/101_18_0_4_1_stand.txt,101,0,1,0,57,True,
sample_0005,SkeletonData/SkeletonData/RawData/101_18_0_5_1_stand.txt,101,0,1,0,60,True,
sample_0006,SkeletonData/SkeletonData/RawData/101_18_0_6_1_chair.txt,101,0,1,0,74,True,
sample_0007,SkeletonData/SkeletonData/RawData/101_18_0_7_1_chair.txt,101,0,1,0,64,True,
sample_0008,SkeletonData/SkeletonData/RawData/101_18_0_8_1_chair.txt,101,0,1,0,62,True,
sample_0009,SkeletonData/SkeletonData/RawData/101_18_0_9_1_stand.txt,101,0,1,0,69,True,
sample_0010,SkeletonData/SkeletonData/RawData/101_18_1_10_1_chair.txt,101,1,1,0,69,True,
sample_0011,SkeletonData/SkeletonData/RawData/101_18_1_11_1_chair.txt,101,1,1,0,73,True,
sample_0012,SkeletonData/SkeletonData/RawData/101_18_1_12_1_chair.txt,101,1,1,0,71,True,
sample_0013,SkeletonData/SkeletonData/RawData/101_18_1_13_1_chair.txt,101,1,1,0,86,True,
sample_0014,SkeletonData/SkeletonData/RawData/101_18_1_1_1_stand.txt,101,1,1,0,105,True,
sample_0015,SkeletonData/SkeletonData/RawData/101_18_1_2_1_stand.txt,101,1,1,0,57,True,
sample_0016,SkeletonData/SkeletonData/RawData/101_18_1_3_1_stand.txt,101,1,1,0,70,True,
sample_0017,SkeletonData/SkeletonData/RawData/101_18_1_4_1_stand.txt,101,1,1,0,66,True,
sample_0018,SkeletonData/SkeletonData/RawData/101_18_1_5_1_stand.txt,101,1,1,0,71,True,
sample_0019,SkeletonData/SkeletonData/RawData/101_18_1_6_1_stand.txt,101,1,1,0,72,True,
sample_0020,SkeletonData/SkeletonData/RawData/101_18_1_7_1_stand.txt,101,1,1,0,70,True,
sample_0021,SkeletonData/SkeletonData/RawData/101_18_1_8_1_chair.txt,101,1,1,0,73,True,
sample_0022,SkeletonData/SkeletonData/RawData/101_18_1_9_1_chair.txt,101,1,1,0,72,True,
sample_0023,SkeletonData/SkeletonData/RawData/101_18_2_10_1_chair.txt,101,2,1,0,85,True,
sample_0024,SkeletonData/SkeletonData/RawData/101_18_2_11_1_chair.txt,101,2,1,0,85,True,
sample_0025,SkeletonData/SkeletonData/RawData/101_18_2_12_1_chair.txt,101,2,1,0,88,True,
sample_0026,SkeletonData/SkeletonData/RawData/101_18_2_1_1_stand.txt,101,2,1,0,72,True,
sample_0027,SkeletonData/SkeletonData/RawData/101_18_2_2_1_stand.txt,101,2,1,0,87,True,
sample_0028,SkeletonData/SkeletonData/RawData/101_18_2_3_1_stand.txt,101,2,1,0,84,True,
sample_0029,SkeletonData/SkeletonData/RawData/101_18_2_4_1_stand.txt,101,2,1,0,97,True,
sample_0030,SkeletonData/SkeletonData/RawData/101_18_2_5_1_stand.txt,101,2,1,0,100,True,
sample_0031,SkeletonData/SkeletonData/RawData/101_18_2_6_1_stand.txt,101,2,1,0,90,True,
sample_0032,SkeletonData/SkeletonData/RawData/101_18_2_7_1_chair.txt,101,2,1,0,96,True,
sample_0033,SkeletonData/SkeletonData/RawData/101_18_2_8_1_chair.txt,101,2,1,0,78,True,
sample_0034,SkeletonData/SkeletonData/RawData/101_18_2_9_1_chair.txt,101,2,1,0,78,True,
sample_0035,SkeletonData/SkeletonData/RawData/101_18_3_10_1_chair.txt,101,3,1,0,85,True,
sample_0036,SkeletonData/SkeletonData/RawData/101_18_3_11_1_chair.txt,101,3,1,0,90,True,
sample_0037,SkeletonData/SkeletonData/RawData/101_18_3_12_1_chair.txt,101,3,1,0,88,True,
sample_0038,SkeletonData/SkeletonData/RawData/101_18_3_1_1_stand.txt,101,3,1,0,84,True,
sample_0039,SkeletonData/SkeletonData/RawData/101_18_3_2_1_stand.txt,101,3,1,0,87,True,
sample_0040,SkeletonData/SkeletonData/RawData/101_18_3_3_1_stand.txt,101,3,1,0,84,True,
sample_0041,SkeletonData/SkeletonData/RawData/101_18_3_4_1_stand.txt,101,3,1,0,86,True,
sample_0042,SkeletonData/SkeletonData/RawData/101_18_3_5_1_stand.txt,101,3,1,0,87,True,
sample_0043,SkeletonData/SkeletonData/RawData/101_18_3_6_1_stand.txt,101,3,1,0,92,True,
sample_0044,SkeletonData/SkeletonData/RawData/101_18_3_7_1_chair.txt,101,3,1,0,82,True,
sample_0045,SkeletonData/SkeletonData/RawData/101_18_3_8_1_chair.txt,101,3,1,0,84,True,
sample_0046,SkeletonData/SkeletonData/RawData/101_18_3_9_1_chair.txt,101,3,1,0,87,True,
sample_0047,SkeletonData/SkeletonData/RawData/101_18_4_10_1_chair.txt,101,4,1,0,77,True,
sample_0048,SkeletonData/SkeletonData/RawData/101_18_4_11_2_stand.txt,101,4,2,1,67,True,
sample_0049,SkeletonData/SkeletonData/RawData/101_18_4_12_1_chair.txt,101,4,1,0,177,True,
sample_0050,SkeletonData/SkeletonData/RawData/101_18_4_1_1_stand.txt,101,4,1,0,73,True,
sample_0051,SkeletonData/SkeletonData/RawData/101_18_4_2_1_stand.txt,101,4,1,0,71,True,
sample_0052,SkeletonData/SkeletonData/RawData/101_18_4_3_1_stand.txt,101,4,1,0,75,True,
sample_0053,SkeletonData/SkeletonData/RawData/101_18_4_4_1_stand.txt,101,4,1,0,66,True,
sample_0054,SkeletonData/SkeletonData/RawData/101_18_4_5_1_stand.txt,101,4,1,0,69,True,
sample_0055,SkeletonData/SkeletonData/RawData/101_18_4_6_1_chair.txt,101,4,1,0,81,True,
sample_0056,SkeletonData/SkeletonData/RawData/101_18_4_7_1_chair.txt,101,4,1,0,81,True,
sample_0057,SkeletonData/SkeletonData/RawData/101_18_4_8_1_chair.txt,101,4,1,0,84,True,
sample_0058,SkeletonData/SkeletonData/RawData/101_18_4_9_1_chair.txt,101,4,1,0,77,True,
sample_0059,SkeletonData/SkeletonData/RawData/101_18_5_10_1_chair.txt,101,5,1,0,81,True,
sample_0060,SkeletonData/SkeletonData/RawData/101_18_5_11_1_chair.txt,101,5,1,0,89,True,
sample_0061,SkeletonData/SkeletonData/RawData/101_18_5_12_1_chair.txt,101,5,1,0,83,True,
sample_0062,SkeletonData/SkeletonData/RawData/101_18_5_13_1_chair.txt,101,5,1,0,75,True,
sample_0063,SkeletonData/SkeletonData/RawData/101_18_5_1_1_stand.txt,101,5,1,0,87,True,
sample_0064,SkeletonData/SkeletonData/RawData/101_18_5_2_1_stand.txt,101,5,1,0,81,True,
sample_0065,SkeletonData/SkeletonData/RawData/101_18_5_3_1_stand.txt,101,5,1,0,83,True,
sample_0066,SkeletonData/SkeletonData/RawData/101_18_5_4_1_stand.txt,101,5,1,0,77,True,
sample_0067,SkeletonData/SkeletonData/RawData/101_18_5_5_1_stand.txt,101,5,1,0,86,True,
sample_0068,SkeletonData/SkeletonData/RawData/101_18_5_6_1_stand.txt,101,5,1,0,95,True,
sample_0069,SkeletonData/SkeletonData/RawData/101_18_5_7_2_stand.txt,101,5,2,1,40,True,
sample_0070,SkeletonData/SkeletonData/RawData/101_18_5_8_1_chair.txt,101,5,1,0,83,True,
sample_0071,SkeletonData/SkeletonData/RawData/101_18_5_9_1_chair.txt,101,5,1,0,82,True,
sample_0072,SkeletonData/SkeletonData/RawData/101_18_6_10_1_chair.txt,101,6,1,0,87,True,
sample_0073,SkeletonData/SkeletonData/RawData/101_18_6_11_1_chair.txt,101,6,1,0,80,True,
sample_0074,SkeletonData/SkeletonData/RawData/101_18_6_12_1_chair.txt,101,6,1,0,80,True,
sample_0075,SkeletonData/SkeletonData/RawData/101_18_6_1_1_stand.txt,101,6,1,0,102,True,
sample_0076,SkeletonData/SkeletonData/RawData/101_18_6_2_1_stand.txt,101,6,1,0,89,True,
sample_0077,SkeletonData/SkeletonData/RawData/101_18_6_3_1_stand.txt,101,6,1,0,104,True,
sample_0078,SkeletonData/SkeletonData/RawData/101_18_6_4_1_stand.txt,101,6,1,0,92,True,
sample_0079,SkeletonData/SkeletonData/RawData/101_18_6_5_1_stand.txt,101,6,1,0,105,True,
sample_0080,SkeletonData/SkeletonData/RawData/101_18_6_6_1_stand.txt,101,6,1,0,77,True,
sample_0081,SkeletonData/SkeletonData/RawData/101_18_6_7_1_chair.txt,101,6,1,0,100,True,
sample_0082,SkeletonData/SkeletonData/RawData/101_18_6_8_1_chair.txt,101,6,1,0,82,True,
sample_0083,SkeletonData/SkeletonData/RawData/101_18_6_9_1_chair.txt,101,6,1,0,81,True,
sample_0084,SkeletonData/SkeletonData/RawData/101_18_7_10_1_chair.txt,101,7,1,0,62,True,
sample_0085,SkeletonData/SkeletonData/RawData/101_18_7_11_1_chair.txt,101,7,1,0,67,True,
sample_0086,SkeletonData/SkeletonData/RawData/101_18_7_12_1_chair.txt,101,7,1,0,61,True,
sample_0087,SkeletonData/SkeletonData/RawData/101_18_7_1_1_stand.txt,101,7,1,0,47,True,
sample_0088,SkeletonData/SkeletonData/RawData/101_18_7_2_1_stand.txt,101,7,1,0,67,True,
sample_0089,SkeletonData/SkeletonData/RawData/101_18_7_3_1_stand.txt,101,7,1,0,63,True,
sample_0090,SkeletonData/SkeletonData/RawData/101_18_7_4_1_stand.txt,101,7,1,0,80,True,
sample_0091,SkeletonData/SkeletonData/RawData/101_18_7_5_1_stand.txt,101,7,1,0,71,True,
sample_0092,SkeletonData/SkeletonData/RawData/101_18_7_6_1_stand.txt,101,7,1,0,72,True,
sample_0093,SkeletonData/SkeletonData/RawData/101_18_7_7_1_chair.txt,101,7,1,0,77,True,
sample_0094,SkeletonData/SkeletonData/RawData/101_18_7_8_1_chair.txt,101,7,1,0,64,True,
sample_0095,SkeletonData/SkeletonData/RawData/101_18_7_9_1_chair.txt,101,7,1,0,56,True,
sample_0096,SkeletonData/SkeletonData/RawData/101_18_8_10_1_chair.txt,101,8,1,0,66,True,
sample_0097,SkeletonData/SkeletonData/RawData/101_18_8_11_1_chair.txt,101,8,1,0,74,True,
sample_0098,SkeletonData/SkeletonData/RawData/101_18_8_12_1_chair.txt,101,8,1,0,66,True,
sample_0099,SkeletonData/SkeletonData/RawData/101_18_8_1_1_stand.txt,101,8,1,0,44,True,
sample_0100,SkeletonData/SkeletonData/RawData/101_18_8_2_1_stand.txt,101,8,1,0,73,True,
sample_0101,SkeletonData/SkeletonData/RawData/101_18_8_3_1_stand.txt,101,8,1,0,57,True,
sample_0102,SkeletonData/SkeletonData/RawData/101_18_8_4_1_stand.txt,101,8,1,0,72,True,
sample_0103,SkeletonData/SkeletonData/RawData/101_18_8_5_1_stand.txt,101,8,1,0,72,True,
sample_0104,SkeletonData/SkeletonData/RawData/101_18_8_6_1_stand.txt,101,8,1,0,69,True,
sample_0105,SkeletonData/SkeletonData/RawData/101_18_8_7_1_chair.txt,101,8,1,0,73,True,
sample_0106,SkeletonData/SkeletonData/RawData/101_18_8_8_1_chair.txt,101,8,1,0,64,True,
sample_0107,SkeletonData/SkeletonData/RawData/101_18_8_9_1_chair.txt,101,8,1,0,72,True,
sample_0108,SkeletonData/SkeletonData/RawData/102_18_0_10_1_chair.txt,102,0,1,0,30,True,
sample_0109,SkeletonData/SkeletonData/RawData/102_18_0_11_1_chair.txt,102,0,1,0,46,True,
sample_0110,SkeletonData/SkeletonData/RawData/102_18_0_12_1_chair.txt,102,0,1,0,49,True,
sample_0111,SkeletonData/SkeletonData/RawData/102_18_0_1_1_stand.txt,102,0,1,0,74,True,
sample_0112,SkeletonData/SkeletonData/RawData/102_18_0_2_1_stand.txt,102,0,1,0,64,True,
sample_0113,SkeletonData/SkeletonData/RawData/102_18_0_3_1_stand.txt,102,0,1,0,58,True,
sample_0114,SkeletonData/SkeletonData/RawData/102_18_0_4_1_stand.txt,102,0,1,0,60,True,
sample_0115,SkeletonData/SkeletonData/RawData/102_18_0_5_1_stand.txt,102,0,1,0,63,True,
sample_0116,SkeletonData/SkeletonData/RawData/102_18_0_6_1_stand.txt,102,0,1,0,59,True,
sample_0117,SkeletonData/SkeletonData/RawData/102_18_0_7_1_stand.txt,102,0,1,0,54,True,
sample_0118,SkeletonData/SkeletonData/RawData/102_18_0_8_1_chair.txt,102,0,1,0,42,True,
sample_0119,SkeletonData/SkeletonData/RawData/102_18_0_9_1_chair.txt,102,0,1,0,40,True,
sample_0120,SkeletonData/SkeletonData/RawData/102_18_1_10_1_chair.txt,102,1,1,0,33,True,
sample_0121,SkeletonData/SkeletonData/RawData/102_18_1_11_1_chair.txt,102,1,1,0,30,True,
sample_0122,SkeletonData/SkeletonData/RawData/102_18_1_12_1_stand.txt,102,1,1,0,61,True,
sample_0123,SkeletonData/SkeletonData/RawData/102_18_1_1_1_stand.txt,102,1,1,0,58,True,
sample_0124,SkeletonData/SkeletonData/RawData/102_18_1_2_1_stand.txt,102,1,1,0,55,True,
sample_0125,SkeletonData/SkeletonData/RawData/102_18_1_3_1_stand.txt,102,1,1,0,55,True,
sample_0126,SkeletonData/SkeletonData/RawData/102_18_1_4_1_stand.txt,102,1,1,0,60,True,
sample_0127,SkeletonData/SkeletonData/RawData/102_18_1_5_1_stand.txt,102,1,1,0,56,True,
sample_0128,SkeletonData/SkeletonData/RawData/102_18_1_6_1_chair.txt,102,1,1,0,37,True,
sample_0129,SkeletonData/SkeletonData/RawData/102_18_1_7_1_chair.txt,102,1,1,0,41,True,
sample_0130,SkeletonData/SkeletonData/RawData/102_18_1_8_1_chair.txt,102,1,1,0,36,True,
sample_0131,SkeletonData/SkeletonData/RawData/102_18_1_9_1_chair.txt,102,1,1,0,41,True,
sample_0132,SkeletonData/SkeletonData/RawData/102_18_2_10_1_chair.txt,102,2,1,0,48,True,
sample_0133,SkeletonData/SkeletonData/RawData/102_18_2_11_1_chair.txt,102,2,1,0,51,True,
sample_0134,SkeletonData/SkeletonData/RawData/102_18_2_12_1_chair.txt,102,2,1,0,43,True,
sample_0135,SkeletonData/SkeletonData/RawData/102_18_2_13_1_chair.txt,102,2,1,0,41,True,
sample_0136,SkeletonData/SkeletonData/RawData/102_18_2_1_1_stand.txt,102,2,1,0,45,True,
sample_0137,SkeletonData/SkeletonData/RawData/102_18_2_2_1_stand.txt,102,2,1,0,59,True,
sample_0138,SkeletonData/SkeletonData/RawData/102_18_2_3_1_stand.txt,102,2,1,0,70,True,
sample_0139,SkeletonData/SkeletonData/RawData/102_18_2_4_1_stand.txt,102,2,1,0,72,True,
sample_0140,SkeletonData/SkeletonData/RawData/102_18_2_5_1_stand.txt,102,2,1,0,62,True,
sample_0141,SkeletonData/SkeletonData/RawData/102_18_2_6_1_stand.txt,102,2,1,0,68,True,
sample_0142,SkeletonData/SkeletonData/RawData/102_18_2_7_1_stand.txt,102,2,1,0,63,True,
sample_0143,SkeletonData/SkeletonData/RawData/102_18_2_8_1_chair.txt,102,2,1,0,58,True,
sample_0144,SkeletonData/SkeletonData/RawData/102_18_2_9_1_chair.txt,102,2,1,0,54,True,
sample_0145,SkeletonData/SkeletonData/RawData/102_18_3_10_1_chair.txt,102,3,1,0,47,True,
sample_0146,SkeletonData/SkeletonData/RawData/102_18_3_11_1_chair.txt,102,3,1,0,55,True,
sample_0147,SkeletonData/SkeletonData/RawData/102_18_3_12_1_chair.txt,102,3,1,0,53,True,
sample_0148,SkeletonData/SkeletonData/RawData/102_18_3_1_1_stand.txt,102,3,1,0,62,True,
sample_0149,SkeletonData/SkeletonData/RawData/102_18_3_2_1_stand.txt,102,3,1,0,72,True,
sample_0150,SkeletonData/SkeletonData/RawData/102_18_3_3_1_stand.txt,102,3,1,0,70,True,
sample_0151,SkeletonData/SkeletonData/RawData/102_18_3_4_1_stand.txt,102,3,1,0,63,True,
sample_0152,SkeletonData/SkeletonData/RawData/102_18_3_5_1_stand.txt,102,3,1,0,68,True,
sample_0153,SkeletonData/SkeletonData/RawData/102_18_3_6_1_stand.txt,102,3,1,0,72,True,
sample_0154,SkeletonData/SkeletonData/RawData/102_18_3_7_1_chair.txt,102,3,1,0,47,True,
sample_0155,SkeletonData/SkeletonData/RawData/102_18_3_8_1_chair.txt,102,3,1,0,41,True,
sample_0156,SkeletonData/SkeletonData/RawData/102_18_3_9_1_chair.txt,102,3,1,0,51,True,
sample_0157,SkeletonData/SkeletonData/RawData/102_18_4_10_1_chair.txt,102,4,1,0,58,True,
sample_0158,SkeletonData/SkeletonData/RawData/102_18_4_11_1_chair.txt,102,4,1,0,55,True,
sample_0159,SkeletonData/SkeletonData/RawData/102_18_4_12_1_chair.txt,102,4,1,0,56,True,
sample_0160,SkeletonData/SkeletonData/RawData/102_18_4_13_2_stand.txt,102,4,2,1,64,True,
sample_0161,SkeletonData/SkeletonData/RawData/102_18_4_1_1_stand.txt,102,4,1,0,98,True,
sample_0162,SkeletonData/SkeletonData/RawData/102_18_4_2_1_stand.txt,102,4,1,0,85,True,
sample_0163,SkeletonData/SkeletonData/RawData/102_18_4_3_1_stand.txt,102,4,1,0,84,True,
sample_0164,SkeletonData/SkeletonData/RawData/102_18_4_4_1_stand.txt,102,4,1,0,79,True,
sample_0165,SkeletonData/SkeletonData/RawData/102_18_4_5_1_stand.txt,102,4,1,0,81,True,
sample_0166,SkeletonData/SkeletonData/RawData/102_18_4_6_1_stand.txt,102,4,1,0,77,True,
sample_0167,SkeletonData/SkeletonData/RawData/102_18_4_7_1_chair.txt,102,4,1,0,74,True,
sample_0168,SkeletonData/SkeletonData/RawData/102_18_4_8_1_chair.txt,102,4,1,0,57,True,
sample_0169,SkeletonData/SkeletonData/RawData/102_18_4_9_1_chair.txt,102,4,1,0,51,True,
sample_0170,SkeletonData/SkeletonData/RawData/102_18_5_10_1_chair.txt,102,5,1,0,53,True,
sample_0171,SkeletonData/SkeletonData/RawData/102_18_5_11_1_chair.txt,102,5,1,0,59,True,
sample_0172,SkeletonData/SkeletonData/RawData/102_18_5_12_1_chair.txt,102,5,1,0,59,True,
sample_0173,SkeletonData/SkeletonData/RawData/102_18_5_1_1_stand.txt,102,5,1,0,71,True,
sample_0174,SkeletonData/SkeletonData/RawData/102_18_5_2_1_stand.txt,102,5,1,0,73,True,
sample_0175,SkeletonData/SkeletonData/RawData/102_18_5_3_1_stand.txt,102,5,1,0,80,True,
sample_0176,SkeletonData/SkeletonData/RawData/102_18_5_4_1_stand.txt,102,5,1,0,80,True,
sample_0177,SkeletonData/SkeletonData/RawData/102_18_5_5_1_stand.txt,102,5,1,0,68,True,
sample_0178,SkeletonData/SkeletonData/RawData/102_18_5_6_1_stand.txt,102,5,1,0,71,True,
sample_0179,SkeletonData/SkeletonData/RawData/102_18_5_7_1_chair.txt,102,5,1,0,51,True,
sample_0180,SkeletonData/SkeletonData/RawData/102_18_5_8_1_chair.txt,102,5,1,0,52,True,
sample_0181,SkeletonData/SkeletonData/RawData/102_18_5_9_1_chair.txt,102,5,1,0,64,True,
sample_0182,SkeletonData/SkeletonData/RawData/102_18_6_10_1_chair.txt,102,6,1,0,58,True,
sample_0183,SkeletonData/SkeletonData/RawData/102_18_6_11_1_chair.txt,102,6,1,0,57,True,
sample_0184,SkeletonData/SkeletonData/RawData/102_18_6_12_1_chair.txt,102,6,1,0,50,True,
sample_0185,SkeletonData/SkeletonData/RawData/102_18_6_1_1_stand.txt,102,6,1,0,72,True,
sample_0186,SkeletonData/SkeletonData/RawData/102_18_6_2_1_stand.txt,102,6,1,0,72,True,
sample_0187,SkeletonData/SkeletonData/RawData/102_18_6_3_1_stand.txt,102,6,1,0,83,True,
sample_0188,SkeletonData/SkeletonData/RawData/102_18_6_4_1_stand.txt,102,6,1,0,85,True,
sample_0189,SkeletonData/SkeletonData/RawData/102_18_6_5_1_stand.txt,102,6,1,0,70,True,
sample_0190,SkeletonData/SkeletonData/RawData/102_18_6_6_1_stand.txt,102,6,1,0,67,True,
sample_0191,SkeletonData/SkeletonData/RawData/102_18_6_7_1_chair.txt,102,6,1,0,48,True,
sample_0192,SkeletonData/SkeletonData/RawData/102_18_6_8_1_chair.txt,102,6,1,0,55,True,
sample_0193,SkeletonData/SkeletonData/RawData/102_18_6_9_1_chair.txt,102,6,1,0,56,True,
sample_0194,SkeletonData/SkeletonData/RawData/102_18_7_10_1_chair.txt,102,7,1,0,46,True,
sample_0195,SkeletonData/SkeletonData/RawData/102_18_7_11_1_chair.txt,102,7,1,0,44,True,
sample_0196,SkeletonData/SkeletonData/RawData/102_18_7_12_1_chair.txt,102,7,1,0,45,True,
sample_0197,SkeletonData/SkeletonData/RawData/102_18_7_1_1_stand.txt,102,7,1,0,41,True,
sample_0198,SkeletonData/SkeletonData/RawData/102_18_7_2_1_stand.txt,102,7,1,0,52,True,
sample_0199,SkeletonData/SkeletonData/RawData/102_18_7_3_1_stand.txt,102,7,1,0,58,True,
sample_0200,SkeletonData/SkeletonData/RawData/102_18_7_4_1_stand.txt,102,7,1,0,60,True,
sample_0201,SkeletonData/SkeletonData/RawData/102_18_7_5_1_stand.txt,102,7,1,0,61,True,
sample_0202,SkeletonData/SkeletonData/RawData/102_18_7_6_1_stand.txt,102,7,1,0,51,True,
sample_0203,SkeletonData/SkeletonData/RawData/102_18_7_7_1_chair.txt,102,7,1,0,45,True,
sample_0204,SkeletonData/SkeletonData/RawData/102_18_7_8_1_chair.txt,102,7,1,0,44,True,
sample_0205,SkeletonData/SkeletonData/RawData/102_18_7_9_1_chair.txt,102,7,1,0,52,True,
sample_0206,SkeletonData/SkeletonData/RawData/102_18_8_10_1_chair.txt,102,8,1,0,49,True,
sample_0207,SkeletonData/SkeletonData/RawData/102_18_8_11_1_chair.txt,102,8,1,0,38,True,
sample_0208,SkeletonData/SkeletonData/RawData/102_18_8_12_1_chair.txt,102,8,1,0,44,True,
sample_0209,SkeletonData/SkeletonData/RawData/102_18_8_1_1_stand.txt,102,8,1,0,44,True,
sample_0210,SkeletonData/SkeletonData/RawData/102_18_8_2_1_stand.txt,102,8,1,0,61,True,
sample_0211,SkeletonData/SkeletonData/RawData/102_18_8_3_1_stand.txt,102,8,1,0,61,True,
sample_0212,SkeletonData/SkeletonData/RawData/102_18_8_4_1_stand.txt,102,8,1,0,60,True,
sample_0213,SkeletonData/SkeletonData/RawData/102_18_8_5_1_stand.txt,102,8,1,0,67,True,
sample_0214,SkeletonData/SkeletonData/RawData/102_18_8_6_1_stand.txt,102,8,1,0,50,True,
sample_0215,SkeletonData/SkeletonData/RawData/102_18_8_7_1_chair.txt,102,8,1,0,46,True,
sample_0216,SkeletonData/SkeletonData/RawData/102_18_8_8_1_chair.txt,102,8,1,0,44,True,
sample_0217,SkeletonData/SkeletonData/RawData/102_18_8_9_1_chair.txt,102,8,1,0,44,True,
sample_0218,SkeletonData/SkeletonData/RawData/103_18_0_10_1_chair.txt,103,0,1,0,59,True,
sample_0219,SkeletonData/SkeletonData/RawData/103_18_0_11_1_chair.txt,103,0,1,0,61,True,
sample_0220,SkeletonData/SkeletonData/RawData/103_18_0_12_1_chair.txt,103,0,1,0,55,True,
sample_0221,SkeletonData/SkeletonData/RawData/103_18_0_1_1_stand.txt,103,0,1,0,52,True,
sample_0222,SkeletonData/SkeletonData/RawData/103_18_0_2_1_stand.txt,103,0,1,0,67,True,
sample_0223,SkeletonData/SkeletonData/RawData/103_18_0_3_1_stand.txt,103,0,1,0,57,True,
sample_0224,SkeletonData/SkeletonData/RawData/103_18_0_4_1_stand.txt,103,0,1,0,61,True,
sample_0225,SkeletonData/SkeletonData/RawData/103_18_0_5_1_stand.txt,103,0,1,0,71,True,
sample_0226,SkeletonData/SkeletonData/RawData/103_18_0_6_1_stand.txt,103,0,1,0,85,True,
sample_0227,SkeletonData/SkeletonData/RawData/103_18_0_7_1_chair.txt,103,0,1,0,69,True,
sample_0228,SkeletonData/SkeletonData/RawData/103_18_0_8_1_chair.txt,103,0,1,0,61,True,
sample_0229,SkeletonData/SkeletonData/RawData/103_18_0_9_1_chair.txt,103,0,1,0,72,True,
sample_0230,SkeletonData/SkeletonData/RawData/103_18_1_10_1_chair.txt,103,1,1,0,59,True,
sample_0231,SkeletonData/SkeletonData/RawData/103_18_1_11_1_chair.txt,103,1,1,0,58,True,
sample_0232,SkeletonData/SkeletonData/RawData/103_18_1_12_1_chair.txt,103,1,1,0,67,True,
sample_0233,SkeletonData/SkeletonData/RawData/103_18_1_1_1_stand.txt,103,1,1,0,59,True,
sample_0234,SkeletonData/SkeletonData/RawData/103_18_1_2_1_stand.txt,103,1,1,0,53,True,
sample_0235,SkeletonData/SkeletonData/RawData/103_18_1_3_1_stand.txt,103,1,1,0,52,True,
sample_0236,SkeletonData/SkeletonData/RawData/103_18_1_4_1_stand.txt,103,1,1,0,60,True,
sample_0237,SkeletonData/SkeletonData/RawData/103_18_1_5_1_stand.txt,103,1,1,0,56,True,
sample_0238,SkeletonData/SkeletonData/RawData/103_18_1_6_1_stand.txt,103,1,1,0,77,True,
sample_0239,SkeletonData/SkeletonData/RawData/103_18_1_7_1_chair.txt,103,1,1,0,53,True,
sample_0240,SkeletonData/SkeletonData/RawData/103_18_1_8_1_chair.txt,103,1,1,0,53,True,
sample_0241,SkeletonData/SkeletonData/RawData/103_18_1_9_1_chair.txt,103,1,1,0,57,True,
sample_0242,SkeletonData/SkeletonData/RawData/103_18_2_10_1_chair.txt,103,2,1,0,71,True,
sample_0243,SkeletonData/SkeletonData/RawData/103_18_2_11_1_chair.txt,103,2,1,0,76,True,
sample_0244,SkeletonData/SkeletonData/RawData/103_18_2_12_1_chair.txt,103,2,1,0,64,True,
sample_0245,SkeletonData/SkeletonData/RawData/103_18_2_1_1_stand.txt,103,2,1,0,73,True,
sample_0246,SkeletonData/SkeletonData/RawData/103_18_2_2_1_stand.txt,103,2,1,0,93,True,
sample_0247,SkeletonData/SkeletonData/RawData/103_18_2_3_1_stand.txt,103,2,1,0,85,True,
sample_0248,SkeletonData/SkeletonData/RawData/103_18_2_4_1_stand.txt,103,2,1,0,77,True,
sample_0249,SkeletonData/SkeletonData/RawData/103_18_2_5_1_stand.txt,103,2,1,0,80,True,
sample_0250,SkeletonData/SkeletonData/RawData/103_18_2_6_1_stand.txt,103,2,1,0,70,True,
sample_0251,SkeletonData/SkeletonData/RawData/103_18_2_7_1_chair.txt,103,2,1,0,62,True,
sample_0252,SkeletonData/SkeletonData/RawData/103_18_2_8_1_chair.txt,103,2,1,0,67,True,
sample_0253,SkeletonData/SkeletonData/RawData/103_18_2_9_1_chair.txt,103,2,1,0,83,True,
sample_0254,SkeletonData/SkeletonData/RawData/103_18_3_10_1_chair.txt,103,3,1,0,53,True,
sample_0255,SkeletonData/SkeletonData/RawData/103_18_3_11_1_chair.txt,103,3,1,0,71,True,
sample_0256,SkeletonData/SkeletonData/RawData/103_18_3_12_1_chair.txt,103,3,1,0,84,True,
sample_0257,SkeletonData/SkeletonData/RawData/103_18_3_1_1_stand.txt,103,3,1,0,68,True,
sample_0258,SkeletonData/SkeletonData/RawData/103_18_3_2_1_stand.txt,103,3,1,0,94,True,
sample_0259,SkeletonData/SkeletonData/RawData/103_18_3_3_1_stand.txt,103,3,1,0,80,True,
sample_0260,SkeletonData/SkeletonData/RawData/103_18_3_4_1_stand.txt,103,3,1,0,83,True,
sample_0261,SkeletonData/SkeletonData/RawData/103_18_3_5_1_stand.txt,103,3,1,0,101,True,
sample_0262,SkeletonData/SkeletonData/RawData/103_18_3_6_1_stand.txt,103,3,1,0,70,True,
sample_0263,SkeletonData/SkeletonData/RawData/103_18_3_7_1_chair.txt,103,3,1,0,69,True,
sample_0264,SkeletonData/SkeletonData/RawData/103_18_3_8_1_chair.txt,103,3,1,0,53,True,
sample_0265,SkeletonData/SkeletonData/RawData/103_18_3_9_1_chair.txt,103,3,1,0,68,True,
sample_0266,SkeletonData/SkeletonData/RawData/103_18_4_10_1_chair.txt,103,4,1,0,73,True,
sample_0267,SkeletonData/SkeletonData/RawData/103_18_4_11_1_chair.txt,103,4,1,0,72,True,
sample_0268,SkeletonData/SkeletonData/RawData/103_18_4_12_1_chair.txt,103,4,1,0,61,True,
sample_0269,SkeletonData/SkeletonData/RawData/103_18_4_13_2_stand.txt,103,4,2,1,63,True,
sample_0270,SkeletonData/SkeletonData/RawData/103_18_4_1_1_stand.txt,103,4,1,0,95,True,
sample_0271,SkeletonData/SkeletonData/RawData/103_18_4_2_1_stand.txt,103,4,1,0,75,True,
sample_0272,SkeletonData/SkeletonData/RawData/103_18_4_3_1_stand.txt,103,4,1,0,77,True,
sample_0273,SkeletonData/SkeletonData/RawData/103_18_4_4_1_stand.txt,103,4,1,0,69,True,
sample_0274,SkeletonData/SkeletonData/RawData/103_18_4_5_1_stand.txt,103,4,1,0,61,True,
sample_0275,SkeletonData/SkeletonData/RawData/103_18_4_6_1_stand.txt,103,4,1,0,67,True,
sample_0276,SkeletonData/SkeletonData/RawData/103_18_4_7_1_chair.txt,103,4,1,0,64,True,
sample_0277,SkeletonData/SkeletonData/RawData/103_18_4_8_1_chair.txt,103,4,1,0,66,True,
sample_0278,SkeletonData/SkeletonData/RawData/103_18_4_9_1_chair.txt,103,4,1,0,55,True,
sample_0279,SkeletonData/SkeletonData/RawData/103_18_5_10_1_chair.txt,103,5,1,0,74,True,
sample_0280,SkeletonData/SkeletonData/RawData/103_18_5_11_1_chair.txt,103,5,1,0,59,True,
sample_0281,SkeletonData/SkeletonData/RawData/103_18_5_12_1_chair.txt,103,5,1,0,71,True,
sample_0282,SkeletonData/SkeletonData/RawData/103_18_5_1_1_stand.txt,103,5,1,0,62,True,
sample_0283,SkeletonData/SkeletonData/RawData/103_18_5_2_1_stand.txt,103,5,1,0,61,True,
sample_0284,SkeletonData/SkeletonData/RawData/103_18_5_3_1_stand.txt,103,5,1,0,75,True,
sample_0285,SkeletonData/SkeletonData/RawData/103_18_5_4_1_stand.txt,103,5,1,0,77,True,
sample_0286,SkeletonData/SkeletonData/RawData/103_18_5_5_1_stand.txt,103,5,1,0,78,True,
sample_0287,SkeletonData/SkeletonData/RawData/103_18_5_6_1_stand.txt,103,5,1,0,63,True,
sample_0288,SkeletonData/SkeletonData/RawData/103_18_5_7_1_chair.txt,103,5,1,0,56,True,
sample_0289,SkeletonData/SkeletonData/RawData/103_18_5_8_1_chair.txt,103,5,1,0,61,True,
sample_0290,SkeletonData/SkeletonData/RawData/103_18_5_9_1_chair.txt,103,5,1,0,74,True,
sample_0291,SkeletonData/SkeletonData/RawData/103_18_6_10_1_chair.txt,103,6,1,0,70,True,
sample_0292,SkeletonData/SkeletonData/RawData/103_18_6_11_1_chair.txt,103,6,1,0,77,True,
sample_0293,SkeletonData/SkeletonData/RawData/103_18_6_12_1_chair.txt,103,6,1,0,69,True,
sample_0294,SkeletonData/SkeletonData/RawData/103_18_6_1_1_stand.txt,103,6,1,0,98,True,
sample_0295,SkeletonData/SkeletonData/RawData/103_18_6_2_1_stand.txt,103,6,1,0,101,True,
sample_0296,SkeletonData/SkeletonData/RawData/103_18_6_3_1_stand.txt,103,6,1,0,89,True,
sample_0297,SkeletonData/SkeletonData/RawData/103_18_6_4_1_stand.txt,103,6,1,0,104,True,
sample_0298,SkeletonData/SkeletonData/RawData/103_18_6_5_1_stand.txt,103,6,1,0,90,True,
sample_0299,SkeletonData/SkeletonData/RawData/103_18_6_6_1_stand.txt,103,6,1,0,98,True,
sample_0300,SkeletonData/SkeletonData/RawData/103_18_6_7_1_chair.txt,103,6,1,0,71,True,
sample_0301,SkeletonData/SkeletonData/RawData/103_18_6_8_1_chair.txt,103,6,1,0,74,True,
sample_0302,SkeletonData/SkeletonData/RawData/103_18_6_9_1_chair.txt,103,6,1,0,80,True,
sample_0303,SkeletonData/SkeletonData/RawData/103_18_7_10_1_chair.txt,103,7,1,0,59,True,
sample_0304,SkeletonData/SkeletonData/RawData/103_18_7_11_1_chair.txt,103,7,1,0,58,True,
sample_0305,SkeletonData/SkeletonData/RawData/103_18_7_12_1_chair.txt,103,7,1,0,56,True,
sample_0306,SkeletonData/SkeletonData/RawData/103_18_7_1_1_stand.txt,103,7,1,0,78,True,
sample_0307,SkeletonData/SkeletonData/RawData/103_18_7_2_1_stand.txt,103,7,1,0,60,True,
sample_0308,SkeletonData/SkeletonData/RawData/103_18_7_3_1_stand.txt,103,7,1,0,65,True,
sample_0309,SkeletonData/SkeletonData/RawData/103_18_7_4_1_stand.txt,103,7,1,0,66,True,
sample_0310,SkeletonData/SkeletonData/RawData/103_18_7_5_1_stand.txt,103,7,1,0,68,True,
sample_0311,SkeletonData/SkeletonData/RawData/103_18_7_6_1_stand.txt,103,7,1,0,57,True,
sample_0312,SkeletonData/SkeletonData/RawData/103_18_7_7_1_chair.txt,103,7,1,0,57,True,
sample_0313,SkeletonData/SkeletonData/RawData/103_18_7_8_1_chair.txt,103,7,1,0,53,True,
sample_0314,SkeletonData/SkeletonData/RawData/103_18_7_9_1_chair.txt,103,7,1,0,54,True,
sample_0315,SkeletonData/SkeletonData/RawData/103_18_8_10_1_chair.txt,103,8,1,0,70,True,
sample_0316,SkeletonData/SkeletonData/RawData/103_18_8_11_1_chair.txt,103,8,1,0,71,True,
sample_0317,SkeletonData/SkeletonData/RawData/103_18_8_12_1_chair.txt,103,8,1,0,61,True,
sample_0318,SkeletonData/SkeletonData/RawData/103_18_8_1_1_stand.txt,103,8,1,0,55,True,
sample_0319,SkeletonData/SkeletonData/RawData/103_18_8_2_1_stand.txt,103,8,1,0,70,True,
sample_0320,SkeletonData/SkeletonData/RawData/103_18_8_3_1_stand.txt,103,8,1,0,70,True,
sample_0321,SkeletonData/SkeletonData/RawData/103_18_8_4_1_stand.txt,103,8,1,0,62,True,
sample_0322,SkeletonData/SkeletonData/RawData/103_18_8_5_1_stand.txt,103,8,1,0,62,True,
sample_0323,SkeletonData/SkeletonData/RawData/103_18_8_6_1_stand.txt,103,8,1,0,63,True,
sample_0324,SkeletonData/SkeletonData/RawData/103_18_8_7_1_chair.txt,103,8,1,0,61,True,
sample_0325,SkeletonData/SkeletonData/RawData/103_18_8_8_1_chair.txt,103,8,1,0,62,True,
sample_0326,SkeletonData/SkeletonData/RawData/103_18_8_9_1_chair.txt,103,8,1,0,70,True,
sample_0327,SkeletonData/SkeletonData/RawData/104_18_0_1_1_stand.txt,104,0,1,0,69,True,
sample_0328,SkeletonData/SkeletonData/RawData/104_18_0_2_1_stand.txt,104,0,1,0,78,True,
sample_0329,SkeletonData/SkeletonData/RawData/104_18_0_3_1_stand.txt,104,0,1,0,83,True,
sample_0330,SkeletonData/SkeletonData/RawData/104_18_0_4_1_stand.txt,104,0,1,0,73,True,
sample_0331,SkeletonData/SkeletonData/RawData/104_18_0_5_1_stand.txt,104,0,1,0,73,True,
sample_0332,SkeletonData/SkeletonData/RawData/104_18_0_6_1_stand.txt,104,0,1,0,71,True,
sample_0333,SkeletonData/SkeletonData/RawData/104_18_1_1_1_stand.txt,104,1,1,0,73,True,
sample_0334,SkeletonData/SkeletonData/RawData/104_18_1_2_1_stand.txt,104,1,1,0,82,True,
sample_0335,SkeletonData/SkeletonData/RawData/104_18_1_3_1_stand.txt,104,1,1,0,75,True,
sample_0336,SkeletonData/SkeletonData/RawData/104_18_1_4_1_stand.txt,104,1,1,0,69,True,
sample_0337,SkeletonData/SkeletonData/RawData/104_18_1_5_1_stand.txt,104,1,1,0,66,True,
sample_0338,SkeletonData/SkeletonData/RawData/104_18_1_6_1_stand.txt,104,1,1,0,70,True,
sample_0339,SkeletonData/SkeletonData/RawData/104_18_1_7_1_stand.txt,104,1,1,0,85,True,
sample_0340,SkeletonData/SkeletonData/RawData/104_18_2_1_1_stand.txt,104,2,1,0,70,True,
sample_0341,SkeletonData/SkeletonData/RawData/104_18_2_2_1_stand.txt,104,2,1,0,95,True,
sample_0342,SkeletonData/SkeletonData/RawData/104_18_2_3_1_stand.txt,104,2,1,0,97,True,
sample_0343,SkeletonData/SkeletonData/RawData/104_18_2_4_1_stand.txt,104,2,1,0,92,True,
sample_0344,SkeletonData/SkeletonData/RawData/104_18_2_5_1_stand.txt,104,2,1,0,92,True,
sample_0345,SkeletonData/SkeletonData/RawData/104_18_2_6_1_stand.txt,104,2,1,0,102,True,
sample_0346,SkeletonData/SkeletonData/RawData/104_18_2_7_1_stand.txt,104,2,1,0,93,True,
sample_0347,SkeletonData/SkeletonData/RawData/104_18_2_8_1_stand.txt,104,2,1,0,80,True,
sample_0348,SkeletonData/SkeletonData/RawData/104_18_3_1_1_stand.txt,104,3,1,0,72,True,
sample_0349,SkeletonData/SkeletonData/RawData/104_18_3_2_1_stand.txt,104,3,1,0,74,True,
sample_0350,SkeletonData/SkeletonData/RawData/104_18_3_3_1_stand.txt,104,3,1,0,74,True,
sample_0351,SkeletonData/SkeletonData/RawData/104_18_3_4_1_stand.txt,104,3,1,0,70,True,
sample_0352,SkeletonData/SkeletonData/RawData/104_18_3_5_1_stand.txt,104,3,1,0,77,True,
sample_0353,SkeletonData/SkeletonData/RawData/104_18_3_6_1_stand.txt,104,3,1,0,75,True,
sample_0354,SkeletonData/SkeletonData/RawData/104_18_4_1_1_stand.txt,104,4,1,0,93,True,
sample_0355,SkeletonData/SkeletonData/RawData/104_18_4_2_1_stand.txt,104,4,1,0,84,True,
sample_0356,SkeletonData/SkeletonData/RawData/104_18_4_3_1_stand.txt,104,4,1,0,96,True,
sample_0357,SkeletonData/SkeletonData/RawData/104_18_4_4_1_stand.txt,104,4,1,0,90,True,
sample_0358,SkeletonData/SkeletonData/RawData/104_18_4_5_1_stand.txt,104,4,1,0,98,True,
sample_0359,SkeletonData/SkeletonData/RawData/104_18_4_6_1_stand.txt,104,4,1,0,79,True,
sample_0360,SkeletonData/SkeletonData/RawData/104_18_5_1_1_stand.txt,104,5,1,0,88,True,
sample_0361,SkeletonData/SkeletonData/RawData/104_18_5_2_1_stand.txt,104,5,1,0,72,True,
sample_0362,SkeletonData/SkeletonData/RawData/104_18_5_3_1_stand.txt,104,5,1,0,76,True,
sample_0363,SkeletonData/SkeletonData/RawData/104_18_5_4_1_stand.txt,104,5,1,0,69,True,
sample_0364,SkeletonData/SkeletonData/RawData/104_18_5_5_1_stand.txt,104,5,1,0,77,True,
sample_0365,SkeletonData/SkeletonData/RawData/104_18_5_6_1_stand.txt,104,5,1,0,70,True,
sample_0366,SkeletonData/SkeletonData/RawData/104_18_6_1_1_stand.txt,104,6,1,0,93,True,
sample_0367,SkeletonData/SkeletonData/RawData/104_18_6_2_1_stand.txt,104,6,1,0,93,True,
sample_0368,SkeletonData/SkeletonData/RawData/104_18_6_3_1_stand.txt,104,6,1,0,82,True,
sample_0369,SkeletonData/SkeletonData/RawData/104_18_6_4_1_stand.txt,104,6,1,0,80,True,
sample_0370,SkeletonData/SkeletonData/RawData/104_18_6_5_1_stand.txt,104,6,1,0,99,True,
sample_0371,SkeletonData/SkeletonData/RawData/104_18_6_6_1_stand.txt,104,6,1,0,63,True,
sample_0372,SkeletonData/SkeletonData/RawData/104_18_7_1_1_stand.txt,104,7,1,0,61,True,
sample_0373,SkeletonData/SkeletonData/RawData/104_18_7_2_1_stand.txt,104,7,1,0,56,True,
sample_0374,SkeletonData/SkeletonData/RawData/104_18_7_3_1_stand.txt,104,7,1,0,59,True,
sample_0375,SkeletonData/SkeletonData/RawData/104_18_7_4_1_stand.txt,104,7,1,0,53,True,
sample_0376,SkeletonData/SkeletonData/RawData/104_18_7_5_1_stand.txt,104,7,1,0,54,True,
sample_0377,SkeletonData/SkeletonData/RawData/104_18_7_6_1_stand.txt,104,7,1,0,48,True,
sample_0378,SkeletonData/SkeletonData/RawData/104_18_8_1_1_stand.txt,104,8,1,0,42,True,
sample_0379,SkeletonData/SkeletonData/RawData/104_18_8_2_1_stand.txt,104,8,1,0,48,True,
sample_0380,SkeletonData/SkeletonData/RawData/104_18_8_3_1_stand.txt,104,8,1,0,55,True,
sample_0381,SkeletonData/SkeletonData/RawData/104_18_8_4_1_stand.txt,104,8,1,0,51,True,
sample_0382,SkeletonData/SkeletonData/RawData/104_18_8_5_1_stand.txt,104,8,1,0,54,True,
sample_0383,SkeletonData/SkeletonData/RawData/104_18_8_6_1_stand.txt,104,8,1,0,41,True,
sample_0384,SkeletonData/SkeletonData/RawData/105_18_0_10_1_chair.txt,105,0,1,0,58,True,
sample_0385,SkeletonData/SkeletonData/RawData/105_18_0_11_1_chair.txt,105,0,1,0,59,True,
sample_0386,SkeletonData/SkeletonData/RawData/105_18_0_12_2_stand.txt,105,0,2,1,92,True,
sample_0387,SkeletonData/SkeletonData/RawData/105_18_0_1_2_stand.txt,105,0,2,1,25,True,
sample_0388,SkeletonData/SkeletonData/RawData/105_18_0_2_1_stand.txt,105,0,1,0,62,True,
sample_0389,SkeletonData/SkeletonData/RawData/105_18_0_3_1_stand.txt,105,0,1,0,73,True,
sample_0390,SkeletonData/SkeletonData/RawData/105_18_0_4_1_stand.txt,105,0,1,0,84,True,
sample_0391,SkeletonData/SkeletonData/RawData/105_18_0_5_1_stand.txt,105,0,1,0,70,True,
sample_0392,SkeletonData/SkeletonData/RawData/105_18_0_6_1_chair.txt,105,0,1,0,53,True,
sample_0393,SkeletonData/SkeletonData/RawData/105_18_0_7_1_chair.txt,105,0,1,0,53,True,
sample_0394,SkeletonData/SkeletonData/RawData/105_18_0_8_1_chair.txt,105,0,1,0,59,True,
sample_0395,SkeletonData/SkeletonData/RawData/105_18_0_9_1_chair.txt,105,0,1,0,61,True,
sample_0396,SkeletonData/SkeletonData/RawData/105_18_1_10_1_chair.txt,105,1,1,0,54,True,
sample_0397,SkeletonData/SkeletonData/RawData/105_18_1_11_1_chair.txt,105,1,1,0,52,True,
sample_0398,SkeletonData/SkeletonData/RawData/105_18_1_12_1_chair.txt,105,1,1,0,64,True,
sample_0399,SkeletonData/SkeletonData/RawData/105_18_1_1_1_stand.txt,105,1,1,0,65,True,
sample_0400,SkeletonData/SkeletonData/RawData/105_18_1_2_1_stand.txt,105,1,1,0,64,True,
sample_0401,SkeletonData/SkeletonData/RawData/105_18_1_3_1_stand.txt,105,1,1,0,62,True,
sample_0402,SkeletonData/SkeletonData/RawData/105_18_1_4_1_stand.txt,105,1,1,0,62,True,
sample_0403,SkeletonData/SkeletonData/RawData/105_18_1_5_1_stand.txt,105,1,1,0,70,True,
sample_0404,SkeletonData/SkeletonData/RawData/105_18_1_6_1_stand.txt,105,1,1,0,61,True,
sample_0405,SkeletonData/SkeletonData/RawData/105_18_1_7_1_chair.txt,105,1,1,0,60,True,
sample_0406,SkeletonData/SkeletonData/RawData/105_18_1_8_1_chair.txt,105,1,1,0,67,True,
sample_0407,SkeletonData/SkeletonData/RawData/105_18_1_9_1_chair.txt,105,1,1,0,48,True,
sample_0408,SkeletonData/SkeletonData/RawData/105_18_2_10_1_chair.txt,105,2,1,0,59,True,
sample_0409,SkeletonData/SkeletonData/RawData/105_18_2_11_1_chair.txt,105,2,1,0,51,True,
sample_0410,SkeletonData/SkeletonData/RawData/105_18_2_12_1_chair.txt,105,2,1,0,56,True,
sample_0411,SkeletonData/SkeletonData/RawData/105_18_2_1_1_stand.txt,105,2,1,0,73,True,
sample_0412,SkeletonData/SkeletonData/RawData/105_18_2_2_1_stand.txt,105,2,1,0,56,True,
sample_0413,SkeletonData/SkeletonData/RawData/105_18_2_3_1_stand.txt,105,2,1,0,67,True,
sample_0414,SkeletonData/SkeletonData/RawData/105_18_2_4_1_stand.txt,105,2,1,0,64,True,
sample_0415,SkeletonData/SkeletonData/RawData/105_18_2_5_1_stand.txt,105,2,1,0,59,True,
sample_0416,SkeletonData/SkeletonData/RawData/105_18_2_6_1_stand.txt,105,2,1,0,68,True,
sample_0417,SkeletonData/SkeletonData/RawData/105_18_2_7_1_chair.txt,105,2,1,0,54,True,
sample_0418,SkeletonData/SkeletonData/RawData/105_18_2_8_1_chair.txt,105,2,1,0,56,True,
sample_0419,SkeletonData/SkeletonData/RawData/105_18_2_9_1_chair.txt,105,2,1,0,52,True,
sample_0420,SkeletonData/SkeletonData/RawData/105_18_3_10_1_chair.txt,105,3,1,0,61,True,
sample_0421,SkeletonData/SkeletonData/RawData/105_18_3_11_1_chair.txt,105,3,1,0,60,True,
sample_0422,SkeletonData/SkeletonData/RawData/105_18_3_12_1_chair.txt,105,3,1,0,59,True,
sample_0423,SkeletonData/SkeletonData/RawData/105_18_3_13_1_chair.txt,105,3,1,0,64,True,
sample_0424,SkeletonData/SkeletonData/RawData/105_18_3_14_1_chair.txt,105,3,1,0,61,True,
sample_0425,SkeletonData/SkeletonData/RawData/105_18_3_1_1_stand.txt,105,3,1,0,71,True,
sample_0426,SkeletonData/SkeletonData/RawData/105_18_3_2_1_stand.txt,105,3,1,0,69,True,
sample_0427,SkeletonData/SkeletonData/RawData/105_18_3_3_1_stand.txt,105,3,1,0,70,True,
sample_0428,SkeletonData/SkeletonData/RawData/105_18_3_4_1_stand.txt,105,3,1,0,66,True,
sample_0429,SkeletonData/SkeletonData/RawData/105_18_3_5_1_stand.txt,105,3,1,0,72,True,
sample_0430,SkeletonData/SkeletonData/RawData/105_18_3_6_1_stand.txt,105,3,1,0,74,True,
sample_0431,SkeletonData/SkeletonData/RawData/105_18_3_7_1_stand.txt,105,3,1,0,66,True,
sample_0432,SkeletonData/SkeletonData/RawData/105_18_3_8_1_stand.txt,105,3,1,0,62,True,
sample_0433,SkeletonData/SkeletonData/RawData/105_18_3_9_1_chair.txt,105,3,1,0,53,True,
sample_0434,SkeletonData/SkeletonData/RawData/105_18_4_10_1_chair.txt,105,4,1,0,60,True,
sample_0435,SkeletonData/SkeletonData/RawData/105_18_4_11_1_chair.txt,105,4,1,0,54,True,
sample_0436,SkeletonData/SkeletonData/RawData/105_18_4_12_1_chair.txt,105,4,1,0,54,True,
sample_0437,SkeletonData/SkeletonData/RawData/105_18_4_1_1_stand.txt,105,4,1,0,54,True,
sample_0438,SkeletonData/SkeletonData/RawData/105_18_4_2_1_stand.txt,105,4,1,0,77,True,
sample_0439,SkeletonData/SkeletonData/RawData/105_18_4_3_1_stand.txt,105,4,1,0,72,True,
sample_0440,SkeletonData/SkeletonData/RawData/105_18_4_4_1_stand.txt,105,4,1,0,63,True,
sample_0441,SkeletonData/SkeletonData/RawData/105_18_4_5_1_stand.txt,105,4,1,0,70,True,
sample_0442,SkeletonData/SkeletonData/RawData/105_18_4_6_1_stand.txt,105,4,1,0,65,True,
sample_0443,SkeletonData/SkeletonData/RawData/105_18_4_7_1_chair.txt,105,4,1,0,71,True,
sample_0444,SkeletonData/SkeletonData/RawData/105_18_4_8_1_chair.txt,105,4,1,0,53,True,
sample_0445,SkeletonData/SkeletonData/RawData/105_18_4_9_1_chair.txt,105,4,1,0,59,True,
sample_0446,SkeletonData/SkeletonData/RawData/105_18_5_10_1_chair.txt,105,5,1,0,64,True,
sample_0447,SkeletonData/SkeletonData/RawData/105_18_5_11_1_chair.txt,105,5,1,0,61,True,
sample_0448,SkeletonData/SkeletonData/RawData/105_18_5_12_1_chair.txt,105,5,1,0,63,True,
sample_0449,SkeletonData/SkeletonData/RawData/105_18_5_1_1_stand.txt,105,5,1,0,54,True,
sample_0450,SkeletonData/SkeletonData/RawData/105_18_5_2_1_stand.txt,105,5,1,0,67,True,
sample_0451,SkeletonData/SkeletonData/RawData/105_18_5_3_1_stand.txt,105,5,1,0,69,True,
sample_0452,SkeletonData/SkeletonData/RawData/105_18_5_4_1_stand.txt,105,5,1,0,66,True,
sample_0453,SkeletonData/SkeletonData/RawData/105_18_5_5_1_stand.txt,105,5,1,0,65,True,
sample_0454,SkeletonData/SkeletonData/RawData/105_18_5_6_1_stand.txt,105,5,1,0,59,True,
sample_0455,SkeletonData/SkeletonData/RawData/105_18_5_7_1_chair.txt,105,5,1,0,58,True,
sample_0456,SkeletonData/SkeletonData/RawData/105_18_5_8_1_chair.txt,105,5,1,0,62,True,
sample_0457,SkeletonData/SkeletonData/RawData/105_18_5_9_1_chair.txt,105,5,1,0,58,True,
sample_0458,SkeletonData/SkeletonData/RawData/105_18_6_10_1_chair.txt,105,6,1,0,53,True,
sample_0459,SkeletonData/SkeletonData/RawData/105_18_6_11_1_chair.txt,105,6,1,0,55,True,
sample_0460,SkeletonData/SkeletonData/RawData/105_18_6_12_1_chair.txt,105,6,1,0,58,True,
sample_0461,SkeletonData/SkeletonData/RawData/105_18_6_13_1_chair.txt,105,6,1,0,59,True,
sample_0462,SkeletonData/SkeletonData/RawData/105_18_6_14_1_chair.txt,105,6,1,0,58,True,
sample_0463,SkeletonData/SkeletonData/RawData/105_18_6_15_1_chair.txt,105,6,1,0,56,True,
sample_0464,SkeletonData/SkeletonData/RawData/105_18_6_16_1_chair.txt,105,6,1,0,40,True,
sample_0465,SkeletonData/SkeletonData/RawData/105_18_6_1_1_stand.txt,105,6,1,0,115,True,
sample_0466,SkeletonData/SkeletonData/RawData/105_18_6_2_1_stand.txt,105,6,1,0,100,True,
sample_0467,SkeletonData/SkeletonData/RawData/105_18_6_3_1_stand.txt,105,6,1,0,87,True,
sample_0468,SkeletonData/SkeletonData/RawData/105_18_6_4_1_stand.txt,105,6,1,0,114,True,
sample_0469,SkeletonData/SkeletonData/RawData/105_18_6_5_1_stand.txt,105,6,1,0,80,True,
sample_0470,SkeletonData/SkeletonData/RawData/105_18_6_6_1_stand.txt,105,6,1,0,92,True,
sample_0471,SkeletonData/SkeletonData/RawData/105_18_6_7_1_stand.txt,105,6,1,0,83,True,
sample_0472,SkeletonData/SkeletonData/RawData/105_18_6_8_1_stand.txt,105,6,1,0,82,True,
sample_0473,SkeletonData/SkeletonData/RawData/105_18_6_9_1_stand.txt,105,6,1,0,73,True,
sample_0474,SkeletonData/SkeletonData/RawData/105_18_7_10_1_chair.txt,105,7,1,0,50,True,
sample_0475,SkeletonData/SkeletonData/RawData/105_18_7_11_1_chair.txt,105,7,1,0,48,True,
sample_0476,SkeletonData/SkeletonData/RawData/105_18_7_12_1_chair.txt,105,7,1,0,54,True,
sample_0477,SkeletonData/SkeletonData/RawData/105_18_7_13_1_chair.txt,105,7,1,0,44,True,
sample_0478,SkeletonData/SkeletonData/RawData/105_18_7_1_1_stand.txt,105,7,1,0,63,True,
sample_0479,SkeletonData/SkeletonData/RawData/105_18_7_2_1_stand.txt,105,7,1,0,49,True,
sample_0480,SkeletonData/SkeletonData/RawData/105_18_7_3_1_stand.txt,105,7,1,0,54,True,
sample_0481,SkeletonData/SkeletonData/RawData/105_18_7_4_1_stand.txt,105,7,1,0,62,True,
sample_0482,SkeletonData/SkeletonData/RawData/105_18_7_5_1_stand.txt,105,7,1,0,57,True,
sample_0483,SkeletonData/SkeletonData/RawData/105_18_7_6_1_stand.txt,105,7,1,0,43,True,
sample_0484,SkeletonData/SkeletonData/RawData/105_18_7_7_1_chair.txt,105,7,1,0,49,True,
sample_0485,SkeletonData/SkeletonData/RawData/105_18_7_8_1_chair.txt,105,7,1,0,47,True,
sample_0486,SkeletonData/SkeletonData/RawData/105_18_7_9_1_chair.txt,105,7,1,0,54,True,
sample_0487,SkeletonData/SkeletonData/RawData/105_18_8_10_1_chair.txt,105,8,1,0,45,True,
sample_0488,SkeletonData/SkeletonData/RawData/105_18_8_11_1_chair.txt,105,8,1,0,54,True,
sample_0489,SkeletonData/SkeletonData/RawData/105_18_8_12_1_chair.txt,105,8,1,0,53,True,
sample_0490,SkeletonData/SkeletonData/RawData/105_18_8_1_1_stand.txt,105,8,1,0,43,True,
sample_0491,SkeletonData/SkeletonData/RawData/105_18_8_2_1_stand.txt,105,8,1,0,44,True,
sample_0492,SkeletonData/SkeletonData/RawData/105_18_8_3_1_stand.txt,105,8,1,0,46,True,
sample_0493,SkeletonData/SkeletonData/RawData/105_18_8_4_1_stand.txt,105,8,1,0,44,True,
sample_0494,SkeletonData/SkeletonData/RawData/105_18_8_5_1_stand.txt,105,8,1,0,60,True,
sample_0495,SkeletonData/SkeletonData/RawData/105_18_8_6_1_stand.txt,105,8,1,0,50,True,
sample_0496,SkeletonData/SkeletonData/RawData/105_18_8_7_1_chair.txt,105,8,1,0,45,True,
sample_0497,SkeletonData/SkeletonData/RawData/105_18_8_8_1_chair.txt,105,8,1,0,42,True,
sample_0498,SkeletonData/SkeletonData/RawData/105_18_8_9_1_chair.txt,105,8,1,0,49,True,
sample_0499,SkeletonData/SkeletonData/RawData/106_18_0_10_1_chair.txt,106,0,1,0,47,True,
sample_0500,SkeletonData/SkeletonData/RawData/106_18_0_11_1_chair.txt,106,0,1,0,47,True,
sample_0501,SkeletonData/SkeletonData/RawData/106_18_0_1_1_stand.txt,106,0,1,0,37,True,
sample_0502,SkeletonData/SkeletonData/RawData/106_18_0_2_1_stand.txt,106,0,1,0,28,True,
sample_0503,SkeletonData/SkeletonData/RawData/106_18_0_3_1_stand.txt,106,0,1,0,38,True,
sample_0504,SkeletonData/SkeletonData/RawData/106_18_0_4_1_stand.txt,106,0,1,0,49,True,
sample_0505,SkeletonData/SkeletonData/RawData/106_18_0_5_1_stand.txt,106,0,1,0,42,True,
sample_0506,SkeletonData/SkeletonData/RawData/106_18_0_6_1_chair.txt,106,0,1,0,47,True,
sample_0507,SkeletonData/SkeletonData/RawData/106_18_0_7_1_chair.txt,106,0,1,0,52,True,
sample_0508,SkeletonData/SkeletonData/RawData/106_18_0_8_1_chair.txt,106,0,1,0,51,True,
sample_0509,SkeletonData/SkeletonData/RawData/106_18_0_9_1_chair.txt,106,0,1,0,46,True,
sample_0510,SkeletonData/SkeletonData/RawData/106_18_1_10_1_chair.txt,106,1,1,0,54,True,
sample_0511,SkeletonData/SkeletonData/RawData/106_18_1_11_1_chair.txt,106,1,1,0,52,True,
sample_0512,SkeletonData/SkeletonData/RawData/106_18_1_12_1_chair.txt,106,1,1,0,52,True,
sample_0513,SkeletonData/SkeletonData/RawData/106_18_1_1_1_stand.txt,106,1,1,0,32,True,
sample_0514,SkeletonData/SkeletonData/RawData/106_18_1_2_1_stand.txt,106,1,1,0,40,True,
sample_0515,SkeletonData/SkeletonData/RawData/106_18_1_3_1_stand.txt,106,1,1,0,43,True,
sample_0516,SkeletonData/SkeletonData/RawData/106_18_1_4_1_stand.txt,106,1,1,0,49,True,
sample_0517,SkeletonData/SkeletonData/RawData/106_18_1_5_1_stand.txt,106,1,1,0,46,True,
sample_0518,SkeletonData/SkeletonData/RawData/106_18_1_6_1_stand.txt,106,1,1,0,43,True,
sample_0519,SkeletonData/SkeletonData/RawData/106_18_1_7_1_chair.txt,106,1,1,0,53,True,
sample_0520,SkeletonData/SkeletonData/RawData/106_18_1_8_1_chair.txt,106,1,1,0,45,True,
sample_0521,SkeletonData/SkeletonData/RawData/106_18_1_9_1_chair.txt,106,1,1,0,46,True,
sample_0522,SkeletonData/SkeletonData/RawData/106_18_2_10_1_chair.txt,106,2,1,0,65,True,
sample_0523,SkeletonData/SkeletonData/RawData/106_18_2_11_1_chair.txt,106,2,1,0,65,True,
sample_0524,SkeletonData/SkeletonData/RawData/106_18_2_12_1_chair.txt,106,2,1,0,61,True,
sample_0525,SkeletonData/SkeletonData/RawData/106_18_2_1_1_stand.txt,106,2,1,0,63,True,
sample_0526,SkeletonData/SkeletonData/RawData/106_18_2_2_1_stand.txt,106,2,1,0,56,True,
sample_0527,SkeletonData/SkeletonData/RawData/106_18_2_3_1_stand.txt,106,2,1,0,56,True,
sample_0528,SkeletonData/SkeletonData/RawData/106_18_2_4_1_stand.txt,106,2,1,0,60,True,
sample_0529,SkeletonData/SkeletonData/RawData/106_18_2_5_1_stand.txt,106,2,1,0,60,True,
sample_0530,SkeletonData/SkeletonData/RawData/106_18_2_6_1_stand.txt,106,2,1,0,61,True,
sample_0531,SkeletonData/SkeletonData/RawData/106_18_2_7_1_chair.txt,106,2,1,0,50,True,
sample_0532,SkeletonData/SkeletonData/RawData/106_18_2_8_1_chair.txt,106,2,1,0,60,True,
sample_0533,SkeletonData/SkeletonData/RawData/106_18_2_9_1_chair.txt,106,2,1,0,57,True,
sample_0534,SkeletonData/SkeletonData/RawData/106_18_3_10_1_chair.txt,106,3,1,0,59,True,
sample_0535,SkeletonData/SkeletonData/RawData/106_18_3_11_1_chair.txt,106,3,1,0,57,True,
sample_0536,SkeletonData/SkeletonData/RawData/106_18_3_12_1_chair.txt,106,3,1,0,64,True,
sample_0537,SkeletonData/SkeletonData/RawData/106_18_3_1_1_stand.txt,106,3,1,0,56,True,
sample_0538,SkeletonData/SkeletonData/RawData/106_18_3_2_1_stand.txt,106,3,1,0,58,True,
sample_0539,SkeletonData/SkeletonData/RawData/106_18_3_3_1_stand.txt,106,3,1,0,57,True,
sample_0540,SkeletonData/SkeletonData/RawData/106_18_3_4_1_stand.txt,106,3,1,0,59,True,
sample_0541,SkeletonData/SkeletonData/RawData/106_18_3_5_1_stand.txt,106,3,1,0,57,True,
sample_0542,SkeletonData/SkeletonData/RawData/106_18_3_6_1_stand.txt,106,3,1,0,55,True,
sample_0543,SkeletonData/SkeletonData/RawData/106_18_3_7_1_chair.txt,106,3,1,0,56,True,
sample_0544,SkeletonData/SkeletonData/RawData/106_18_3_8_1_chair.txt,106,3,1,0,64,True,
sample_0545,SkeletonData/SkeletonData/RawData/106_18_3_9_1_chair.txt,106,3,1,0,60,True,
sample_0546,SkeletonData/SkeletonData/RawData/106_18_4_10_1_chair.txt,106,4,1,0,58,True,
sample_0547,SkeletonData/SkeletonData/RawData/106_18_4_11_1_chair.txt,106,4,1,0,63,True,
sample_0548,SkeletonData/SkeletonData/RawData/106_18_4_12_1_chair.txt,106,4,1,0,57,True,
sample_0549,SkeletonData/SkeletonData/RawData/106_18_4_1_1_stand.txt,106,4,1,0,94,True,
sample_0550,SkeletonData/SkeletonData/RawData/106_18_4_2_1_stand.txt,106,4,1,0,64,True,
sample_0551,SkeletonData/SkeletonData/RawData/106_18_4_3_1_stand.txt,106,4,1,0,61,True,
sample_0552,SkeletonData/SkeletonData/RawData/106_18_4_4_1_stand.txt,106,4,1,0,56,True,
sample_0553,SkeletonData/SkeletonData/RawData/106_18_4_5_1_stand.txt,106,4,1,0,58,True,
sample_0554,SkeletonData/SkeletonData/RawData/106_18_4_6_1_stand.txt,106,4,1,0,54,True,
sample_0555,SkeletonData/SkeletonData/RawData/106_18_4_7_1_chair.txt,106,4,1,0,71,True,
sample_0556,SkeletonData/SkeletonData/RawData/106_18_4_8_1_chair.txt,106,4,1,0,62,True,
sample_0557,SkeletonData/SkeletonData/RawData/106_18_4_9_1_chair.txt,106,4,1,0,64,True,
sample_0558,SkeletonData/SkeletonData/RawData/106_18_5_10_1_chair.txt,106,5,1,0,64,True,
sample_0559,SkeletonData/SkeletonData/RawData/106_18_5_11_1_chair.txt,106,5,1,0,53,True,
sample_0560,SkeletonData/SkeletonData/RawData/106_18_5_12_1_chair.txt,106,5,1,0,61,True,
sample_0561,SkeletonData/SkeletonData/RawData/106_18_5_1_1_stand.txt,106,5,1,0,54,True,
sample_0562,SkeletonData/SkeletonData/RawData/106_18_5_2_1_stand.txt,106,5,1,0,63,True,
sample_0563,SkeletonData/SkeletonData/RawData/106_18_5_3_1_stand.txt,106,5,1,0,56,True,
sample_0564,SkeletonData/SkeletonData/RawData/106_18_5_4_1_stand.txt,106,5,1,0,51,True,
sample_0565,SkeletonData/SkeletonData/RawData/106_18_5_5_1_stand.txt,106,5,1,0,56,True,
sample_0566,SkeletonData/SkeletonData/RawData/106_18_5_6_1_stand.txt,106,5,1,0,49,True,
sample_0567,SkeletonData/SkeletonData/RawData/106_18_5_7_1_chair.txt,106,5,1,0,62,True,
sample_0568,SkeletonData/SkeletonData/RawData/106_18_5_8_1_chair.txt,106,5,1,0,66,True,
sample_0569,SkeletonData/SkeletonData/RawData/106_18_5_9_1_chair.txt,106,5,1,0,59,True,
sample_0570,SkeletonData/SkeletonData/RawData/106_18_6_10_1_chair.txt,106,6,1,0,66,True,
sample_0571,SkeletonData/SkeletonData/RawData/106_18_6_11_1_chair.txt,106,6,1,0,65,True,
sample_0572,SkeletonData/SkeletonData/RawData/106_18_6_12_1_chair.txt,106,6,1,0,47,True,
sample_0573,SkeletonData/SkeletonData/RawData/106_18_6_1_1_stand.txt,106,6,1,0,65,True,
sample_0574,SkeletonData/SkeletonData/RawData/106_18_6_2_1_stand.txt,106,6,1,0,72,True,
sample_0575,SkeletonData/SkeletonData/RawData/106_18_6_3_1_stand.txt,106,6,1,0,72,True,
sample_0576,SkeletonData/SkeletonData/RawData/106_18_6_4_1_stand.txt,106,6,1,0,88,True,
sample_0577,SkeletonData/SkeletonData/RawData/106_18_6_5_1_stand.txt,106,6,1,0,88,True,
sample_0578,SkeletonData/SkeletonData/RawData/106_18_6_6_1_stand.txt,106,6,1,0,79,True,
sample_0579,SkeletonData/SkeletonData/RawData/106_18_6_7_1_chair.txt,106,6,1,0,61,True,
sample_0580,SkeletonData/SkeletonData/RawData/106_18_6_8_1_chair.txt,106,6,1,0,66,True,
sample_0581,SkeletonData/SkeletonData/RawData/106_18_6_9_1_chair.txt,106,6,1,0,64,True,
sample_0582,SkeletonData/SkeletonData/RawData/106_18_7_10_1_chair.txt,106,7,1,0,49,True,
sample_0583,SkeletonData/SkeletonData/RawData/106_18_7_11_1_chair.txt,106,7,1,0,53,True,
sample_0584,SkeletonData/SkeletonData/RawData/106_18_7_12_1_chair.txt,106,7,1,0,60,True,
sample_0585,SkeletonData/SkeletonData/RawData/106_18_7_1_1_stand.txt,106,7,1,0,49,True,
sample_0586,SkeletonData/SkeletonData/RawData/106_18_7_2_1_stand.txt,106,7,1,0,50,True,
sample_0587,SkeletonData/SkeletonData/RawData/106_18_7_3_1_stand.txt,106,7,1,0,53,True,
sample_0588,SkeletonData/SkeletonData/RawData/106_18_7_4_1_stand.txt,106,7,1,0,60,True,
sample_0589,SkeletonData/SkeletonData/RawData/106_18_7_5_1_stand.txt,106,7,1,0,66,True,
sample_0590,SkeletonData/SkeletonData/RawData/106_18_7_6_1_stand.txt,106,7,1,0,57,True,
sample_0591,SkeletonData/SkeletonData/RawData/106_18_7_7_1_chair.txt,106,7,1,0,52,True,
sample_0592,SkeletonData/SkeletonData/RawData/106_18_7_8_1_chair.txt,106,7,1,0,64,True,
sample_0593,SkeletonData/SkeletonData/RawData/106_18_7_9_1_chair.txt,106,7,1,0,63,True,
sample_0594,SkeletonData/SkeletonData/RawData/106_18_8_10_1_chair.txt,106,8,1,0,62,True,
sample_0595,SkeletonData/SkeletonData/RawData/106_18_8_11_1_chair.txt,106,8,1,0,51,True,
sample_0596,SkeletonData/SkeletonData/RawData/106_18_8_12_1_chair.txt,106,8,1,0,62,True,
sample_0597,SkeletonData/SkeletonData/RawData/106_18_8_1_1_stand.txt,106,8,1,0,55,True,
sample_0598,SkeletonData/SkeletonData/RawData/106_18_8_2_1_stand.txt,106,8,1,0,59,True,
sample_0599,SkeletonData/SkeletonData/RawData/106_18_8_3_1_stand.txt,106,8,1,0,72,True,
sample_0600,SkeletonData/SkeletonData/RawData/106_18_8_4_1_stand.txt,106,8,1,0,65,True,
sample_0601,SkeletonData/SkeletonData/RawData/106_18_8_5_1_stand.txt,106,8,1,0,61,True,
sample_0602,SkeletonData/SkeletonData/RawData/106_18_8_6_1_stand.txt,106,8,1,0,61,True,
sample_0603,SkeletonData/SkeletonData/RawData/106_18_8_7_1_chair.txt,106,8,1,0,66,True,
sample_0604,SkeletonData/SkeletonData/RawData/106_18_8_8_1_chair.txt,106,8,1,0,55,True,
sample_0605,SkeletonData/SkeletonData/RawData/106_18_8_9_1_chair.txt,106,8,1,0,66,True,
sample_0606,SkeletonData/SkeletonData/RawData/107_18_0_10_1_chair.txt,107,0,1,0,59,True,
sample_0607,SkeletonData/SkeletonData/RawData/107_18_0_11_1_chair.txt,107,0,1,0,55,True,
sample_0608,SkeletonData/SkeletonData/RawData/107_18_0_12_1_chair.txt,107,0,1,0,56,True,
sample_0609,SkeletonData/SkeletonData/RawData/107_18_0_1_1_stand.txt,107,0,1,0,89,True,
sample_0610,SkeletonData/SkeletonData/RawData/107_18_0_2_1_stand.txt,107,0,1,0,46,True,
sample_0611,SkeletonData/SkeletonData/RawData/107_18_0_3_1_stand.txt,107,0,1,0,47,True,
sample_0612,SkeletonData/SkeletonData/RawData/107_18_0_4_1_stand.txt,107,0,1,0,47,True,
sample_0613,SkeletonData/SkeletonData/RawData/107_18_0_5_1_stand.txt,107,0,1,0,44,True,
sample_0614,SkeletonData/SkeletonData/RawData/107_18_0_6_1_stand.txt,107,0,1,0,44,True,
sample_0615,SkeletonData/SkeletonData/RawData/107_18_0_7_1_chair.txt,107,0,1,0,56,True,
sample_0616,SkeletonData/SkeletonData/RawData/107_18_0_8_1_chair.txt,107,0,1,0,48,True,
sample_0617,SkeletonData/SkeletonData/RawData/107_18_0_9_1_chair.txt,107,0,1,0,44,True,
sample_0618,SkeletonData/SkeletonData/RawData/107_18_1_10_1_chair.txt,107,1,1,0,51,True,
sample_0619,SkeletonData/SkeletonData/RawData/107_18_1_11_1_chair.txt,107,1,1,0,51,True,
sample_0620,SkeletonData/SkeletonData/RawData/107_18_1_12_1_chair.txt,107,1,1,0,49,True,
sample_0621,SkeletonData/SkeletonData/RawData/107_18_1_1_1_stand.txt,107,1,1,0,35,True,
sample_0622,SkeletonData/SkeletonData/RawData/107_18_1_2_1_stand.txt,107,1,1,0,50,True,
sample_0623,SkeletonData/SkeletonData/RawData/107_18_1_3_1_stand.txt,107,1,1,0,45,True,
sample_0624,SkeletonData/SkeletonData/RawData/107_18_1_4_1_stand.txt,107,1,1,0,44,True,
sample_0625,SkeletonData/SkeletonData/RawData/107_18_1_5_1_stand.txt,107,1,1,0,47,True,
sample_0626,SkeletonData/SkeletonData/RawData/107_18_1_6_1_stand.txt,107,1,1,0,45,True,
sample_0627,SkeletonData/SkeletonData/RawData/107_18_1_7_1_chair.txt,107,1,1,0,52,True,
sample_0628,SkeletonData/SkeletonData/RawData/107_18_1_8_1_chair.txt,107,1,1,0,57,True,
sample_0629,SkeletonData/SkeletonData/RawData/107_18_1_9_1_chair.txt,107,1,1,0,48,True,
sample_0630,SkeletonData/SkeletonData/RawData/107_18_2_10_1_chair.txt,107,2,1,0,60,True,
sample_0631,SkeletonData/SkeletonData/RawData/107_18_2_11_1_chair.txt,107,2,1,0,47,True,
sample_0632,SkeletonData/SkeletonData/RawData/107_18_2_12_1_chair.txt,107,2,1,0,59,True,
sample_0633,SkeletonData/SkeletonData/RawData/107_18_2_1_1_stand.txt,107,2,1,0,55,True,
sample_0634,SkeletonData/SkeletonData/RawData/107_18_2_2_1_stand.txt,107,2,1,0,52,True,
sample_0635,SkeletonData/SkeletonData/RawData/107_18_2_3_1_stand.txt,107,2,1,0,47,True,
sample_0636,SkeletonData/SkeletonData/RawData/107_18_2_4_1_stand.txt,107,2,1,0,55,True,
sample_0637,SkeletonData/SkeletonData/RawData/107_18_2_5_1_stand.txt,107,2,1,0,57,True,
sample_0638,SkeletonData/SkeletonData/RawData/107_18_2_6_1_stand.txt,107,2,1,0,55,True,
sample_0639,SkeletonData/SkeletonData/RawData/107_18_2_7_1_chair.txt,107,2,1,0,58,True,
sample_0640,SkeletonData/SkeletonData/RawData/107_18_2_8_1_chair.txt,107,2,1,0,51,True,
sample_0641,SkeletonData/SkeletonData/RawData/107_18_2_9_1_chair.txt,107,2,1,0,59,True,
sample_0642,SkeletonData/SkeletonData/RawData/107_18_3_10_1_chair.txt,107,3,1,0,49,True,
sample_0643,SkeletonData/SkeletonData/RawData/107_18_3_11_1_chair.txt,107,3,1,0,55,True,
sample_0644,SkeletonData/SkeletonData/RawData/107_18_3_12_1_chair.txt,107,3,1,0,52,True,
sample_0645,SkeletonData/SkeletonData/RawData/107_18_3_1_1_stand.txt,107,3,1,0,57,True,
sample_0646,SkeletonData/SkeletonData/RawData/107_18_3_2_1_stand.txt,107,3,1,0,56,True,
sample_0647,SkeletonData/SkeletonData/RawData/107_18_3_3_1_stand.txt,107,3,1,0,54,True,
sample_0648,SkeletonData/SkeletonData/RawData/107_18_3_4_1_stand.txt,107,3,1,0,54,True,
sample_0649,SkeletonData/SkeletonData/RawData/107_18_3_5_1_stand.txt,107,3,1,0,54,True,
sample_0650,SkeletonData/SkeletonData/RawData/107_18_3_6_1_stand.txt,107,3,1,0,58,True,
sample_0651,SkeletonData/SkeletonData/RawData/107_18_3_7_1_chair.txt,107,3,1,0,47,True,
sample_0652,SkeletonData/SkeletonData/RawData/107_18_3_8_1_chair.txt,107,3,1,0,51,True,
sample_0653,SkeletonData/SkeletonData/RawData/107_18_3_9_1_chair.txt,107,3,1,0,52,True,
sample_0654,SkeletonData/SkeletonData/RawData/107_18_4_10_1_chair.txt,107,4,1,0,52,True,
sample_0655,SkeletonData/SkeletonData/RawData/107_18_4_11_1_chair.txt,107,4,1,0,53,True,
sample_0656,SkeletonData/SkeletonData/RawData/107_18_4_12_1_chair.txt,107,4,1,0,52,True,
sample_0657,SkeletonData/SkeletonData/RawData/107_18_4_1_1_stand.txt,107,4,1,0,92,True,
sample_0658,SkeletonData/SkeletonData/RawData/107_18_4_2_1_stand.txt,107,4,1,0,72,True,
sample_0659,SkeletonData/SkeletonData/RawData/107_18_4_3_1_stand.txt,107,4,1,0,64,True,
sample_0660,SkeletonData/SkeletonData/RawData/107_18_4_4_1_stand.txt,107,4,1,0,58,True,
sample_0661,SkeletonData/SkeletonData/RawData/107_18_4_5_1_stand.txt,107,4,1,0,56,True,
sample_0662,SkeletonData/SkeletonData/RawData/107_18_4_6_1_stand.txt,107,4,1,0,56,True,
sample_0663,SkeletonData/SkeletonData/RawData/107_18_4_7_1_chair.txt,107,4,1,0,64,True,
sample_0664,SkeletonData/SkeletonData/RawData/107_18_4_8_1_chair.txt,107,4,1,0,60,True,
sample_0665,SkeletonData/SkeletonData/RawData/107_18_4_9_1_chair.txt,107,4,1,0,60,True,
sample_0666,SkeletonData/SkeletonData/RawData/107_18_5_10_1_chair.txt,107,5,1,0,57,True,
sample_0667,SkeletonData/SkeletonData/RawData/107_18_5_11_1_chair.txt,107,5,1,0,55,True,
sample_0668,SkeletonData/SkeletonData/RawData/107_18_5_12_1_chair.txt,107,5,1,0,55,True,
sample_0669,SkeletonData/SkeletonData/RawData/107_18_5_1_1_stand.txt,107,5,1,0,59,True,
sample_0670,SkeletonData/SkeletonData/RawData/107_18_5_2_1_stand.txt,107,5,1,0,56,True,
sample_0671,SkeletonData/SkeletonData/RawData/107_18_5_3_1_stand.txt,107,5,1,0,55,True,
sample_0672,SkeletonData/SkeletonData/RawData/107_18_5_4_1_stand.txt,107,5,1,0,48,True,
sample_0673,SkeletonData/SkeletonData/RawData/107_18_5_5_1_stand.txt,107,5,1,0,58,True,
sample_0674,SkeletonData/SkeletonData/RawData/107_18_5_6_1_stand.txt,107,5,1,0,55,True,
sample_0675,SkeletonData/SkeletonData/RawData/107_18_5_7_1_chair.txt,107,5,1,0,55,True,
sample_0676,SkeletonData/SkeletonData/RawData/107_18_5_8_1_chair.txt,107,5,1,0,58,True,
sample_0677,SkeletonData/SkeletonData/RawData/107_18_5_9_1_chair.txt,107,5,1,0,55,True,
sample_0678,SkeletonData/SkeletonData/RawData/107_18_6_10_1_chair.txt,107,6,1,0,51,True,
sample_0679,SkeletonData/SkeletonData/RawData/107_18_6_11_1_chair.txt,107,6,1,0,49,True,
sample_0680,SkeletonData/SkeletonData/RawData/107_18_6_12_1_chair.txt,107,6,1,0,52,True,
sample_0681,SkeletonData/SkeletonData/RawData/107_18_6_1_1_stand.txt,107,6,1,0,72,True,
sample_0682,SkeletonData/SkeletonData/RawData/107_18_6_2_1_stand.txt,107,6,1,0,56,True,
sample_0683,SkeletonData/SkeletonData/RawData/107_18_6_3_1_stand.txt,107,6,1,0,67,True,
sample_0684,SkeletonData/SkeletonData/RawData/107_18_6_4_1_stand.txt,107,6,1,0,61,True,
sample_0685,SkeletonData/SkeletonData/RawData/107_18_6_5_1_stand.txt,107,6,1,0,62,True,
sample_0686,SkeletonData/SkeletonData/RawData/107_18_6_6_1_stand.txt,107,6,1,0,58,True,
sample_0687,SkeletonData/SkeletonData/RawData/107_18_6_7_1_chair.txt,107,6,1,0,54,True,
sample_0688,SkeletonData/SkeletonData/RawData/107_18_6_8_1_chair.txt,107,6,1,0,54,True,
sample_0689,SkeletonData/SkeletonData/RawData/107_18_6_9_1_chair.txt,107,6,1,0,51,True,
sample_0690,SkeletonData/SkeletonData/RawData/107_18_7_10_1_chair.txt,107,7,1,0,51,True,
sample_0691,SkeletonData/SkeletonData/RawData/107_18_7_11_1_chair.txt,107,7,1,0,49,True,
sample_0692,SkeletonData/SkeletonData/RawData/107_18_7_12_1_chair.txt,107,7,1,0,47,True,
sample_0693,SkeletonData/SkeletonData/RawData/107_18_7_1_1_stand.txt,107,7,1,0,61,True,
sample_0694,SkeletonData/SkeletonData/RawData/107_18_7_2_1_stand.txt,107,7,1,0,59,True,
sample_0695,SkeletonData/SkeletonData/RawData/107_18_7_3_1_stand.txt,107,7,1,0,58,True,
sample_0696,SkeletonData/SkeletonData/RawData/107_18_7_4_1_stand.txt,107,7,1,0,51,True,
sample_0697,SkeletonData/SkeletonData/RawData/107_18_7_5_1_stand.txt,107,7,1,0,50,True,
sample_0698,SkeletonData/SkeletonData/RawData/107_18_7_6_1_stand.txt,107,7,1,0,48,True,
sample_0699,SkeletonData/SkeletonData/RawData/107_18_7_7_1_chair.txt,107,7,1,0,49,True,
sample_0700,SkeletonData/SkeletonData/RawData/107_18_7_8_1_chair.txt,107,7,1,0,53,True,
sample_0701,SkeletonData/SkeletonData/RawData/107_18_7_9_1_chair.txt,107,7,1,0,46,True,
sample_0702,SkeletonData/SkeletonData/RawData/107_18_8_10_1_chair.txt,107,8,1,0,48,True,
sample_0703,SkeletonData/SkeletonData/RawData/107_18_8_11_1_chair.txt,107,8,1,0,50,True,
sample_0704,SkeletonData/SkeletonData/RawData/107_18_8_12_1_chair.txt,107,8,1,0,45,True,
sample_0705,SkeletonData/SkeletonData/RawData/107_18_8_13_1_chair.txt,107,8,1,0,42,True,
sample_0706,SkeletonData/SkeletonData/RawData/107_18_8_1_1_stand.txt,107,8,1,0,127,True,
sample_0707,SkeletonData/SkeletonData/RawData/107_18_8_2_1_stand.txt,107,8,1,0,48,True,
sample_0708,SkeletonData/SkeletonData/RawData/107_18_8_3_1_stand.txt,107,8,1,0,46,True,
sample_0709,SkeletonData/SkeletonData/RawData/107_18_8_4_1_stand.txt,107,8,1,0,49,True,
sample_0710,SkeletonData/SkeletonData/RawData/107_18_8_5_1_stand.txt,107,8,1,0,50,True,
sample_0711,SkeletonData/SkeletonData/RawData/107_18_8_6_1_stand.txt,107,8,1,0,50,True,
sample_0712,SkeletonData/SkeletonData/RawData/107_18_8_7_1_stand.txt,107,8,1,0,30,True,
sample_0713,SkeletonData/SkeletonData/RawData/107_18_8_8_1_chair.txt,107,8,1,0,50,True,
sample_0714,SkeletonData/SkeletonData/RawData/107_18_8_9_1_chair.txt,107,8,1,0,50,True,
sample_0715,SkeletonData/SkeletonData/RawData/201_18_0_10_2_wheelchair.txt,201,0,2,1,35,True,
sample_0716,SkeletonData/SkeletonData/RawData/201_18_0_11_2_wheelchair.txt,201,0,2,1,47,True,
sample_0717,SkeletonData/SkeletonData/RawData/201_18_0_12_2_wheelchair.txt,201,0,2,1,42,True,
sample_0718,SkeletonData/SkeletonData/RawData/201_18_0_13_2_wheelchair.txt,201,0,2,1,51,True,
sample_0719,SkeletonData/SkeletonData/RawData/201_18_0_1_1_wheelchair.txt,201,0,1,0,100,True,
sample_0720,SkeletonData/SkeletonData/RawData/201_18_0_2_1_wheelchair.txt,201,0,1,0,76,True,
sample_0721,SkeletonData/SkeletonData/RawData/201_18_0_3_1_wheelchair.txt,201,0,1,0,77,True,
sample_0722,SkeletonData/SkeletonData/RawData/201_18_0_4_1_wheelchair.txt,201,0,1,0,85,True,
sample_0723,SkeletonData/SkeletonData/RawData/201_18_0_5_1_wheelchair.txt,201,0,1,0,42,True,
sample_0724,SkeletonData/SkeletonData/RawData/201_18_0_6_1_wheelchair.txt,201,0,1,0,49,True,
sample_0725,SkeletonData/SkeletonData/RawData/201_18_0_7_1_wheelchair.txt,201,0,1,0,95,True,
sample_0726,SkeletonData/SkeletonData/RawData/201_18_0_8_1_wheelchair.txt,201,0,1,0,99,True,
sample_0727,SkeletonData/SkeletonData/RawData/201_18_0_9_2_wheelchair.txt,201,0,2,1,51,True,
sample_0728,SkeletonData/SkeletonData/RawData/201_18_1_10_2_wheelchair.txt,201,1,2,1,69,True,
sample_0729,SkeletonData/SkeletonData/RawData/201_18_1_11_1_wheelchair.txt,201,1,1,0,52,True,
sample_0730,SkeletonData/SkeletonData/RawData/201_18_1_12_1_wheelchair.txt,201,1,1,0,47,True,
sample_0731,SkeletonData/SkeletonData/RawData/201_18_1_13_1_wheelchair.txt,201,1,1,0,59,True,
sample_0732,SkeletonData/SkeletonData/RawData/201_18_1_14_1_wheelchair.txt,201,1,1,0,45,True,
sample_0733,SkeletonData/SkeletonData/RawData/201_18_1_15_1_wheelchair.txt,201,1,1,0,42,True,
sample_0734,SkeletonData/SkeletonData/RawData/201_18_1_16_1_wheelchair.txt,201,1,1,0,45,True,
sample_0735,SkeletonData/SkeletonData/RawData/201_18_1_1_2_wheelchair.txt,201,1,2,1,29,True,
sample_0736,SkeletonData/SkeletonData/RawData/201_18_1_2_2_wheelchair.txt,201,1,2,1,55,True,
sample_0737,SkeletonData/SkeletonData/RawData/201_18_1_3_2_wheelchair.txt,201,1,2,1,112,True,
sample_0738,SkeletonData/SkeletonData/RawData/201_18_1_4_2_wheelchair.txt,201,1,2,1,24,True,
sample_0739,SkeletonData/SkeletonData/RawData/201_18_1_5_2_wheelchair.txt,201,1,2,1,147,True,
sample_0740,SkeletonData/SkeletonData/RawData/201_18_1_6_2_wheelchair.txt,201,1,2,1,93,True,
sample_0741,SkeletonData/SkeletonData/RawData/201_18_1_7_2_wheelchair.txt,201,1,2,1,61,True,
sample_0742,SkeletonData/SkeletonData/RawData/201_18_1_8_2_wheelchair.txt,201,1,2,1,20,True,
sample_0743,SkeletonData/SkeletonData/RawData/201_18_1_9_2_wheelchair.txt,201,1,2,1,130,True,
sample_0744,SkeletonData/SkeletonData/RawData/201_18_2_10_2_wheelchair.txt,201,2,2,1,1280,True,
sample_0745,SkeletonData/SkeletonData/RawData/201_18_2_11_2_wheelchair.txt,201,2,2,1,1019,True,
sample_0746,SkeletonData/SkeletonData/RawData/201_18_2_12_2_wheelchair.txt,201,2,2,1,202,True,
sample_0747,SkeletonData/SkeletonData/RawData/201_18_2_13_2_wheelchair.txt,201,2,2,1,50,True,
sample_0748,SkeletonData/SkeletonData/RawData/201_18_2_14_2_wheelchair.txt,201,2,2,1,267,True,
sample_0749,SkeletonData/SkeletonData/RawData/201_18_2_15_2_wheelchair.txt,201,2,2,1,82,True,
sample_0750,SkeletonData/SkeletonData/RawData/201_18_2_16_2_wheelchair.txt,201,2,2,1,85,True,
sample_0751,SkeletonData/SkeletonData/RawData/201_18_2_17_2_wheelchair.txt,201,2,2,1,200,True,
sample_0752,SkeletonData/SkeletonData/RawData/201_18_2_18_2_wheelchair.txt,201,2,2,1,197,True,
sample_0753,SkeletonData/SkeletonData/RawData/201_18_2_19_2_wheelchair.txt,201,2,2,1,572,True,
sample_0754,SkeletonData/SkeletonData/RawData/201_18_2_1_2_wheelchair.txt,201,2,2,1,203,True,
sample_0755,SkeletonData/SkeletonData/RawData/201_18_2_20_2_wheelchair.txt,201,2,2,1,88,True,
sample_0756,SkeletonData/SkeletonData/RawData/201_18_2_21_2_wheelchair.txt,201,2,2,1,233,True,
sample_0757,SkeletonData/SkeletonData/RawData/201_18_2_22_2_wheelchair.txt,201,2,2,1,211,True,
sample_0758,SkeletonData/SkeletonData/RawData/201_18_2_23_2_wheelchair.txt,201,2,2,1,69,True,
sample_0759,SkeletonData/SkeletonData/RawData/201_18_2_24_2_wheelchair.txt,201,2,2,1,64,True,
sample_0760,SkeletonData/SkeletonData/RawData/201_18_2_25_2_wheelchair.txt,201,2,2,1,112,True,
sample_0761,SkeletonData/SkeletonData/RawData/201_18_2_26_2_wheelchair.txt,201,2,2,1,88,True,
sample_0762,SkeletonData/SkeletonData/RawData/201_18_2_27_2_wheelchair.txt,201,2,2,1,166,True,
sample_0763,SkeletonData/SkeletonData/RawData/201_18_2_28_2_wheelchair.txt,201,2,2,1,90,True,
sample_0764,SkeletonData/SkeletonData/RawData/201_18_2_29_2_wheelchair.txt,201,2,2,1,140,True,
sample_0765,SkeletonData/SkeletonData/RawData/201_18_2_2_2_wheelchair.txt,201,2,2,1,572,True,
sample_0766,SkeletonData/SkeletonData/RawData/201_18_2_30_2_wheelchair.txt,201,2,2,1,118,True,
sample_0767,SkeletonData/SkeletonData/RawData/201_18_2_31_2_wheelchair.txt,201,2,2,1,167,True,
sample_0768,SkeletonData/SkeletonData/RawData/201_18_2_32_2_wheelchair.txt,201,2,2,1,168,True,
sample_0769,SkeletonData/SkeletonData/RawData/201_18_2_33_2_wheelchair.txt,201,2,2,1,220,True,
sample_0770,SkeletonData/SkeletonData/RawData/201_18_2_34_2_wheelchair.txt,201,2,2,1,183,True,
sample_0771,SkeletonData/SkeletonData/RawData/201_18_2_35_1_wheelchair.txt,201,2,1,0,124,True,
sample_0772,SkeletonData/SkeletonData/RawData/201_18_2_36_1_wheelchair.txt,201,2,1,0,119,True,
sample_0773,SkeletonData/SkeletonData/RawData/201_18_2_37_1_wheelchair.txt,201,2,1,0,107,True,
sample_0774,SkeletonData/SkeletonData/RawData/201_18_2_38_1_wheelchair.txt,201,2,1,0,100,True,
sample_0775,SkeletonData/SkeletonData/RawData/201_18_2_39_2_wheelchair.txt,201,2,2,1,64,True,
sample_0776,SkeletonData/SkeletonData/RawData/201_18_2_3_2_wheelchair.txt,201,2,2,1,291,True,
sample_0777,SkeletonData/SkeletonData/RawData/201_18_2_40_2_wheelchair.txt,201,2,2,1,350,True,
sample_0778,SkeletonData/SkeletonData/RawData/201_18_2_41_2_wheelchair.txt,201,2,2,1,32,True,
sample_0779,SkeletonData/SkeletonData/RawData/201_18_2_42_2_wheelchair.txt,201,2,2,1,36,True,
sample_0780,SkeletonData/SkeletonData/RawData/201_18_2_43_2_wheelchair.txt,201,2,2,1,81,True,
sample_0781,SkeletonData/SkeletonData/RawData/201_18_2_44_2_wheelchair.txt,201,2,2,1,62,True,
sample_0782,SkeletonData/SkeletonData/RawData/201_18_2_45_2_wheelchair.txt,201,2,2,1,80,True,
sample_0783,SkeletonData/SkeletonData/RawData/201_18_2_46_2_wheelchair.txt,201,2,2,1,81,True,
sample_0784,SkeletonData/SkeletonData/RawData/201_18_2_4_2_wheelchair.txt,201,2,2,1,188,True,
sample_0785,SkeletonData/SkeletonData/RawData/201_18_2_5_2_wheelchair.txt,201,2,2,1,302,True,
sample_0786,SkeletonData/SkeletonData/RawData/201_18_2_6_2_wheelchair.txt,201,2,2,1,453,True,
sample_0787,SkeletonData/SkeletonData/RawData/201_18_2_7_2_wheelchair.txt,201,2,2,1,625,True,
sample_0788,SkeletonData/SkeletonData/RawData/201_18_2_8_2_wheelchair.txt,201,2,2,1,1586,True,
sample_0789,SkeletonData/SkeletonData/RawData/201_18_2_9_2_wheelchair.txt,201,2,2,1,267,True,
sample_0790,SkeletonData/SkeletonData/RawData/201_18_3_10_2_wheelchair.txt,201,3,2,1,128,True,
sample_0791,SkeletonData/SkeletonData/RawData/201_18_3_11_1_wheelchair.txt,201,3,1,0,383,True,
sample_0792,SkeletonData/SkeletonData/RawData/201_18_3_12_2_wheelchair.txt,201,3,2,1,74,True,
sample_0793,SkeletonData/SkeletonData/RawData/201_18_3_13_2_wheelchair.txt,201,3,2,1,86,True,
sample_0794,SkeletonData/SkeletonData/RawData/201_18_3_14_2_wheelchair.txt,201,3,2,1,63,True,
sample_0795,SkeletonData/SkeletonData/RawData/201_18_3_15_2_wheelchair.txt,201,3,2,1,62,True,
sample_0796,SkeletonData/SkeletonData/RawData/201_18_3_16_2_wheelchair.txt,201,3,2,1,64,True,
sample_0797,SkeletonData/SkeletonData/RawData/201_18_3_17_2_wheelchair.txt,201,3,2,1,65,True,
sample_0798,SkeletonData/SkeletonData/RawData/201_18_3_1_2_wheelchair.txt,201,3,2,1,89,True,
sample_0799,SkeletonData/SkeletonData/RawData/201_18_3_2_2_wheelchair.txt,201,3,2,1,103,True,
sample_0800,SkeletonData/SkeletonData/RawData/201_18_3_3_2_wheelchair.txt,201,3,2,1,660,True,
sample_0801,SkeletonData/SkeletonData/RawData/201_18_3_4_2_wheelchair.txt,201,3,2,1,190,True,
sample_0802,SkeletonData/SkeletonData/RawData/201_18_3_5_2_wheelchair.txt,201,3,2,1,185,True,
sample_0803,SkeletonData/SkeletonData/RawData/201_18_3_6_2_wheelchair.txt,201,3,2,1,43,True,
sample_0804,SkeletonData/SkeletonData/RawData/201_18_3_7_2_wheelchair.txt,201,3,2,1,104,True,
sample_0805,SkeletonData/SkeletonData/RawData/201_18_3_8_2_wheelchair.txt,201,3,2,1,204,True,
sample_0806,SkeletonData/SkeletonData/RawData/201_18_3_9_2_wheelchair.txt,201,3,2,1,258,True,
sample_0807,SkeletonData/SkeletonData/RawData/201_18_4_1_2_wheelchair.txt,201,4,2,1,129,True,
sample_0808,SkeletonData/SkeletonData/RawData/201_18_4_2_2_wheelchair.txt,201,4,2,1,144,True,
sample_0809,SkeletonData/SkeletonData/RawData/201_18_4_3_2_wheelchair.txt,201,4,2,1,129,True,
sample_0810,SkeletonData/SkeletonData/RawData/201_18_4_4_2_wheelchair.txt,201,4,2,1,109,True,
sample_0811,SkeletonData/SkeletonData/RawData/201_18_4_5_2_wheelchair.txt,201,4,2,1,119,True,
sample_0812,SkeletonData/SkeletonData/RawData/201_18_4_6_2_wheelchair.txt,201,4,2,1,104,True,
sample_0813,SkeletonData/SkeletonData/RawData/201_18_4_7_2_wheelchair.txt,201,4,2,1,61,True,
sample_0814,SkeletonData/SkeletonData/RawData/201_18_5_1_2_wheelchair.txt,201,5,2,1,94,True,
sample_0815,SkeletonData/SkeletonData/RawData/201_18_5_2_2_wheelchair.txt,201,5,2,1,79,True,
sample_0816,SkeletonData/SkeletonData/RawData/201_18_5_3_2_wheelchair.txt,201,5,2,1,66,True,
sample_0817,SkeletonData/SkeletonData/RawData/201_18_5_4_2_wheelchair.txt,201,5,2,1,69,True,
sample_0818,SkeletonData/SkeletonData/RawData/201_18_5_5_2_wheelchair.txt,201,5,2,1,72,True,
sample_0819,SkeletonData/SkeletonData/RawData/201_18_5_6_2_wheelchair.txt,201,5,2,1,78,True,
sample_0820,SkeletonData/SkeletonData/RawData/201_18_6_1_2_wheelchair.txt,201,6,2,1,124,True,
sample_0821,SkeletonData/SkeletonData/RawData/201_18_6_2_2_wheelchair.txt,201,6,2,1,109,True,
sample_0822,SkeletonData/SkeletonData/RawData/201_18_6_3_2_wheelchair.txt,201,6,2,1,114,True,
sample_0823,SkeletonData/SkeletonData/RawData/201_18_6_4_2_wheelchair.txt,201,6,2,1,84,True,
sample_0824,SkeletonData/SkeletonData/RawData/201_18_6_5_2_wheelchair.txt,201,6,2,1,71,True,
sample_0825,SkeletonData/SkeletonData/RawData/201_18_6_6_2_wheelchair.txt,201,6,2,1,80,True,
sample_0826,SkeletonData/SkeletonData/RawData/202_18_2_1_3_stand.txt,202,2,3,-1,2600,False,label_3_unclassified_repetition
sample_0827,SkeletonData/SkeletonData/RawData/202_18_3_1_2_stand.txt,202,3,2,1,434,True,
sample_0828,SkeletonData/SkeletonData/RawData/202_18_3_2_3_stand.txt,202,3,3,-1,4736,False,label_3_unclassified_repetition
sample_0829,SkeletonData/SkeletonData/RawData/202_18_4_10_2_stand.txt,202,4,2,1,110,True,
sample_0830,SkeletonData/SkeletonData/RawData/202_18_4_11_1_stand.txt,202,4,1,0,119,True,
sample_0831,SkeletonData/SkeletonData/RawData/202_18_4_12_1_stand.txt,202,4,1,0,117,True,
sample_0832,SkeletonData/SkeletonData/RawData/202_18_4_13_1_stand.txt,202,4,1,0,109,True,
sample_0833,SkeletonData/SkeletonData/RawData/202_18_4_14_1_stand.txt,202,4,1,0,133,True,
sample_0834,SkeletonData/SkeletonData/RawData/202_18_4_15_1_stand.txt,202,4,1,0,75,True,
sample_0835,SkeletonData/SkeletonData/RawData/202_18_4_16_2_stand.txt,202,4,2,1,54,True,
sample_0836,SkeletonData/SkeletonData/RawData/202_18_4_17_1_stand.txt,202,4,1,0,166,True,
sample_0837,SkeletonData/SkeletonData/RawData/202_18_4_18_1_stand.txt,202,4,1,0,142,True,
sample_0838,SkeletonData/SkeletonData/RawData/202_18_4_19_2_stand.txt,202,4,2,1,314,True,
sample_0839,SkeletonData/SkeletonData/RawData/202_18_4_1_1_stand.txt,202,4,1,0,112,True,
sample_0840,SkeletonData/SkeletonData/RawData/202_18_4_20_2_stand.txt,202,4,2,1,246,True,
sample_0841,SkeletonData/SkeletonData/RawData/202_18_4_21_3_stand.txt,202,4,3,-1,356,False,label_3_unclassified_repetition
sample_0842,SkeletonData/SkeletonData/RawData/202_18_4_22_3_stand.txt,202,4,3,-1,258,False,label_3_unclassified_repetition
sample_0843,SkeletonData/SkeletonData/RawData/202_18_4_23_2_stand.txt,202,4,2,1,157,True,
sample_0844,SkeletonData/SkeletonData/RawData/202_18_4_24_1_stand.txt,202,4,1,0,129,True,
sample_0845,SkeletonData/SkeletonData/RawData/202_18_4_25_1_stand.txt,202,4,1,0,94,True,
sample_0846,SkeletonData/SkeletonData/RawData/202_18_4_26_1_stand.txt,202,4,1,0,109,True,
sample_0847,SkeletonData/SkeletonData/RawData/202_18_4_27_1_stand.txt,202,4,1,0,140,True,
sample_0848,SkeletonData/SkeletonData/RawData/202_18_4_28_2_stand.txt,202,4,2,1,99,True,
sample_0849,SkeletonData/SkeletonData/RawData/202_18_4_29_2_stand.txt,202,4,2,1,100,True,
sample_0850,SkeletonData/SkeletonData/RawData/202_18_4_2_1_stand.txt,202,4,1,0,208,True,
sample_0851,SkeletonData/SkeletonData/RawData/202_18_4_30_1_stand.txt,202,4,1,0,159,True,
sample_0852,SkeletonData/SkeletonData/RawData/202_18_4_31_2_stand.txt,202,4,2,1,247,True,
sample_0853,SkeletonData/SkeletonData/RawData/202_18_4_32_2_stand.txt,202,4,2,1,277,True,
sample_0854,SkeletonData/SkeletonData/RawData/202_18_4_33_1_stand.txt,202,4,1,0,133,True,
sample_0855,SkeletonData/SkeletonData/RawData/202_18_4_34_1_stand.txt,202,4,1,0,181,True,
sample_0856,SkeletonData/SkeletonData/RawData/202_18_4_35_1_stand.txt,202,4,1,0,162,True,
sample_0857,SkeletonData/SkeletonData/RawData/202_18_4_36_1_stand.txt,202,4,1,0,120,True,
sample_0858,SkeletonData/SkeletonData/RawData/202_18_4_37_1_stand.txt,202,4,1,0,145,True,
sample_0859,SkeletonData/SkeletonData/RawData/202_18_4_38_1_stand.txt,202,4,1,0,54,True,
sample_0860,SkeletonData/SkeletonData/RawData/202_18_4_3_1_stand.txt,202,4,1,0,123,True,
sample_0861,SkeletonData/SkeletonData/RawData/202_18_4_4_1_stand.txt,202,4,1,0,102,True,
sample_0862,SkeletonData/SkeletonData/RawData/202_18_4_5_1_stand.txt,202,4,1,0,124,True,
sample_0863,SkeletonData/SkeletonData/RawData/202_18_4_6_1_stand.txt,202,4,1,0,95,True,
sample_0864,SkeletonData/SkeletonData/RawData/202_18_4_7_1_stand.txt,202,4,1,0,90,True,
sample_0865,SkeletonData/SkeletonData/RawData/202_18_4_8_1_stand.txt,202,4,1,0,107,True,
sample_0866,SkeletonData/SkeletonData/RawData/202_18_4_9_1_stand.txt,202,4,1,0,94,True,
sample_0867,SkeletonData/SkeletonData/RawData/202_18_7_10_1_stand.txt,202,7,1,0,69,True,
sample_0868,SkeletonData/SkeletonData/RawData/202_18_7_11_1_stand.txt,202,7,1,0,69,True,
sample_0869,SkeletonData/SkeletonData/RawData/202_18_7_12_1_stand.txt,202,7,1,0,69,True,
sample_0870,SkeletonData/SkeletonData/RawData/202_18_7_13_1_stand.txt,202,7,1,0,79,True,
sample_0871,SkeletonData/SkeletonData/RawData/202_18_7_14_1_stand.txt,202,7,1,0,64,True,
sample_0872,SkeletonData/SkeletonData/RawData/202_18_7_15_1_stand.txt,202,7,1,0,64,True,
sample_0873,SkeletonData/SkeletonData/RawData/202_18_7_16_1_stand.txt,202,7,1,0,59,True,
sample_0874,SkeletonData/SkeletonData/RawData/202_18_7_17_1_stand.txt,202,7,1,0,69,True,
sample_0875,SkeletonData/SkeletonData/RawData/202_18_7_18_1_stand.txt,202,7,1,0,64,True,
sample_0876,SkeletonData/SkeletonData/RawData/202_18_7_19_1_stand.txt,202,7,1,0,64,True,
sample_0877,SkeletonData/SkeletonData/RawData/202_18_7_1_1_stand.txt,202,7,1,0,81,True,
sample_0878,SkeletonData/SkeletonData/RawData/202_18_7_20_1_stand.txt,202,7,1,0,69,True,
sample_0879,SkeletonData/SkeletonData/RawData/202_18_7_21_2_stand.txt,202,7,2,1,174,True,
sample_0880,SkeletonData/SkeletonData/RawData/202_18_7_22_2_stand.txt,202,7,2,1,134,True,
sample_0881,SkeletonData/SkeletonData/RawData/202_18_7_23_2_stand.txt,202,7,2,1,121,True,
sample_0882,SkeletonData/SkeletonData/RawData/202_18_7_2_1_stand.txt,202,7,1,0,64,True,
sample_0883,SkeletonData/SkeletonData/RawData/202_18_7_3_1_stand.txt,202,7,1,0,69,True,
sample_0884,SkeletonData/SkeletonData/RawData/202_18_7_4_1_stand.txt,202,7,1,0,76,True,
sample_0885,SkeletonData/SkeletonData/RawData/202_18_7_5_1_stand.txt,202,7,1,0,163,True,
sample_0886,SkeletonData/SkeletonData/RawData/202_18_7_6_1_stand.txt,202,7,1,0,73,True,
sample_0887,SkeletonData/SkeletonData/RawData/202_18_7_7_1_stand.txt,202,7,1,0,118,True,
sample_0888,SkeletonData/SkeletonData/RawData/202_18_7_8_1_stand.txt,202,7,1,0,82,True,
sample_0889,SkeletonData/SkeletonData/RawData/202_18_7_9_1_stand.txt,202,7,1,0,85,True,
sample_0890,SkeletonData/SkeletonData/RawData/202_18_8_10_1_stand.txt,202,8,1,0,84,True,
sample_0891,SkeletonData/SkeletonData/RawData/202_18_8_11_1_stand.txt,202,8,1,0,64,True,
sample_0892,SkeletonData/SkeletonData/RawData/202_18_8_12_1_stand.txt,202,8,1,0,129,True,
sample_0893,SkeletonData/SkeletonData/RawData/202_18_8_13_1_stand.txt,202,8,1,0,124,True,
sample_0894,SkeletonData/SkeletonData/RawData/202_18_8_14_1_stand.txt,202,8,1,0,129,True,
sample_0895,SkeletonData/SkeletonData/RawData/202_18_8_15_1_stand.txt,202,8,1,0,130,True,
sample_0896,SkeletonData/SkeletonData/RawData/202_18_8_16_1_stand.txt,202,8,1,0,102,True,
sample_0897,SkeletonData/SkeletonData/RawData/202_18_8_17_1_stand.txt,202,8,1,0,79,True,
sample_0898,SkeletonData/SkeletonData/RawData/202_18_8_18_1_stand.txt,202,8,1,0,94,True,
sample_0899,SkeletonData/SkeletonData/RawData/202_18_8_19_1_stand.txt,202,8,1,0,119,True,
sample_0900,SkeletonData/SkeletonData/RawData/202_18_8_1_1_stand.txt,202,8,1,0,192,True,
sample_0901,SkeletonData/SkeletonData/RawData/202_18_8_20_1_stand.txt,202,8,1,0,119,True,
sample_0902,SkeletonData/SkeletonData/RawData/202_18_8_21_1_stand.txt,202,8,1,0,103,True,
sample_0903,SkeletonData/SkeletonData/RawData/202_18_8_22_2_stand.txt,202,8,2,1,44,True,
sample_0904,SkeletonData/SkeletonData/RawData/202_18_8_23_1_stand.txt,202,8,1,0,79,True,
sample_0905,SkeletonData/SkeletonData/RawData/202_18_8_24_1_stand.txt,202,8,1,0,79,True,
sample_0906,SkeletonData/SkeletonData/RawData/202_18_8_25_1_stand.txt,202,8,1,0,214,True,
sample_0907,SkeletonData/SkeletonData/RawData/202_18_8_26_1_stand.txt,202,8,1,0,174,True,
sample_0908,SkeletonData/SkeletonData/RawData/202_18_8_27_2_stand.txt,202,8,2,1,99,True,
sample_0909,SkeletonData/SkeletonData/RawData/202_18_8_28_2_stand.txt,202,8,2,1,63,True,
sample_0910,SkeletonData/SkeletonData/RawData/202_18_8_29_1_stand.txt,202,8,1,0,74,True,
sample_0911,SkeletonData/SkeletonData/RawData/202_18_8_2_1_stand.txt,202,8,1,0,97,True,
sample_0912,SkeletonData/SkeletonData/RawData/202_18_8_30_1_stand.txt,202,8,1,0,79,True,
sample_0913,SkeletonData/SkeletonData/RawData/202_18_8_31_1_stand.txt,202,8,1,0,79,True,
sample_0914,SkeletonData/SkeletonData/RawData/202_18_8_32_1_stand.txt,202,8,1,0,74,True,
sample_0915,SkeletonData/SkeletonData/RawData/202_18_8_33_1_stand.txt,202,8,1,0,79,True,
sample_0916,SkeletonData/SkeletonData/RawData/202_18_8_34_1_stand.txt,202,8,1,0,99,True,
sample_0917,SkeletonData/SkeletonData/RawData/202_18_8_35_1_stand.txt,202,8,1,0,99,True,
sample_0918,SkeletonData/SkeletonData/RawData/202_18_8_36_1_stand.txt,202,8,1,0,84,True,
sample_0919,SkeletonData/SkeletonData/RawData/202_18_8_37_1_stand.txt,202,8,1,0,84,True,
sample_0920,SkeletonData/SkeletonData/RawData/202_18_8_38_1_stand.txt,202,8,1,0,79,True,
sample_0921,SkeletonData/SkeletonData/RawData/202_18_8_39_1_stand.txt,202,8,1,0,79,True,
sample_0922,SkeletonData/SkeletonData/RawData/202_18_8_3_1_stand.txt,202,8,1,0,90,True,
sample_0923,SkeletonData/SkeletonData/RawData/202_18_8_40_1_stand.txt,202,8,1,0,94,True,
sample_0924,SkeletonData/SkeletonData/RawData/202_18_8_41_1_stand.txt,202,8,1,0,79,True,
sample_0925,SkeletonData/SkeletonData/RawData/202_18_8_42_1_stand.txt,202,8,1,0,94,True,
sample_0926,SkeletonData/SkeletonData/RawData/202_18_8_43_1_stand.txt,202,8,1,0,69,True,
sample_0927,SkeletonData/SkeletonData/RawData/202_18_8_44_1_stand.txt,202,8,1,0,79,True,
sample_0928,SkeletonData/SkeletonData/RawData/202_18_8_45_1_stand.txt,202,8,1,0,127,True,
sample_0929,SkeletonData/SkeletonData/RawData/202_18_8_46_1_stand.txt,202,8,1,0,109,True,
sample_0930,SkeletonData/SkeletonData/RawData/202_18_8_47_1_stand.txt,202,8,1,0,74,True,
sample_0931,SkeletonData/SkeletonData/RawData/202_18_8_4_1_stand.txt,202,8,1,0,85,True,
sample_0932,SkeletonData/SkeletonData/RawData/202_18_8_5_1_stand.txt,202,8,1,0,85,True,
sample_0933,SkeletonData/SkeletonData/RawData/202_18_8_6_1_stand.txt,202,8,1,0,104,True,
sample_0934,SkeletonData/SkeletonData/RawData/202_18_8_7_1_stand.txt,202,8,1,0,117,True,
sample_0935,SkeletonData/SkeletonData/RawData/202_18_8_8_1_stand.txt,202,8,1,0,82,True,
sample_0936,SkeletonData/SkeletonData/RawData/202_18_8_9_1_stand.txt,202,8,1,0,99,True,
sample_0937,SkeletonData/SkeletonData/RawData/203_18_2_10_2_wheelchair.txt,203,2,2,1,94,True,
sample_0938,SkeletonData/SkeletonData/RawData/203_18_2_11_2_wheelchair.txt,203,2,2,1,151,True,
sample_0939,SkeletonData/SkeletonData/RawData/203_18_2_12_2_wheelchair.txt,203,2,2,1,185,True,
sample_0940,SkeletonData/SkeletonData/RawData/203_18_2_13_2_wheelchair.txt,203,2,2,1,184,True,
sample_0941,SkeletonData/SkeletonData/RawData/203_18_2_14_2_wheelchair.txt,203,2,2,1,206,True,
sample_0942,SkeletonData/SkeletonData/RawData/203_18_2_15_2_wheelchair.txt,203,2,2,1,134,True,
sample_0943,SkeletonData/SkeletonData/RawData/203_18_2_16_2_wheelchair.txt,203,2,2,1,394,True,
sample_0944,SkeletonData/SkeletonData/RawData/203_18_2_17_2_wheelchair.txt,203,2,2,1,239,True,
sample_0945,SkeletonData/SkeletonData/RawData/203_18_2_18_2_wheelchair.txt,203,2,2,1,84,True,
sample_0946,SkeletonData/SkeletonData/RawData/203_18_2_19_2_wheelchair.txt,203,2,2,1,114,True,
sample_0947,SkeletonData/SkeletonData/RawData/203_18_2_1_2_wheelchair.txt,203,2,2,1,149,True,
sample_0948,SkeletonData/SkeletonData/RawData/203_18_2_20_2_wheelchair.txt,203,2,2,1,16,True,
sample_0949,SkeletonData/SkeletonData/RawData/203_18_2_21_2_wheelchair.txt,203,2,2,1,28,True,
sample_0950,SkeletonData/SkeletonData/RawData/203_18_2_22_2_wheelchair.txt,203,2,2,1,19,True,
sample_0951,SkeletonData/SkeletonData/RawData/203_18_2_23_2_wheelchair.txt,203,2,2,1,22,True,
sample_0952,SkeletonData/SkeletonData/RawData/203_18_2_24_2_wheelchair.txt,203,2,2,1,25,True,
sample_0953,SkeletonData/SkeletonData/RawData/203_18_2_25_2_wheelchair.txt,203,2,2,1,29,True,
sample_0954,SkeletonData/SkeletonData/RawData/203_18_2_26_2_wheelchair.txt,203,2,2,1,18,True,
sample_0955,SkeletonData/SkeletonData/RawData/203_18_2_27_2_wheelchair.txt,203,2,2,1,51,True,
sample_0956,SkeletonData/SkeletonData/RawData/203_18_2_28_2_wheelchair.txt,203,2,2,1,32,True,
sample_0957,SkeletonData/SkeletonData/RawData/203_18_2_29_2_wheelchair.txt,203,2,2,1,33,True,
sample_0958,SkeletonData/SkeletonData/RawData/203_18_2_2_2_wheelchair.txt,203,2,2,1,189,True,
sample_0959,SkeletonData/SkeletonData/RawData/203_18_2_30_2_wheelchair.txt,203,2,2,1,79,True,
sample_0960,SkeletonData/SkeletonData/RawData/203_18_2_31_1_wheelchair.txt,203,2,1,0,104,True,
sample_0961,SkeletonData/SkeletonData/RawData/203_18_2_32_1_wheelchair.txt,203,2,1,0,89,True,
sample_0962,SkeletonData/SkeletonData/RawData/203_18_2_33_1_wheelchair.txt,203,2,1,0,134,True,
sample_0963,SkeletonData/SkeletonData/RawData/203_18_2_34_1_wheelchair.txt,203,2,1,0,124,True,
sample_0964,SkeletonData/SkeletonData/RawData/203_18_2_3_2_wheelchair.txt,203,2,2,1,79,True,
sample_0965,SkeletonData/SkeletonData/RawData/203_18_2_4_2_wheelchair.txt,203,2,2,1,134,True,
sample_0966,SkeletonData/SkeletonData/RawData/203_18_2_5_2_wheelchair.txt,203,2,2,1,304,True,
sample_0967,SkeletonData/SkeletonData/RawData/203_18_2_6_2_wheelchair.txt,203,2,2,1,284,True,
sample_0968,SkeletonData/SkeletonData/RawData/203_18_2_7_2_wheelchair.txt,203,2,2,1,214,True,
sample_0969,SkeletonData/SkeletonData/RawData/203_18_2_8_2_wheelchair.txt,203,2,2,1,134,True,
sample_0970,SkeletonData/SkeletonData/RawData/203_18_2_9_2_wheelchair.txt,203,2,2,1,124,True,
sample_0971,SkeletonData/SkeletonData/RawData/203_18_3_1_1_wheelchair.txt,203,3,1,0,104,True,
sample_0972,SkeletonData/SkeletonData/RawData/203_18_3_2_1_wheelchair.txt,203,3,1,0,109,True,
sample_0973,SkeletonData/SkeletonData/RawData/203_18_3_3_1_wheelchair.txt,203,3,1,0,139,True,
sample_0974,SkeletonData/SkeletonData/RawData/203_18_3_4_1_wheelchair.txt,203,3,1,0,104,True,
sample_0975,SkeletonData/SkeletonData/RawData/203_18_5_10_1_wheelchair.txt,203,5,1,0,220,True,
sample_0976,SkeletonData/SkeletonData/RawData/203_18_5_11_1_wheelchair.txt,203,5,1,0,52,True,
sample_0977,SkeletonData/SkeletonData/RawData/203_18_5_12_2_wheelchair.txt,203,5,2,1,269,True,
sample_0978,SkeletonData/SkeletonData/RawData/203_18_5_1_2_wheelchair.txt,203,5,2,1,178,True,
sample_0979,SkeletonData/SkeletonData/RawData/203_18_5_2_2_wheelchair.txt,203,5,2,1,106,True,
sample_0980,SkeletonData/SkeletonData/RawData/203_18_5_3_1_wheelchair.txt,203,5,1,0,65,True,
sample_0981,SkeletonData/SkeletonData/RawData/203_18_5_4_1_wheelchair.txt,203,5,1,0,50,True,
sample_0982,SkeletonData/SkeletonData/RawData/203_18_5_5_1_wheelchair.txt,203,5,1,0,52,True,
sample_0983,SkeletonData/SkeletonData/RawData/203_18_5_6_1_wheelchair.txt,203,5,1,0,61,True,
sample_0984,SkeletonData/SkeletonData/RawData/203_18_5_7_2_wheelchair.txt,203,5,2,1,129,True,
sample_0985,SkeletonData/SkeletonData/RawData/203_18_5_8_1_wheelchair.txt,203,5,1,0,259,True,
sample_0986,SkeletonData/SkeletonData/RawData/203_18_5_9_1_wheelchair.txt,203,5,1,0,216,True,
sample_0987,SkeletonData/SkeletonData/RawData/204_18_0_1_1_chair.txt,204,0,1,0,71,True,
sample_0988,SkeletonData/SkeletonData/RawData/204_18_0_2_1_chair.txt,204,0,1,0,77,True,
sample_0989,SkeletonData/SkeletonData/RawData/204_18_0_3_1_chair.txt,204,0,1,0,76,True,
sample_0990,SkeletonData/SkeletonData/RawData/204_18_0_4_1_chair.txt,204,0,1,0,62,True,
sample_0991,SkeletonData/SkeletonData/RawData/204_18_0_5_1_chair.txt,204,0,1,0,68,True,
sample_0992,SkeletonData/SkeletonData/RawData/204_18_0_6_1_chair.txt,204,0,1,0,76,True,
sample_0993,SkeletonData/SkeletonData/RawData/204_18_0_7_2_chair.txt,204,0,2,1,33,True,
sample_0994,SkeletonData/SkeletonData/RawData/204_18_1_1_1_chair.txt,204,1,1,0,115,True,
sample_0995,SkeletonData/SkeletonData/RawData/204_18_1_2_1_chair.txt,204,1,1,0,70,True,
sample_0996,SkeletonData/SkeletonData/RawData/204_18_1_3_1_chair.txt,204,1,1,0,69,True,
sample_0997,SkeletonData/SkeletonData/RawData/204_18_1_4_1_chair.txt,204,1,1,0,69,True,
sample_0998,SkeletonData/SkeletonData/RawData/204_18_1_5_1_chair.txt,204,1,1,0,71,True,
sample_0999,SkeletonData/SkeletonData/RawData/204_18_1_6_1_chair.txt,204,1,1,0,69,True,
sample_1000,SkeletonData/SkeletonData/RawData/204_18_2_10_2_chair.txt,204,2,2,1,30,True,
sample_1001,SkeletonData/SkeletonData/RawData/204_18_2_11_2_chair.txt,204,2,2,1,24,True,
sample_1002,SkeletonData/SkeletonData/RawData/204_18_2_12_2_chair.txt,204,2,2,1,29,True,
sample_1003,SkeletonData/SkeletonData/RawData/204_18_2_13_1_chair.txt,204,2,1,0,49,True,
sample_1004,SkeletonData/SkeletonData/RawData/204_18_2_14_1_chair.txt,204,2,1,0,39,True,
sample_1005,SkeletonData/SkeletonData/RawData/204_18_2_15_1_chair.txt,204,2,1,0,44,True,
sample_1006,SkeletonData/SkeletonData/RawData/204_18_2_16_1_chair.txt,204,2,1,0,44,True,
sample_1007,SkeletonData/SkeletonData/RawData/204_18_2_17_1_chair.txt,204,2,1,0,54,True,
sample_1008,SkeletonData/SkeletonData/RawData/204_18_2_18_2_chair.txt,204,2,2,1,41,True,
sample_1009,SkeletonData/SkeletonData/RawData/204_18_2_19_2_chair.txt,204,2,2,1,175,True,
sample_1010,SkeletonData/SkeletonData/RawData/204_18_2_1_2_chair.txt,204,2,2,1,24,True,
sample_1011,SkeletonData/SkeletonData/RawData/204_18_2_20_2_chair.txt,204,2,2,1,189,True,
sample_1012,SkeletonData/SkeletonData/RawData/204_18_2_21_2_chair.txt,204,2,2,1,174,True,
sample_1013,SkeletonData/SkeletonData/RawData/204_18_2_22_2_chair.txt,204,2,2,1,59,True,
sample_1014,SkeletonData/SkeletonData/RawData/204_18_2_23_2_chair.txt,204,2,2,1,204,True,
sample_1015,SkeletonData/SkeletonData/RawData/204_18_2_24_2_chair.txt,204,2,2,1,229,True,
sample_1016,SkeletonData/SkeletonData/RawData/204_18_2_25_2_chair.txt,204,2,2,1,194,True,
sample_1017,SkeletonData/SkeletonData/RawData/204_18_2_26_2_chair.txt,204,2,2,1,224,True,
sample_1018,SkeletonData/SkeletonData/RawData/204_18_2_27_2_chair.txt,204,2,2,1,219,True,
sample_1019,SkeletonData/SkeletonData/RawData/204_18_2_28_2_chair.txt,204,2,2,1,183,True,
sample_1020,SkeletonData/SkeletonData/RawData/204_18_2_29_2_chair.txt,204,2,2,1,44,True,
sample_1021,SkeletonData/SkeletonData/RawData/204_18_2_2_2_chair.txt,204,2,2,1,29,True,
sample_1022,SkeletonData/SkeletonData/RawData/204_18_2_30_2_chair.txt,204,2,2,1,84,True,
sample_1023,SkeletonData/SkeletonData/RawData/204_18_2_31_2_chair.txt,204,2,2,1,199,True,
sample_1024,SkeletonData/SkeletonData/RawData/204_18_2_32_2_chair.txt,204,2,2,1,244,True,
sample_1025,SkeletonData/SkeletonData/RawData/204_18_2_33_2_chair.txt,204,2,2,1,214,True,
sample_1026,SkeletonData/SkeletonData/RawData/204_18_2_34_2_chair.txt,204,2,2,1,264,True,
sample_1027,SkeletonData/SkeletonData/RawData/204_18_2_35_2_chair.txt,204,2,2,1,149,True,
sample_1028,SkeletonData/SkeletonData/RawData/204_18_2_36_2_chair.txt,204,2,2,1,254,True,
sample_1029,SkeletonData/SkeletonData/RawData/204_18_2_37_2_chair.txt,204,2,2,1,74,True,
sample_1030,SkeletonData/SkeletonData/RawData/204_18_2_38_2_chair.txt,204,2,2,1,204,True,
sample_1031,SkeletonData/SkeletonData/RawData/204_18_2_39_2_chair.txt,204,2,2,1,174,True,
sample_1032,SkeletonData/SkeletonData/RawData/204_18_2_3_2_chair.txt,204,2,2,1,34,True,
sample_1033,SkeletonData/SkeletonData/RawData/204_18_2_40_2_chair.txt,204,2,2,1,99,True,
sample_1034,SkeletonData/SkeletonData/RawData/204_18_2_41_2_chair.txt,204,2,2,1,99,True,
sample_1035,SkeletonData/SkeletonData/RawData/204_18_2_42_2_chair.txt,204,2,2,1,354,True,
sample_1036,SkeletonData/SkeletonData/RawData/204_18_2_43_2_chair.txt,204,2,2,1,144,True,
sample_1037,SkeletonData/SkeletonData/RawData/204_18_2_44_2_chair.txt,204,2,2,1,444,True,
sample_1038,SkeletonData/SkeletonData/RawData/204_18_2_45_2_chair.txt,204,2,2,1,64,True,
sample_1039,SkeletonData/SkeletonData/RawData/204_18_2_46_2_chair.txt,204,2,2,1,43,True,
sample_1040,SkeletonData/SkeletonData/RawData/204_18_2_47_2_chair.txt,204,2,2,1,29,True,
sample_1041,SkeletonData/SkeletonData/RawData/204_18_2_48_2_chair.txt,204,2,2,1,24,True,
sample_1042,SkeletonData/SkeletonData/RawData/204_18_2_49_2_chair.txt,204,2,2,1,25,True,
sample_1043,SkeletonData/SkeletonData/RawData/204_18_2_4_2_chair.txt,204,2,2,1,29,True,
sample_1044,SkeletonData/SkeletonData/RawData/204_18_2_50_2_chair.txt,204,2,2,1,34,True,
sample_1045,SkeletonData/SkeletonData/RawData/204_18_2_51_2_chair.txt,204,2,2,1,24,True,
sample_1046,SkeletonData/SkeletonData/RawData/204_18_2_52_1_chair.txt,204,2,1,0,34,True,
sample_1047,SkeletonData/SkeletonData/RawData/204_18_2_53_1_chair.txt,204,2,1,0,39,True,
sample_1048,SkeletonData/SkeletonData/RawData/204_18_2_54_2_chair.txt,204,2,2,1,59,True,
sample_1049,SkeletonData/SkeletonData/RawData/204_18_2_55_1_chair.txt,204,2,1,0,49,True,
sample_1050,SkeletonData/SkeletonData/RawData/204_18_2_56_2_chair.txt,204,2,2,1,97,True,
sample_1051,SkeletonData/SkeletonData/RawData/204_18_2_57_1_chair.txt,204,2,1,0,89,True,
sample_1052,SkeletonData/SkeletonData/RawData/204_18_2_58_1_chair.txt,204,2,1,0,70,True,
sample_1053,SkeletonData/SkeletonData/RawData/204_18_2_59_1_chair.txt,204,2,1,0,75,True,
sample_1054,SkeletonData/SkeletonData/RawData/204_18_2_5_2_chair.txt,204,2,2,1,29,True,
sample_1055,SkeletonData/SkeletonData/RawData/204_18_2_60_1_chair.txt,204,2,1,0,60,True,
sample_1056,SkeletonData/SkeletonData/RawData/204_18_2_61_1_chair.txt,204,2,1,0,69,True,
sample_1057,SkeletonData/SkeletonData/RawData/204_18_2_62_1_chair.txt,204,2,1,0,61,True,
sample_1058,SkeletonData/SkeletonData/RawData/204_18_2_63_1_chair.txt,204,2,1,0,65,True,
sample_1059,SkeletonData/SkeletonData/RawData/204_18_2_64_2_chair.txt,204,2,2,1,54,True,
sample_1060,SkeletonData/SkeletonData/RawData/204_18_2_6_2_chair.txt,204,2,2,1,30,True,
sample_1061,SkeletonData/SkeletonData/RawData/204_18_2_7_2_chair.txt,204,2,2,1,29,True,
sample_1062,SkeletonData/SkeletonData/RawData/204_18_2_8_2_chair.txt,204,2,2,1,25,True,
sample_1063,SkeletonData/SkeletonData/RawData/204_18_2_9_2_chair.txt,204,2,2,1,29,True,
sample_1064,SkeletonData/SkeletonData/RawData/204_18_3_10_2_chair.txt,204,3,2,1,189,True,
sample_1065,SkeletonData/SkeletonData/RawData/204_18_3_11_2_chair.txt,204,3,2,1,149,True,
sample_1066,SkeletonData/SkeletonData/RawData/204_18_3_12_2_chair.txt,204,3,2,1,65,True,
sample_1067,SkeletonData/SkeletonData/RawData/204_18_3_13_2_chair.txt,204,3,2,1,69,True,
sample_1068,SkeletonData/SkeletonData/RawData/204_18_3_14_2_chair.txt,204,3,2,1,169,True,
sample_1069,SkeletonData/SkeletonData/RawData/204_18_3_15_2_chair.txt,204,3,2,1,239,True,
sample_1070,SkeletonData/SkeletonData/RawData/204_18_3_16_2_chair.txt,204,3,2,1,114,True,
sample_1071,SkeletonData/SkeletonData/RawData/204_18_3_17_2_chair.txt,204,3,2,1,84,True,
sample_1072,SkeletonData/SkeletonData/RawData/204_18_3_18_2_chair.txt,204,3,2,1,154,True,
sample_1073,SkeletonData/SkeletonData/RawData/204_18_3_19_2_chair.txt,204,3,2,1,244,True,
sample_1074,SkeletonData/SkeletonData/RawData/204_18_3_1_2_chair.txt,204,3,2,1,45,True,
sample_1075,SkeletonData/SkeletonData/RawData/204_18_3_20_2_chair.txt,204,3,2,1,124,True,
sample_1076,SkeletonData/SkeletonData/RawData/204_18_3_21_2_chair.txt,204,3,2,1,59,True,
sample_1077,SkeletonData/SkeletonData/RawData/204_18_3_22_2_chair.txt,204,3,2,1,259,True,
sample_1078,SkeletonData/SkeletonData/RawData/204_18_3_23_2_chair.txt,204,3,2,1,154,True,
sample_1079,SkeletonData/SkeletonData/RawData/204_18_3_24_2_chair.txt,204,3,2,1,145,True,
sample_1080,SkeletonData/SkeletonData/RawData/204_18_3_25_2_chair.txt,204,3,2,1,134,True,
sample_1081,SkeletonData/SkeletonData/RawData/204_18_3_26_2_chair.txt,204,3,2,1,104,True,
sample_1082,SkeletonData/SkeletonData/RawData/204_18_3_27_2_chair.txt,204,3,2,1,79,True,
sample_1083,SkeletonData/SkeletonData/RawData/204_18_3_28_2_chair.txt,204,3,2,1,104,True,
sample_1084,SkeletonData/SkeletonData/RawData/204_18_3_29_2_chair.txt,204,3,2,1,189,True,
sample_1085,SkeletonData/SkeletonData/RawData/204_18_3_2_2_chair.txt,204,3,2,1,64,True,
sample_1086,SkeletonData/SkeletonData/RawData/204_18_3_30_2_chair.txt,204,3,2,1,125,True,
sample_1087,SkeletonData/SkeletonData/RawData/204_18_3_31_2_chair.txt,204,3,2,1,124,True,
sample_1088,SkeletonData/SkeletonData/RawData/204_18_3_32_2_chair.txt,204,3,2,1,144,True,
sample_1089,SkeletonData/SkeletonData/RawData/204_18_3_33_2_chair.txt,204,3,2,1,94,True,
sample_1090,SkeletonData/SkeletonData/RawData/204_18_3_34_2_chair.txt,204,3,2,1,134,True,
sample_1091,SkeletonData/SkeletonData/RawData/204_18_3_35_2_chair.txt,204,3,2,1,234,True,
sample_1092,SkeletonData/SkeletonData/RawData/204_18_3_36_2_chair.txt,204,3,2,1,264,True,
sample_1093,SkeletonData/SkeletonData/RawData/204_18_3_37_2_chair.txt,204,3,2,1,117,True,
sample_1094,SkeletonData/SkeletonData/RawData/204_18_3_38_2_chair.txt,204,3,2,1,94,True,
sample_1095,SkeletonData/SkeletonData/RawData/204_18_3_39_2_chair.txt,204,3,2,1,64,True,
sample_1096,SkeletonData/SkeletonData/RawData/204_18_3_3_2_chair.txt,204,3,2,1,49,True,
sample_1097,SkeletonData/SkeletonData/RawData/204_18_3_40_2_chair.txt,204,3,2,1,104,True,
sample_1098,SkeletonData/SkeletonData/RawData/204_18_3_41_2_chair.txt,204,3,2,1,109,True,
sample_1099,SkeletonData/SkeletonData/RawData/204_18_3_42_2_chair.txt,204,3,2,1,124,True,
sample_1100,SkeletonData/SkeletonData/RawData/204_18_3_43_2_chair.txt,204,3,2,1,74,True,
sample_1101,SkeletonData/SkeletonData/RawData/204_18_3_44_1_chair.txt,204,3,1,0,49,True,
sample_1102,SkeletonData/SkeletonData/RawData/204_18_3_45_1_chair.txt,204,3,1,0,44,True,
sample_1103,SkeletonData/SkeletonData/RawData/204_18_3_46_1_chair.txt,204,3,1,0,39,True,
sample_1104,SkeletonData/SkeletonData/RawData/204_18_3_47_1_chair.txt,204,3,1,0,44,True,
sample_1105,SkeletonData/SkeletonData/RawData/204_18_3_48_1_chair.txt,204,3,1,0,44,True,
sample_1106,SkeletonData/SkeletonData/RawData/204_18_3_49_1_chair.txt,204,3,1,0,44,True,
sample_1107,SkeletonData/SkeletonData/RawData/204_18_3_4_2_chair.txt,204,3,2,1,59,True,
sample_1108,SkeletonData/SkeletonData/RawData/204_18_3_50_1_chair.txt,204,3,1,0,39,True,
sample_1109,SkeletonData/SkeletonData/RawData/204_18_3_51_1_chair.txt,204,3,1,0,34,True,
sample_1110,SkeletonData/SkeletonData/RawData/204_18_3_52_1_chair.txt,204,3,1,0,59,True,
sample_1111,SkeletonData/SkeletonData/RawData/204_18_3_53_1_chair.txt,204,3,1,0,60,True,
sample_1112,SkeletonData/SkeletonData/RawData/204_18_3_54_1_chair.txt,204,3,1,0,69,True,
sample_1113,SkeletonData/SkeletonData/RawData/204_18_3_55_1_chair.txt,204,3,1,0,67,True,
sample_1114,SkeletonData/SkeletonData/RawData/204_18_3_56_1_chair.txt,204,3,1,0,63,True,
sample_1115,SkeletonData/SkeletonData/RawData/204_18_3_57_1_chair.txt,204,3,1,0,70,True,
sample_1116,SkeletonData/SkeletonData/RawData/204_18_3_58_1_chair.txt,204,3,1,0,66,True,
sample_1117,SkeletonData/SkeletonData/RawData/204_18_3_5_2_chair.txt,204,3,2,1,54,True,
sample_1118,SkeletonData/SkeletonData/RawData/204_18_3_6_2_chair.txt,204,3,2,1,64,True,
sample_1119,SkeletonData/SkeletonData/RawData/204_18_3_7_2_chair.txt,204,3,2,1,44,True,
sample_1120,SkeletonData/SkeletonData/RawData/204_18_3_8_2_chair.txt,204,3,2,1,119,True,
sample_1121,SkeletonData/SkeletonData/RawData/204_18_3_9_2_chair.txt,204,3,2,1,119,True,
sample_1122,SkeletonData/SkeletonData/RawData/204_18_4_1_1_chair.txt,204,4,1,0,74,True,
sample_1123,SkeletonData/SkeletonData/RawData/204_18_4_2_1_chair.txt,204,4,1,0,75,True,
sample_1124,SkeletonData/SkeletonData/RawData/204_18_4_3_1_chair.txt,204,4,1,0,79,True,
sample_1125,SkeletonData/SkeletonData/RawData/204_18_4_4_2_chair.txt,204,4,2,1,89,True,
sample_1126,SkeletonData/SkeletonData/RawData/204_18_4_5_2_chair.txt,204,4,2,1,84,True,
sample_1127,SkeletonData/SkeletonData/RawData/204_18_4_6_2_chair.txt,204,4,2,1,89,True,
sample_1128,SkeletonData/SkeletonData/RawData/204_18_4_7_2_chair.txt,204,4,2,1,69,True,
sample_1129,SkeletonData/SkeletonData/RawData/204_18_5_1_1_chair.txt,204,5,1,0,85,True,
sample_1130,SkeletonData/SkeletonData/RawData/204_18_5_2_1_chair.txt,204,5,1,0,86,True,
sample_1131,SkeletonData/SkeletonData/RawData/204_18_5_3_1_chair.txt,204,5,1,0,89,True,
sample_1132,SkeletonData/SkeletonData/RawData/204_18_5_4_1_chair.txt,204,5,1,0,79,True,
sample_1133,SkeletonData/SkeletonData/RawData/204_18_5_5_2_chair.txt,204,5,2,1,157,True,
sample_1134,SkeletonData/SkeletonData/RawData/204_18_5_6_2_chair.txt,204,5,2,1,82,True,
sample_1135,SkeletonData/SkeletonData/RawData/204_18_5_7_2_chair.txt,204,5,2,1,90,True,
sample_1136,SkeletonData/SkeletonData/RawData/204_18_6_1_1_chair.txt,204,6,1,0,210,True,
sample_1137,SkeletonData/SkeletonData/RawData/204_18_6_2_1_chair.txt,204,6,1,0,80,True,
sample_1138,SkeletonData/SkeletonData/RawData/204_18_6_3_1_chair.txt,204,6,1,0,89,True,
sample_1139,SkeletonData/SkeletonData/RawData/204_18_6_4_1_chair.txt,204,6,1,0,80,True,
sample_1140,SkeletonData/SkeletonData/RawData/204_18_6_5_1_chair.txt,204,6,1,0,77,True,
sample_1141,SkeletonData/SkeletonData/RawData/204_18_6_6_1_chair.txt,204,6,1,0,84,True,
sample_1142,SkeletonData/SkeletonData/RawData/204_18_7_1_2_chair.txt,204,7,2,1,34,True,
sample_1143,SkeletonData/SkeletonData/RawData/204_18_7_2_1_chair.txt,204,7,1,0,106,True,
sample_1144,SkeletonData/SkeletonData/RawData/204_18_7_3_1_chair.txt,204,7,1,0,53,True,
sample_1145,SkeletonData/SkeletonData/RawData/204_18_7_4_1_chair.txt,204,7,1,0,79,True,
sample_1146,SkeletonData/SkeletonData/RawData/204_18_7_5_1_chair.txt,204,7,1,0,69,True,
sample_1147,SkeletonData/SkeletonData/RawData/204_18_7_6_1_chair.txt,204,7,1,0,69,True,
sample_1148,SkeletonData/SkeletonData/RawData/204_18_7_7_1_chair.txt,204,7,1,0,70,True,
sample_1149,SkeletonData/SkeletonData/RawData/204_18_8_10_1_chair.txt,204,8,1,0,59,True,
sample_1150,SkeletonData/SkeletonData/RawData/204_18_8_11_1_chair.txt,204,8,1,0,74,True,
sample_1151,SkeletonData/SkeletonData/RawData/204_18_8_12_1_chair.txt,204,8,1,0,61,True,
sample_1152,SkeletonData/SkeletonData/RawData/204_18_8_13_1_chair.txt,204,8,1,0,64,True,
sample_1153,SkeletonData/SkeletonData/RawData/204_18_8_14_3_chair.txt,204,8,3,-1,139,False,label_3_unclassified_repetition
sample_1154,SkeletonData/SkeletonData/RawData/204_18_8_15_3_chair.txt,204,8,3,-1,104,False,label_3_unclassified_repetition
sample_1155,SkeletonData/SkeletonData/RawData/204_18_8_1_2_chair.txt,204,8,2,1,94,True,
sample_1156,SkeletonData/SkeletonData/RawData/204_18_8_2_2_chair.txt,204,8,2,1,94,True,
sample_1157,SkeletonData/SkeletonData/RawData/204_18_8_3_2_chair.txt,204,8,2,1,44,True,
sample_1158,SkeletonData/SkeletonData/RawData/204_18_8_4_2_chair.txt,204,8,2,1,114,True,
sample_1159,SkeletonData/SkeletonData/RawData/204_18_8_5_2_chair.txt,204,8,2,1,99,True,
sample_1160,SkeletonData/SkeletonData/RawData/204_18_8_6_2_chair.txt,204,8,2,1,139,True,
sample_1161,SkeletonData/SkeletonData/RawData/204_18_8_7_1_chair.txt,204,8,1,0,85,True,
sample_1162,SkeletonData/SkeletonData/RawData/204_18_8_8_1_chair.txt,204,8,1,0,79,True,
sample_1163,SkeletonData/SkeletonData/RawData/204_18_8_9_1_chair.txt,204,8,1,0,74,True,
sample_1164,SkeletonData/SkeletonData/RawData/205_18_0_1_1_stand.txt,205,0,1,0,26,True,
sample_1165,SkeletonData/SkeletonData/RawData/205_18_0_2_1_stand.txt,205,0,1,0,44,True,
sample_1166,SkeletonData/SkeletonData/RawData/205_18_0_3_1_stand.txt,205,0,1,0,39,True,
sample_1167,SkeletonData/SkeletonData/RawData/205_18_1_10_1_stand.txt,205,1,1,0,20,True,
sample_1168,SkeletonData/SkeletonData/RawData/205_18_1_11_1_stand.txt,205,1,1,0,24,True,
sample_1169,SkeletonData/SkeletonData/RawData/205_18_1_12_1_stand.txt,205,1,1,0,25,True,
sample_1170,SkeletonData/SkeletonData/RawData/205_18_1_13_1_stand.txt,205,1,1,0,16,True,
sample_1171,SkeletonData/SkeletonData/RawData/205_18_1_14_1_stand.txt,205,1,1,0,24,True,
sample_1172,SkeletonData/SkeletonData/RawData/205_18_1_15_1_stand.txt,205,1,1,0,21,True,
sample_1173,SkeletonData/SkeletonData/RawData/205_18_1_16_2_stand.txt,205,1,2,1,25,True,
sample_1174,SkeletonData/SkeletonData/RawData/205_18_1_17_2_stand.txt,205,1,2,1,23,True,
sample_1175,SkeletonData/SkeletonData/RawData/205_18_1_1_1_stand.txt,205,1,1,0,26,True,
sample_1176,SkeletonData/SkeletonData/RawData/205_18_1_2_1_stand.txt,205,1,1,0,20,True,
sample_1177,SkeletonData/SkeletonData/RawData/205_18_1_3_1_stand.txt,205,1,1,0,30,True,
sample_1178,SkeletonData/SkeletonData/RawData/205_18_1_4_1_stand.txt,205,1,1,0,29,True,
sample_1179,SkeletonData/SkeletonData/RawData/205_18_1_5_1_stand.txt,205,1,1,0,34,True,
sample_1180,SkeletonData/SkeletonData/RawData/205_18_1_6_1_stand.txt,205,1,1,0,24,True,
sample_1181,SkeletonData/SkeletonData/RawData/205_18_1_7_1_stand.txt,205,1,1,0,30,True,
sample_1182,SkeletonData/SkeletonData/RawData/205_18_1_8_1_stand.txt,205,1,1,0,29,True,
sample_1183,SkeletonData/SkeletonData/RawData/205_18_1_9_1_stand.txt,205,1,1,0,25,True,
sample_1184,SkeletonData/SkeletonData/RawData/205_18_5_1_1_stand.txt,205,5,1,0,96,True,
sample_1185,SkeletonData/SkeletonData/RawData/206_18_0_10_1_stand.txt,206,0,1,0,75,True,
sample_1186,SkeletonData/SkeletonData/RawData/206_18_0_11_1_stand.txt,206,0,1,0,78,True,
sample_1187,SkeletonData/SkeletonData/RawData/206_18_0_1_1_chair.txt,206,0,1,0,77,True,
sample_1188,SkeletonData/SkeletonData/RawData/206_18_0_2_1_chair.txt,206,0,1,0,69,True,
sample_1189,SkeletonData/SkeletonData/RawData/206_18_0_3_1_chair.txt,206,0,1,0,74,True,
sample_1190,SkeletonData/SkeletonData/RawData/206_18_0_4_1_chair.txt,206,0,1,0,69,True,
sample_1191,SkeletonData/SkeletonData/RawData/206_18_0_5_1_chair.txt,206,0,1,0,74,True,
sample_1192,SkeletonData/SkeletonData/RawData/206_18_0_6_1_stand.txt,206,0,1,0,63,True,
sample_1193,SkeletonData/SkeletonData/RawData/206_18_0_7_1_stand.txt,206,0,1,0,92,True,
sample_1194,SkeletonData/SkeletonData/RawData/206_18_0_8_1_stand.txt,206,0,1,0,94,True,
sample_1195,SkeletonData/SkeletonData/RawData/206_18_0_9_1_stand.txt,206,0,1,0,82,True,
sample_1196,SkeletonData/SkeletonData/RawData/206_18_1_10_2_stand.txt,206,1,2,1,183,True,
sample_1197,SkeletonData/SkeletonData/RawData/206_18_1_11_2_stand.txt,206,1,2,1,173,True,
sample_1198,SkeletonData/SkeletonData/RawData/206_18_1_12_2_stand.txt,206,1,2,1,142,True,
sample_1199,SkeletonData/SkeletonData/RawData/206_18_1_1_2_chair.txt,206,1,2,1,183,True,
sample_1200,SkeletonData/SkeletonData/RawData/206_18_1_2_1_chair.txt,206,1,1,0,159,True,
sample_1201,SkeletonData/SkeletonData/RawData/206_18_1_3_2_chair.txt,206,1,2,1,79,True,
sample_1202,SkeletonData/SkeletonData/RawData/206_18_1_4_2_chair.txt,206,1,2,1,134,True,
sample_1203,SkeletonData/SkeletonData/RawData/206_18_1_5_1_chair.txt,206,1,1,0,194,True,
sample_1204,SkeletonData/SkeletonData/RawData/206_18_1_6_1_chair.txt,206,1,1,0,169,True,
sample_1205,SkeletonData/SkeletonData/RawData/206_18_1_7_1_stand.txt,206,1,1,0,172,True,
sample_1206,SkeletonData/SkeletonData/RawData/206_18_1_8_1_stand.txt,206,1,1,0,132,True,
sample_1207,SkeletonData/SkeletonData/RawData/206_18_1_9_2_stand.txt,206,1,2,1,233,True,
sample_1208,SkeletonData/SkeletonData/RawData/206_18_2_10_1_stand.txt,206,2,1,0,114,True,
sample_1209,SkeletonData/SkeletonData/RawData/206_18_2_11_1_stand.txt,206,2,1,0,119,True,
sample_1210,SkeletonData/SkeletonData/RawData/206_18_2_12_1_stand.txt,206,2,1,0,119,True,
sample_1211,SkeletonData/SkeletonData/RawData/206_18_2_13_1_stand.txt,206,2,1,0,106,True,
sample_1212,SkeletonData/SkeletonData/RawData/206_18_2_14_2_chair.txt,206,2,2,1,1168,True,
sample_1213,SkeletonData/SkeletonData/RawData/206_18_2_15_2_chair.txt,206,2,2,1,329,True,
sample_1214,SkeletonData/SkeletonData/RawData/206_18_2_16_2_stand.txt,206,2,2,1,69,True,
sample_1215,SkeletonData/SkeletonData/RawData/206_18_2_17_2_stand.txt,206,2,2,1,64,True,
sample_1216,SkeletonData/SkeletonData/RawData/206_18_2_1_2_chair.txt,206,2,2,1,47,True,
sample_1217,SkeletonData/SkeletonData/RawData/206_18_2_2_1_chair.txt,206,2,1,0,169,True,
sample_1218,SkeletonData/SkeletonData/RawData/206_18_2_3_1_chair.txt,206,2,1,0,168,True,
sample_1219,SkeletonData/SkeletonData/RawData/206_18_2_4_1_chair.txt,206,2,1,0,127,True,
sample_1220,SkeletonData/SkeletonData/RawData/206_18_2_5_1_chair.txt,206,2,1,0,148,True,
sample_1221,SkeletonData/SkeletonData/RawData/206_18_2_6_1_chair.txt,206,2,1,0,132,True,
sample_1222,SkeletonData/SkeletonData/RawData/206_18_2_7_1_chair.txt,206,2,1,0,133,True,
sample_1223,SkeletonData/SkeletonData/RawData/206_18_2_8_1_stand.txt,206,2,1,0,341,True,
sample_1224,SkeletonData/SkeletonData/RawData/206_18_2_9_1_stand.txt,206,2,1,0,104,True,
sample_1225,SkeletonData/SkeletonData/RawData/206_18_3_10_2_stand.txt,206,3,2,1,69,True,
sample_1226,SkeletonData/SkeletonData/RawData/206_18_3_11_2_stand.txt,206,3,2,1,69,True,
sample_1227,SkeletonData/SkeletonData/RawData/206_18_3_12_2_stand.txt,206,3,2,1,79,True,
sample_1228,SkeletonData/SkeletonData/RawData/206_18_3_13_2_stand.txt,206,3,2,1,54,True,
sample_1229,SkeletonData/SkeletonData/RawData/206_18_3_14_2_chair.txt,206,3,2,1,59,True,
sample_1230,SkeletonData/SkeletonData/RawData/206_18_3_15_2_chair.txt,206,3,2,1,119,True,
sample_1231,SkeletonData/SkeletonData/RawData/206_18_3_16_2_chair.txt,206,3,2,1,289,True,
sample_1232,SkeletonData/SkeletonData/RawData/206_18_3_17_2_chair.txt,206,3,2,1,329,True,
sample_1233,SkeletonData/SkeletonData/RawData/206_18_3_1_2_chair.txt,206,3,2,1,489,True,
sample_1234,SkeletonData/SkeletonData/RawData/206_18_3_2_2_chair.txt,206,3,2,1,1144,True,
sample_1235,SkeletonData/SkeletonData/RawData/206_18_3_3_2_chair.txt,206,3,2,1,844,True,
sample_1236,SkeletonData/SkeletonData/RawData/206_18_3_4_2_chair.txt,206,3,2,1,246,True,
sample_1237,SkeletonData/SkeletonData/RawData/206_18_3_5_2_chair.txt,206,3,2,1,101,True,
sample_1238,SkeletonData/SkeletonData/RawData/206_18_3_6_2_chair.txt,206,3,2,1,70,True,
sample_1239,SkeletonData/SkeletonData/RawData/206_18_3_7_2_chair.txt,206,3,2,1,66,True,
sample_1240,SkeletonData/SkeletonData/RawData/206_18_3_8_2_chair.txt,206,3,2,1,150,True,
sample_1241,SkeletonData/SkeletonData/RawData/206_18_3_9_2_stand.txt,206,3,2,1,89,True,
sample_1242,SkeletonData/SkeletonData/RawData/206_18_4_10_1_stand.txt,206,4,1,0,161,True,
sample_1243,SkeletonData/SkeletonData/RawData/206_18_4_11_1_stand.txt,206,4,1,0,168,True,
sample_1244,SkeletonData/SkeletonData/RawData/206_18_4_12_2_chair.txt,206,4,2,1,189,True,
sample_1245,SkeletonData/SkeletonData/RawData/206_18_4_13_2_chair.txt,206,4,2,1,54,True,
sample_1246,SkeletonData/SkeletonData/RawData/206_18_4_14_2_chair.txt,206,4,2,1,44,True,
sample_1247,SkeletonData/SkeletonData/RawData/206_18_4_1_2_chair.txt,206,4,2,1,14,True,
sample_1248,SkeletonData/SkeletonData/RawData/206_18_4_2_1_chair.txt,206,4,1,0,39,True,
sample_1249,SkeletonData/SkeletonData/RawData/206_18_4_3_1_chair.txt,206,4,1,0,97,True,
sample_1250,SkeletonData/SkeletonData/RawData/206_18_4_4_1_chair.txt,206,4,1,0,104,True,
sample_1251,SkeletonData/SkeletonData/RawData/206_18_4_5_1_chair.txt,206,4,1,0,95,True,
sample_1252,SkeletonData/SkeletonData/RawData/206_18_4_6_1_chair.txt,206,4,1,0,97,True,
sample_1253,SkeletonData/SkeletonData/RawData/206_18_4_7_1_chair.txt,206,4,1,0,92,True,
sample_1254,SkeletonData/SkeletonData/RawData/206_18_4_8_2_chair.txt,206,4,2,1,99,True,
sample_1255,SkeletonData/SkeletonData/RawData/206_18_4_9_1_stand.txt,206,4,1,0,165,True,
sample_1256,SkeletonData/SkeletonData/RawData/206_18_5_10_2_chair.txt,206,5,2,1,39,True,
sample_1257,SkeletonData/SkeletonData/RawData/206_18_5_11_2_chair.txt,206,5,2,1,47,True,
sample_1258,SkeletonData/SkeletonData/RawData/206_18_5_12_2_chair.txt,206,5,2,1,38,True,
sample_1259,SkeletonData/SkeletonData/RawData/206_18_5_13_2_chair.txt,206,5,2,1,379,True,
sample_1260,SkeletonData/SkeletonData/RawData/206_18_5_14_2_chair.txt,206,5,2,1,89,True,
sample_1261,SkeletonData/SkeletonData/RawData/206_18_5_15_2_chair.txt,206,5,2,1,49,True,
sample_1262,SkeletonData/SkeletonData/RawData/206_18_5_16_2_chair.txt,206,5,2,1,79,True,
sample_1263,SkeletonData/SkeletonData/RawData/206_18_5_17_2_chair.txt,206,5,2,1,94,True,
sample_1264,SkeletonData/SkeletonData/RawData/206_18_5_18_2_chair.txt,206,5,2,1,84,True,
sample_1265,SkeletonData/SkeletonData/RawData/206_18_5_19_2_chair.txt,206,5,2,1,84,True,
sample_1266,SkeletonData/SkeletonData/RawData/206_18_5_1_2_chair.txt,206,5,2,1,99,True,
sample_1267,SkeletonData/SkeletonData/RawData/206_18_5_20_2_chair.txt,206,5,2,1,67,True,
sample_1268,SkeletonData/SkeletonData/RawData/206_18_5_2_2_chair.txt,206,5,2,1,224,True,
sample_1269,SkeletonData/SkeletonData/RawData/206_18_5_3_2_chair.txt,206,5,2,1,121,True,
sample_1270,SkeletonData/SkeletonData/RawData/206_18_5_4_2_chair.txt,206,5,2,1,89,True,
sample_1271,SkeletonData/SkeletonData/RawData/206_18_5_5_2_chair.txt,206,5,2,1,100,True,
sample_1272,SkeletonData/SkeletonData/RawData/206_18_5_6_2_stand.txt,206,5,2,1,283,True,
sample_1273,SkeletonData/SkeletonData/RawData/206_18_5_7_2_stand.txt,206,5,2,1,184,True,
sample_1274,SkeletonData/SkeletonData/RawData/206_18_5_8_2_stand.txt,206,5,2,1,159,True,
sample_1275,SkeletonData/SkeletonData/RawData/206_18_5_9_2_stand.txt,206,5,2,1,135,True,
sample_1276,SkeletonData/SkeletonData/RawData/206_18_6_10_1_stand.txt,206,6,1,0,129,True,
sample_1277,SkeletonData/SkeletonData/RawData/206_18_6_11_1_stand.txt,206,6,1,0,119,True,
sample_1278,SkeletonData/SkeletonData/RawData/206_18_6_12_2_chair.txt,206,6,2,1,289,True,
sample_1279,SkeletonData/SkeletonData/RawData/206_18_6_13_2_chair.txt,206,6,2,1,254,True,
sample_1280,SkeletonData/SkeletonData/RawData/206_18_6_14_2_stand.txt,206,6,2,1,309,True,
sample_1281,SkeletonData/SkeletonData/RawData/206_18_6_1_1_chair.txt,206,6,1,0,269,True,
sample_1282,SkeletonData/SkeletonData/RawData/206_18_6_2_2_chair.txt,206,6,2,1,231,True,
sample_1283,SkeletonData/SkeletonData/RawData/206_18_6_3_1_chair.txt,206,6,1,0,269,True,
sample_1284,SkeletonData/SkeletonData/RawData/206_18_6_4_1_chair.txt,206,6,1,0,192,True,
sample_1285,SkeletonData/SkeletonData/RawData/206_18_6_5_1_chair.txt,206,6,1,0,177,True,
sample_1286,SkeletonData/SkeletonData/RawData/206_18_6_6_1_chair.txt,206,6,1,0,147,True,
sample_1287,SkeletonData/SkeletonData/RawData/206_18_6_7_2_chair.txt,206,6,2,1,57,True,
sample_1288,SkeletonData/SkeletonData/RawData/206_18_6_8_1_stand.txt,206,6,1,0,174,True,
sample_1289,SkeletonData/SkeletonData/RawData/206_18_6_9_1_stand.txt,206,6,1,0,139,True,
sample_1290,SkeletonData/SkeletonData/RawData/206_18_7_10_1_chair.txt,206,7,1,0,94,True,
sample_1291,SkeletonData/SkeletonData/RawData/206_18_7_11_1_chair.txt,206,7,1,0,89,True,
sample_1292,SkeletonData/SkeletonData/RawData/206_18_7_12_1_chair.txt,206,7,1,0,100,True,
sample_1293,SkeletonData/SkeletonData/RawData/206_18_7_13_1_chair.txt,206,7,1,0,79,True,
sample_1294,SkeletonData/SkeletonData/RawData/206_18_7_14_2_chair.txt,206,7,2,1,44,True,
sample_1295,SkeletonData/SkeletonData/RawData/206_18_7_15_1_stand.txt,206,7,1,0,69,True,
sample_1296,SkeletonData/SkeletonData/RawData/206_18_7_16_1_stand.txt,206,7,1,0,49,True,
sample_1297,SkeletonData/SkeletonData/RawData/206_18_7_17_1_stand.txt,206,7,1,0,59,True,
sample_1298,SkeletonData/SkeletonData/RawData/206_18_7_18_1_stand.txt,206,7,1,0,39,True,
sample_1299,SkeletonData/SkeletonData/RawData/206_18_7_19_1_stand.txt,206,7,1,0,54,True,
sample_1300,SkeletonData/SkeletonData/RawData/206_18_7_1_1_chair.txt,206,7,1,0,69,True,
sample_1301,SkeletonData/SkeletonData/RawData/206_18_7_20_1_stand.txt,206,7,1,0,54,True,
sample_1302,SkeletonData/SkeletonData/RawData/206_18_7_21_1_stand.txt,206,7,1,0,59,True,
sample_1303,SkeletonData/SkeletonData/RawData/206_18_7_22_1_stand.txt,206,7,1,0,59,True,
sample_1304,SkeletonData/SkeletonData/RawData/206_18_7_23_2_chair.txt,206,7,2,1,219,True,
sample_1305,SkeletonData/SkeletonData/RawData/206_18_7_24_2_chair.txt,206,7,2,1,79,True,
sample_1306,SkeletonData/SkeletonData/RawData/206_18_7_25_2_stand.txt,206,7,2,1,114,True,
sample_1307,SkeletonData/SkeletonData/RawData/206_18_7_2_1_chair.txt,206,7,1,0,74,True,
sample_1308,SkeletonData/SkeletonData/RawData/206_18_7_3_1_chair.txt,206,7,1,0,164,True,
sample_1309,SkeletonData/SkeletonData/RawData/206_18_7_4_1_chair.txt,206,7,1,0,139,True,
sample_1310,SkeletonData/SkeletonData/RawData/206_18_7_5_1_chair.txt,206,7,1,0,94,True,
sample_1311,SkeletonData/SkeletonData/RawData/206_18_7_6_1_chair.txt,206,7,1,0,89,True,
sample_1312,SkeletonData/SkeletonData/RawData/206_18_7_7_1_chair.txt,206,7,1,0,39,True,
sample_1313,SkeletonData/SkeletonData/RawData/206_18_7_8_2_chair.txt,206,7,2,1,79,True,
sample_1314,SkeletonData/SkeletonData/RawData/206_18_7_9_1_chair.txt,206,7,1,0,139,True,
sample_1315,SkeletonData/SkeletonData/RawData/206_18_8_10_2_stand.txt,206,8,2,1,79,True,
sample_1316,SkeletonData/SkeletonData/RawData/206_18_8_1_1_stand.txt,206,8,1,0,52,True,
sample_1317,SkeletonData/SkeletonData/RawData/206_18_8_2_1_stand.txt,206,8,1,0,119,True,
sample_1318,SkeletonData/SkeletonData/RawData/206_18_8_3_1_stand.txt,206,8,1,0,94,True,
sample_1319,SkeletonData/SkeletonData/RawData/206_18_8_4_1_stand.txt,206,8,1,0,99,True,
sample_1320,SkeletonData/SkeletonData/RawData/206_18_8_5_1_stand.txt,206,8,1,0,74,True,
sample_1321,SkeletonData/SkeletonData/RawData/206_18_8_6_1_stand.txt,206,8,1,0,84,True,
sample_1322,SkeletonData/SkeletonData/RawData/206_18_8_7_1_stand.txt,206,8,1,0,59,True,
sample_1323,SkeletonData/SkeletonData/RawData/206_18_8_8_2_stand.txt,206,8,2,1,72,True,
sample_1324,SkeletonData/SkeletonData/RawData/206_18_8_9_2_stand.txt,206,8,2,1,37,True,
sample_1325,SkeletonData/SkeletonData/RawData/207_18_0_10_2_stand.txt,207,0,2,1,29,True,
sample_1326,SkeletonData/SkeletonData/RawData/207_18_0_11_2_stand.txt,207,0,2,1,39,True,
sample_1327,SkeletonData/SkeletonData/RawData/207_18_0_12_2_stand.txt,207,0,2,1,44,True,
sample_1328,SkeletonData/SkeletonData/RawData/207_18_0_13_2_stand.txt,207,0,2,1,104,True,
sample_1329,SkeletonData/SkeletonData/RawData/207_18_0_14_2_stand.txt,207,0,2,1,44,True,
sample_1330,SkeletonData/SkeletonData/RawData/207_18_0_15_2_stand.txt,207,0,2,1,69,True,
sample_1331,SkeletonData/SkeletonData/RawData/207_18_0_16_2_stand.txt,207,0,2,1,69,True,
sample_1332,SkeletonData/SkeletonData/RawData/207_18_0_17_2_stand.txt,207,0,2,1,64,True,
sample_1333,SkeletonData/SkeletonData/RawData/207_18_0_18_2_stand.txt,207,0,2,1,129,True,
sample_1334,SkeletonData/SkeletonData/RawData/207_18_0_19_2_stand.txt,207,0,2,1,49,True,
sample_1335,SkeletonData/SkeletonData/RawData/207_18_0_1_2_stand.txt,207,0,2,1,309,True,
sample_1336,SkeletonData/SkeletonData/RawData/207_18_0_20_2_stand.txt,207,0,2,1,64,True,
sample_1337,SkeletonData/SkeletonData/RawData/207_18_0_21_2_stand.txt,207,0,2,1,49,True,
sample_1338,SkeletonData/SkeletonData/RawData/207_18_0_2_2_stand.txt,207,0,2,1,269,True,
sample_1339,SkeletonData/SkeletonData/RawData/207_18_0_3_2_stand.txt,207,0,2,1,169,True,
sample_1340,SkeletonData/SkeletonData/RawData/207_18_0_4_2_stand.txt,207,0,2,1,39,True,
sample_1341,SkeletonData/SkeletonData/RawData/207_18_0_5_2_stand.txt,207,0,2,1,67,True,
sample_1342,SkeletonData/SkeletonData/RawData/207_18_0_6_2_stand.txt,207,0,2,1,129,True,
sample_1343,SkeletonData/SkeletonData/RawData/207_18_0_7_2_stand.txt,207,0,2,1,179,True,
sample_1344,SkeletonData/SkeletonData/RawData/207_18_0_8_2_stand.txt,207,0,2,1,124,True,
sample_1345,SkeletonData/SkeletonData/RawData/207_18_0_9_2_stand.txt,207,0,2,1,49,True,
sample_1346,SkeletonData/SkeletonData/RawData/207_18_1_10_1_stand.txt,207,1,1,0,329,True,
sample_1347,SkeletonData/SkeletonData/RawData/207_18_1_11_2_stand.txt,207,1,2,1,629,True,
sample_1348,SkeletonData/SkeletonData/RawData/207_18_1_12_2_stand.txt,207,1,2,1,564,True,
sample_1349,SkeletonData/SkeletonData/RawData/207_18_1_13_2_stand.txt,207,1,2,1,279,True,
sample_1350,SkeletonData/SkeletonData/RawData/207_18_1_14_2_stand.txt,207,1,2,1,264,True,
sample_1351,SkeletonData/SkeletonData/RawData/207_18_1_15_2_stand.txt,207,1,2,1,809,True,
sample_1352,SkeletonData/SkeletonData/RawData/207_18_1_1_1_stand.txt,207,1,1,0,159,True,
sample_1353,SkeletonData/SkeletonData/RawData/207_18_1_2_2_stand.txt,207,1,2,1,299,True,
sample_1354,SkeletonData/SkeletonData/RawData/207_18_1_3_2_stand.txt,207,1,2,1,514,True,
sample_1355,SkeletonData/SkeletonData/RawData/207_18_1_4_2_stand.txt,207,1,2,1,229,True,
sample_1356,SkeletonData/SkeletonData/RawData/207_18_1_5_2_stand.txt,207,1,2,1,249,True,
sample_1357,SkeletonData/SkeletonData/RawData/207_18_1_6_2_stand.txt,207,1,2,1,374,True,
sample_1358,SkeletonData/SkeletonData/RawData/207_18_1_7_2_stand.txt,207,1,2,1,319,True,
sample_1359,SkeletonData/SkeletonData/RawData/207_18_1_8_2_stand.txt,207,1,2,1,284,True,
sample_1360,SkeletonData/SkeletonData/RawData/207_18_1_9_1_stand.txt,207,1,1,0,82,True,
sample_1361,SkeletonData/SkeletonData/RawData/207_18_3_10_2_stand.txt,207,3,2,1,144,True,
sample_1362,SkeletonData/SkeletonData/RawData/207_18_3_11_2_stand.txt,207,3,2,1,504,True,
sample_1363,SkeletonData/SkeletonData/RawData/207_18_3_12_2_stand.txt,207,3,2,1,169,True,
sample_1364,SkeletonData/SkeletonData/RawData/207_18_3_13_2_stand.txt,207,3,2,1,231,True,
sample_1365,SkeletonData/SkeletonData/RawData/207_18_3_14_2_stand.txt,207,3,2,1,209,True,
sample_1366,SkeletonData/SkeletonData/RawData/207_18_3_15_2_stand.txt,207,3,2,1,64,True,
sample_1367,SkeletonData/SkeletonData/RawData/207_18_3_16_2_stand.txt,207,3,2,1,56,True,
sample_1368,SkeletonData/SkeletonData/RawData/207_18_3_1_2_stand.txt,207,3,2,1,899,True,
sample_1369,SkeletonData/SkeletonData/RawData/207_18_3_2_2_stand.txt,207,3,2,1,199,True,
sample_1370,SkeletonData/SkeletonData/RawData/207_18_3_3_2_stand.txt,207,3,2,1,1239,True,
sample_1371,SkeletonData/SkeletonData/RawData/207_18_3_4_2_stand.txt,207,3,2,1,264,True,
sample_1372,SkeletonData/SkeletonData/RawData/207_18_3_5_2_stand.txt,207,3,2,1,294,True,
sample_1373,SkeletonData/SkeletonData/RawData/207_18_3_6_2_stand.txt,207,3,2,1,549,True,
sample_1374,SkeletonData/SkeletonData/RawData/207_18_3_7_2_stand.txt,207,3,2,1,164,True,
sample_1375,SkeletonData/SkeletonData/RawData/207_18_3_8_2_stand.txt,207,3,2,1,584,True,
sample_1376,SkeletonData/SkeletonData/RawData/207_18_3_9_2_stand.txt,207,3,2,1,314,True,
sample_1377,SkeletonData/SkeletonData/RawData/207_18_6_10_2_stand.txt,207,6,2,1,249,True,
sample_1378,SkeletonData/SkeletonData/RawData/207_18_6_11_2_stand.txt,207,6,2,1,229,True,
sample_1379,SkeletonData/SkeletonData/RawData/207_18_6_12_2_stand.txt,207,6,2,1,69,True,
sample_1380,SkeletonData/SkeletonData/RawData/207_18_6_13_2_stand.txt,207,6,2,1,164,True,
sample_1381,SkeletonData/SkeletonData/RawData/207_18_6_14_2_stand.txt,207,6,2,1,159,True,
sample_1382,SkeletonData/SkeletonData/RawData/207_18_6_15_2_stand.txt,207,6,2,1,179,True,
sample_1383,SkeletonData/SkeletonData/RawData/207_18_6_16_2_stand.txt,207,6,2,1,144,True,
sample_1384,SkeletonData/SkeletonData/RawData/207_18_6_17_2_stand.txt,207,6,2,1,141,True,
sample_1385,SkeletonData/SkeletonData/RawData/207_18_6_18_2_stand.txt,207,6,2,1,439,True,
sample_1386,SkeletonData/SkeletonData/RawData/207_18_6_19_2_stand.txt,207,6,2,1,49,True,
sample_1387,SkeletonData/SkeletonData/RawData/207_18_6_1_2_stand.txt,207,6,2,1,234,True,
sample_1388,SkeletonData/SkeletonData/RawData/207_18_6_20_2_stand.txt,207,6,2,1,364,True,
sample_1389,SkeletonData/SkeletonData/RawData/207_18_6_2_2_stand.txt,207,6,2,1,174,True,
sample_1390,SkeletonData/SkeletonData/RawData/207_18_6_3_2_stand.txt,207,6,2,1,209,True,
sample_1391,SkeletonData/SkeletonData/RawData/207_18_6_4_2_stand.txt,207,6,2,1,139,True,
sample_1392,SkeletonData/SkeletonData/RawData/207_18_6_5_2_stand.txt,207,6,2,1,34,True,
sample_1393,SkeletonData/SkeletonData/RawData/207_18_6_6_2_stand.txt,207,6,2,1,189,True,
sample_1394,SkeletonData/SkeletonData/RawData/207_18_6_7_2_stand.txt,207,6,2,1,49,True,
sample_1395,SkeletonData/SkeletonData/RawData/207_18_6_8_2_stand.txt,207,6,2,1,249,True,
sample_1396,SkeletonData/SkeletonData/RawData/207_18_6_9_2_stand.txt,207,6,2,1,129,True,
sample_1397,SkeletonData/SkeletonData/RawData/207_18_7_1_2_stand.txt,207,7,2,1,34,True,
sample_1398,SkeletonData/SkeletonData/RawData/207_18_7_2_2_stand.txt,207,7,2,1,34,True,
sample_1399,SkeletonData/SkeletonData/RawData/207_18_7_3_2_stand.txt,207,7,2,1,34,True,
sample_1400,SkeletonData/SkeletonData/RawData/207_18_7_4_2_stand.txt,207,7,2,1,39,True,
sample_1401,SkeletonData/SkeletonData/RawData/207_18_7_5_2_stand.txt,207,7,2,1,34,True,
sample_1402,SkeletonData/SkeletonData/RawData/207_18_7_6_2_stand.txt,207,7,2,1,34,True,
sample_1403,SkeletonData/SkeletonData/RawData/207_18_7_7_2_stand.txt,207,7,2,1,39,True,
sample_1404,SkeletonData/SkeletonData/RawData/207_18_7_8_2_stand.txt,207,7,2,1,39,True,
sample_1405,SkeletonData/SkeletonData/RawData/207_18_7_9_1_stand.txt,207,7,1,0,49,True,
sample_1406,SkeletonData/SkeletonData/RawData/207_18_8_1_1_stand.txt,207,8,1,0,74,True,
sample_1407,SkeletonData/SkeletonData/RawData/207_18_8_2_2_stand.txt,207,8,2,1,34,True,
sample_1408,SkeletonData/SkeletonData/RawData/207_18_8_3_2_stand.txt,207,8,2,1,29,True,
sample_1409,SkeletonData/SkeletonData/RawData/207_18_8_4_2_stand.txt,207,8,2,1,29,True,
sample_1410,SkeletonData/SkeletonData/RawData/207_18_8_5_2_stand.txt,207,8,2,1,24,True,
sample_1411,SkeletonData/SkeletonData/RawData/207_18_8_6_2_stand.txt,207,8,2,1,149,True,
sample_1412,SkeletonData/SkeletonData/RawData/207_18_8_7_2_stand.txt,207,8,2,1,49,True,
sample_1413,SkeletonData/SkeletonData/RawData/207_18_8_8_2_stand.txt,207,8,2,1,34,True,
sample_1414,SkeletonData/SkeletonData/RawData/209_18_0_1_2_wheelchair.txt,209,0,2,1,153,True,
sample_1415,SkeletonData/SkeletonData/RawData/209_18_0_2_1_wheelchair.txt,209,0,1,0,99,True,
sample_1416,SkeletonData/SkeletonData/RawData/209_18_0_3_1_wheelchair.txt,209,0,1,0,93,True,
sample_1417,SkeletonData/SkeletonData/RawData/209_18_0_4_1_wheelchair.txt,209,0,1,0,106,True,
sample_1418,SkeletonData/SkeletonData/RawData/209_18_0_5_1_wheelchair.txt,209,0,1,0,100,True,
sample_1419,SkeletonData/SkeletonData/RawData/209_18_0_6_1_wheelchair.txt,209,0,1,0,109,True,
sample_1420,SkeletonData/SkeletonData/RawData/209_18_0_7_2_wheelchair.txt,209,0,2,1,67,True,
sample_1421,SkeletonData/SkeletonData/RawData/209_18_1_1_1_wheelchair.txt,209,1,1,0,57,True,
sample_1422,SkeletonData/SkeletonData/RawData/209_18_1_2_1_wheelchair.txt,209,1,1,0,55,True,
sample_1423,SkeletonData/SkeletonData/RawData/209_18_1_3_1_wheelchair.txt,209,1,1,0,49,True,
sample_1424,SkeletonData/SkeletonData/RawData/209_18_1_4_1_wheelchair.txt,209,1,1,0,55,True,
sample_1425,SkeletonData/SkeletonData/RawData/209_18_1_5_1_wheelchair.txt,209,1,1,0,55,True,
sample_1426,SkeletonData/SkeletonData/RawData/209_18_1_6_1_wheelchair.txt,209,1,1,0,45,True,
sample_1427,SkeletonData/SkeletonData/RawData/209_18_2_10_1_wheelchair.txt,209,2,1,0,159,True,
sample_1428,SkeletonData/SkeletonData/RawData/209_18_2_11_1_wheelchair.txt,209,2,1,0,149,True,
sample_1429,SkeletonData/SkeletonData/RawData/209_18_2_12_1_wheelchair.txt,209,2,1,0,179,True,
sample_1430,SkeletonData/SkeletonData/RawData/209_18_2_1_2_wheelchair.txt,209,2,2,1,77,True,
sample_1431,SkeletonData/SkeletonData/RawData/209_18_2_2_1_wheelchair.txt,209,2,1,0,159,True,
sample_1432,SkeletonData/SkeletonData/RawData/209_18_2_3_2_wheelchair.txt,209,2,2,1,165,True,
sample_1433,SkeletonData/SkeletonData/RawData/209_18_2_4_2_wheelchair.txt,209,2,2,1,262,True,
sample_1434,SkeletonData/SkeletonData/RawData/209_18_2_5_2_wheelchair.txt,209,2,2,1,189,True,
sample_1435,SkeletonData/SkeletonData/RawData/209_18_2_6_2_wheelchair.txt,209,2,2,1,184,True,
sample_1436,SkeletonData/SkeletonData/RawData/209_18_2_7_1_wheelchair.txt,209,2,1,0,129,True,
sample_1437,SkeletonData/SkeletonData/RawData/209_18_2_8_1_wheelchair.txt,209,2,1,0,154,True,
sample_1438,SkeletonData/SkeletonData/RawData/209_18_2_9_1_wheelchair.txt,209,2,1,0,159,True,
sample_1439,SkeletonData/SkeletonData/RawData/209_18_3_1_1_wheelchair.txt,209,3,1,0,90,True,
sample_1440,SkeletonData/SkeletonData/RawData/209_18_3_2_1_wheelchair.txt,209,3,1,0,89,True,
sample_1441,SkeletonData/SkeletonData/RawData/209_18_3_3_1_wheelchair.txt,209,3,1,0,94,True,
sample_1442,SkeletonData/SkeletonData/RawData/209_18_3_4_1_wheelchair.txt,209,3,1,0,84,True,
sample_1443,SkeletonData/SkeletonData/RawData/209_18_3_5_1_wheelchair.txt,209,3,1,0,92,True,
sample_1444,SkeletonData/SkeletonData/RawData/209_18_5_1_1_wheelchair.txt,209,5,1,0,83,True,
sample_1445,SkeletonData/SkeletonData/RawData/209_18_5_2_1_wheelchair.txt,209,5,1,0,93,True,
sample_1446,SkeletonData/SkeletonData/RawData/209_18_5_3_1_wheelchair.txt,209,5,1,0,80,True,
sample_1447,SkeletonData/SkeletonData/RawData/209_18_5_4_1_wheelchair.txt,209,5,1,0,84,True,
sample_1448,SkeletonData/SkeletonData/RawData/209_18_5_5_1_wheelchair.txt,209,5,1,0,81,True,
sample_1449,SkeletonData/SkeletonData/RawData/209_18_5_6_1_wheelchair.txt,209,5,1,0,75,True,
sample_1450,SkeletonData/SkeletonData/RawData/209_18_6_1_1_wheelchair.txt,209,6,1,0,216,True,
sample_1451,SkeletonData/SkeletonData/RawData/209_18_6_2_1_wheelchair.txt,209,6,1,0,159,True,
sample_1452,SkeletonData/SkeletonData/RawData/209_18_6_3_1_wheelchair.txt,209,6,1,0,148,True,
sample_1453,SkeletonData/SkeletonData/RawData/209_18_6_4_1_wheelchair.txt,209,6,1,0,127,True,
sample_1454,SkeletonData/SkeletonData/RawData/209_18_6_5_1_wheelchair.txt,209,6,1,0,132,True,
sample_1455,SkeletonData/SkeletonData/RawData/209_18_6_6_1_wheelchair.txt,209,6,1,0,142,True,
sample_1456,SkeletonData/SkeletonData/RawData/209_18_7_1_2_wheelchair.txt,209,7,2,1,229,True,
sample_1457,SkeletonData/SkeletonData/RawData/209_18_7_2_2_wheelchair.txt,209,7,2,1,171,True,
sample_1458,SkeletonData/SkeletonData/RawData/209_18_7_3_2_wheelchair.txt,209,7,2,1,194,True,
sample_1459,SkeletonData/SkeletonData/RawData/209_18_7_4_2_wheelchair.txt,209,7,2,1,214,True,
sample_1460,SkeletonData/SkeletonData/RawData/209_18_7_5_2_wheelchair.txt,209,7,2,1,199,True,
sample_1461,SkeletonData/SkeletonData/RawData/209_18_7_6_2_wheelchair.txt,209,7,2,1,245,True,
sample_1462,SkeletonData/SkeletonData/RawData/209_18_8_1_2_wheelchair.txt,209,8,2,1,13,True,
sample_1463,SkeletonData/SkeletonData/RawData/209_18_8_2_1_wheelchair.txt,209,8,1,0,62,True,
sample_1464,SkeletonData/SkeletonData/RawData/209_18_8_3_1_wheelchair.txt,209,8,1,0,57,True,
sample_1465,SkeletonData/SkeletonData/RawData/209_18_8_4_1_wheelchair.txt,209,8,1,0,60,True,
sample_1466,SkeletonData/SkeletonData/RawData/209_18_8_5_1_wheelchair.txt,209,8,1,0,56,True,
sample_1467,SkeletonData/SkeletonData/RawData/210_18_1_1_1_wheelchair.txt,210,1,1,0,139,True,
sample_1468,SkeletonData/SkeletonData/RawData/210_18_1_2_1_wheelchair.txt,210,1,1,0,140,True,
sample_1469,SkeletonData/SkeletonData/RawData/210_18_1_3_1_wheelchair.txt,210,1,1,0,124,True,
sample_1470,SkeletonData/SkeletonData/RawData/210_18_1_4_1_wheelchair.txt,210,1,1,0,121,True,
sample_1471,SkeletonData/SkeletonData/RawData/210_18_1_5_1_wheelchair.txt,210,1,1,0,94,True,
sample_1472,SkeletonData/SkeletonData/RawData/210_18_1_6_2_wheelchair.txt,210,1,2,1,114,True,
sample_1473,SkeletonData/SkeletonData/RawData/210_18_2_1_1_wheelchair.txt,210,2,1,0,140,True,
sample_1474,SkeletonData/SkeletonData/RawData/210_18_2_2_1_wheelchair.txt,210,2,1,0,134,True,
sample_1475,SkeletonData/SkeletonData/RawData/210_18_2_3_1_wheelchair.txt,210,2,1,0,150,True,
sample_1476,SkeletonData/SkeletonData/RawData/210_18_2_4_1_wheelchair.txt,210,2,1,0,112,True,
sample_1477,SkeletonData/SkeletonData/RawData/210_18_2_5_1_wheelchair.txt,210,2,1,0,119,True,
sample_1478,SkeletonData/SkeletonData/RawData/210_18_3_1_1_wheelchair.txt,210,3,1,0,110,True,
sample_1479,SkeletonData/SkeletonData/RawData/210_18_3_2_1_wheelchair.txt,210,3,1,0,109,True,
sample_1480,SkeletonData/SkeletonData/RawData/210_18_3_3_1_wheelchair.txt,210,3,1,0,114,True,
sample_1481,SkeletonData/SkeletonData/RawData/210_18_3_4_1_wheelchair.txt,210,3,1,0,124,True,
sample_1482,SkeletonData/SkeletonData/RawData/210_18_3_5_1_wheelchair.txt,210,3,1,0,121,True,
sample_1483,SkeletonData/SkeletonData/RawData/210_18_4_1_1_wheelchair.txt,210,4,1,0,141,True,
sample_1484,SkeletonData/SkeletonData/RawData/210_18_4_2_1_wheelchair.txt,210,4,1,0,245,True,
sample_1485,SkeletonData/SkeletonData/RawData/210_18_4_3_1_wheelchair.txt,210,4,1,0,187,True,
sample_1486,SkeletonData/SkeletonData/RawData/210_18_4_4_1_wheelchair.txt,210,4,1,0,171,True,
sample_1487,SkeletonData/SkeletonData/RawData/210_18_4_5_1_wheelchair.txt,210,4,1,0,157,True,
sample_1488,SkeletonData/SkeletonData/RawData/210_18_5_1_1_wheelchair.txt,210,5,1,0,179,True,
sample_1489,SkeletonData/SkeletonData/RawData/210_18_5_2_1_wheelchair.txt,210,5,1,0,147,True,
sample_1490,SkeletonData/SkeletonData/RawData/210_18_5_3_1_wheelchair.txt,210,5,1,0,140,True,
sample_1491,SkeletonData/SkeletonData/RawData/210_18_5_4_1_wheelchair.txt,210,5,1,0,133,True,
sample_1492,SkeletonData/SkeletonData/RawData/210_18_5_5_1_wheelchair.txt,210,5,1,0,123,True,
sample_1493,SkeletonData/SkeletonData/RawData/210_18_5_6_2_wheelchair.txt,210,5,2,1,54,True,
sample_1494,SkeletonData/SkeletonData/RawData/210_18_6_1_2_wheelchair.txt,210,6,2,1,180,True,
sample_1495,SkeletonData/SkeletonData/RawData/210_18_6_2_2_wheelchair.txt,210,6,2,1,144,True,
sample_1496,SkeletonData/SkeletonData/RawData/210_18_6_3_2_wheelchair.txt,210,6,2,1,121,True,
sample_1497,SkeletonData/SkeletonData/RawData/210_18_6_4_2_wheelchair.txt,210,6,2,1,131,True,
sample_1498,SkeletonData/SkeletonData/RawData/210_18_6_5_2_wheelchair.txt,210,6,2,1,144,True,
sample_1499,SkeletonData/SkeletonData/RawData/210_18_7_1_3_wheelchair.txt,210,7,3,-1,586,False,label_3_unclassified_repetition
sample_1500,SkeletonData/SkeletonData/RawData/210_18_8_1_3_wheelchair.txt,210,8,3,-1,269,False,label_3_unclassified_repetition
sample_1501,SkeletonData/SkeletonData/RawData/211_18_0_1_2_stand.txt,211,0,2,1,88,True,
sample_1502,SkeletonData/SkeletonData/RawData/211_18_0_2_2_stand.txt,211,0,2,1,122,True,
sample_1503,SkeletonData/SkeletonData/RawData/211_18_0_3_2_stand.txt,211,0,2,1,71,True,
sample_1504,SkeletonData/SkeletonData/RawData/211_18_0_4_2_stand.txt,211,0,2,1,170,True,
sample_1505,SkeletonData/SkeletonData/RawData/211_18_0_5_2_stand.txt,211,0,2,1,228,True,
sample_1506,SkeletonData/SkeletonData/RawData/211_18_1_1_1_stand.txt,211,1,1,0,64,True,
sample_1507,SkeletonData/SkeletonData/RawData/211_18_1_2_1_stand.txt,211,1,1,0,65,True,
sample_1508,SkeletonData/SkeletonData/RawData/211_18_1_3_1_stand.txt,211,1,1,0,65,True,
sample_1509,SkeletonData/SkeletonData/RawData/211_18_1_4_1_stand.txt,211,1,1,0,67,True,
sample_1510,SkeletonData/SkeletonData/RawData/211_18_1_5_1_stand.txt,211,1,1,0,66,True,
sample_1511,SkeletonData/SkeletonData/RawData/211_18_2_1_2_stand.txt,211,2,2,1,125,True,
sample_1512,SkeletonData/SkeletonData/RawData/211_18_2_2_2_stand.txt,211,2,2,1,100,True,
sample_1513,SkeletonData/SkeletonData/RawData/211_18_2_3_2_stand.txt,211,2,2,1,134,True,
sample_1514,SkeletonData/SkeletonData/RawData/211_18_2_4_2_stand.txt,211,2,2,1,75,True,
sample_1515,SkeletonData/SkeletonData/RawData/211_18_2_5_2_stand.txt,211,2,2,1,64,True,
sample_1516,SkeletonData/SkeletonData/RawData/211_18_3_1_1_stand.txt,211,3,1,0,106,True,
sample_1517,SkeletonData/SkeletonData/RawData/211_18_3_2_1_stand.txt,211,3,1,0,87,True,
sample_1518,SkeletonData/SkeletonData/RawData/211_18_3_3_1_stand.txt,211,3,1,0,90,True,
sample_1519,SkeletonData/SkeletonData/RawData/211_18_3_4_1_stand.txt,211,3,1,0,80,True,
sample_1520,SkeletonData/SkeletonData/RawData/211_18_3_5_1_stand.txt,211,3,1,0,68,True,
sample_1521,SkeletonData/SkeletonData/RawData/211_18_4_1_2_stand.txt,211,4,2,1,106,True,
sample_1522,SkeletonData/SkeletonData/RawData/211_18_4_2_2_stand.txt,211,4,2,1,64,True,
sample_1523,SkeletonData/SkeletonData/RawData/211_18_4_3_2_stand.txt,211,4,2,1,81,True,
sample_1524,SkeletonData/SkeletonData/RawData/211_18_4_4_2_stand.txt,211,4,2,1,70,True,
sample_1525,SkeletonData/SkeletonData/RawData/211_18_4_5_2_stand.txt,211,4,2,1,81,True,
sample_1526,SkeletonData/SkeletonData/RawData/211_18_5_1_1_stand.txt,211,5,1,0,172,True,
sample_1527,SkeletonData/SkeletonData/RawData/211_18_5_2_1_stand.txt,211,5,1,0,111,True,
sample_1528,SkeletonData/SkeletonData/RawData/211_18_5_3_1_stand.txt,211,5,1,0,102,True,
sample_1529,SkeletonData/SkeletonData/RawData/211_18_5_4_1_stand.txt,211,5,1,0,103,True,
sample_1530,SkeletonData/SkeletonData/RawData/211_18_5_5_1_stand.txt,211,5,1,0,99,True,
sample_1531,SkeletonData/SkeletonData/RawData/211_18_6_1_1_stand.txt,211,6,1,0,218,True,
sample_1532,SkeletonData/SkeletonData/RawData/211_18_6_2_1_stand.txt,211,6,1,0,127,True,
sample_1533,SkeletonData/SkeletonData/RawData/211_18_6_3_1_stand.txt,211,6,1,0,123,True,
sample_1534,SkeletonData/SkeletonData/RawData/211_18_6_4_1_stand.txt,211,6,1,0,121,True,
sample_1535,SkeletonData/SkeletonData/RawData/211_18_6_5_3_stand.txt,211,6,3,-1,154,False,label_3_unclassified_repetition
sample_1536,SkeletonData/SkeletonData/RawData/211_18_6_6_1_stand.txt,211,6,1,0,116,True,
sample_1537,SkeletonData/SkeletonData/RawData/211_18_7_1_1_stand.txt,211,7,1,0,89,True,
sample_1538,SkeletonData/SkeletonData/RawData/211_18_7_2_1_stand.txt,211,7,1,0,79,True,
sample_1539,SkeletonData/SkeletonData/RawData/211_18_7_3_1_stand.txt,211,7,1,0,70,True,
sample_1540,SkeletonData/SkeletonData/RawData/211_18_7_4_2_stand.txt,211,7,2,1,44,True,
sample_1541,SkeletonData/SkeletonData/RawData/211_18_7_5_3_stand.txt,211,7,3,-1,34,False,label_3_unclassified_repetition
sample_1542,SkeletonData/SkeletonData/RawData/211_18_7_6_3_stand.txt,211,7,3,-1,36,False,label_3_unclassified_repetition
sample_1543,SkeletonData/SkeletonData/RawData/211_18_7_7_2_stand.txt,211,7,2,1,174,True,
sample_1544,SkeletonData/SkeletonData/RawData/211_18_7_8_2_stand.txt,211,7,2,1,114,True,
sample_1545,SkeletonData/SkeletonData/RawData/211_18_7_9_2_stand.txt,211,7,2,1,99,True,
sample_1546,SkeletonData/SkeletonData/RawData/211_18_8_1_1_stand.txt,211,8,1,0,97,True,
sample_1547,SkeletonData/SkeletonData/RawData/211_18_8_2_1_stand.txt,211,8,1,0,55,True,
sample_1548,SkeletonData/SkeletonData/RawData/211_18_8_3_1_stand.txt,211,8,1,0,52,True,
sample_1549,SkeletonData/SkeletonData/RawData/211_18_8_4_1_stand.txt,211,8,1,0,50,True,
sample_1550,SkeletonData/SkeletonData/RawData/211_18_8_5_1_stand.txt,211,8,1,0,49,True,
sample_1551,SkeletonData/SkeletonData/RawData/211_18_8_6_1_stand.txt,211,8,1,0,47,True,
sample_1552,SkeletonData/SkeletonData/RawData/212_18_0_1_1_wheelchair.txt,212,0,1,0,47,True,
sample_1553,SkeletonData/SkeletonData/RawData/212_18_0_2_1_wheelchair.txt,212,0,1,0,47,True,
sample_1554,SkeletonData/SkeletonData/RawData/212_18_0_3_1_wheelchair.txt,212,0,1,0,51,True,
sample_1555,SkeletonData/SkeletonData/RawData/212_18_0_4_1_wheelchair.txt,212,0,1,0,42,True,
sample_1556,SkeletonData/SkeletonData/RawData/212_18_0_5_1_wheelchair.txt,212,0,1,0,43,True,
sample_1557,SkeletonData/SkeletonData/RawData/212_18_0_6_1_wheelchair.txt,212,0,1,0,51,True,
sample_1558,SkeletonData/SkeletonData/RawData/212_18_1_1_1_wheelchair.txt,212,1,1,0,46,True,
sample_1559,SkeletonData/SkeletonData/RawData/212_18_1_2_2_wheelchair.txt,212,1,2,1,53,True,
sample_1560,SkeletonData/SkeletonData/RawData/212_18_1_3_1_wheelchair.txt,212,1,1,0,38,True,
sample_1561,SkeletonData/SkeletonData/RawData/212_18_1_4_1_wheelchair.txt,212,1,1,0,53,True,
sample_1562,SkeletonData/SkeletonData/RawData/212_18_1_5_1_wheelchair.txt,212,1,1,0,34,True,
sample_1563,SkeletonData/SkeletonData/RawData/212_18_1_6_1_wheelchair.txt,212,1,1,0,48,True,
sample_1564,SkeletonData/SkeletonData/RawData/212_18_2_1_2_wheelchair.txt,212,2,2,1,92,True,
sample_1565,SkeletonData/SkeletonData/RawData/212_18_2_2_1_wheelchair.txt,212,2,1,0,61,True,
sample_1566,SkeletonData/SkeletonData/RawData/212_18_2_3_1_wheelchair.txt,212,2,1,0,57,True,
sample_1567,SkeletonData/SkeletonData/RawData/212_18_2_4_1_wheelchair.txt,212,2,1,0,65,True,
sample_1568,SkeletonData/SkeletonData/RawData/212_18_2_5_1_wheelchair.txt,212,2,1,0,74,True,
sample_1569,SkeletonData/SkeletonData/RawData/212_18_2_6_1_wheelchair.txt,212,2,1,0,52,True,
sample_1570,SkeletonData/SkeletonData/RawData/212_18_3_1_2_wheelchair.txt,212,3,2,1,44,True,
sample_1571,SkeletonData/SkeletonData/RawData/212_18_3_2_1_wheelchair.txt,212,3,1,0,61,True,
sample_1572,SkeletonData/SkeletonData/RawData/212_18_3_3_1_wheelchair.txt,212,3,1,0,54,True,
sample_1573,SkeletonData/SkeletonData/RawData/212_18_3_4_1_wheelchair.txt,212,3,1,0,66,True,
sample_1574,SkeletonData/SkeletonData/RawData/212_18_3_5_1_wheelchair.txt,212,3,1,0,55,True,
sample_1575,SkeletonData/SkeletonData/RawData/212_18_3_6_2_wheelchair.txt,212,3,2,1,55,True,
sample_1576,SkeletonData/SkeletonData/RawData/212_18_4_1_1_wheelchair.txt,212,4,1,0,93,True,
sample_1577,SkeletonData/SkeletonData/RawData/212_18_4_2_1_wheelchair.txt,212,4,1,0,60,True,
sample_1578,SkeletonData/SkeletonData/RawData/212_18_4_3_1_wheelchair.txt,212,4,1,0,53,True,
sample_1579,SkeletonData/SkeletonData/RawData/212_18_4_4_1_wheelchair.txt,212,4,1,0,48,True,
sample_1580,SkeletonData/SkeletonData/RawData/212_18_4_5_1_wheelchair.txt,212,4,1,0,58,True,
sample_1581,SkeletonData/SkeletonData/RawData/212_18_4_6_1_wheelchair.txt,212,4,1,0,58,True,
sample_1582,SkeletonData/SkeletonData/RawData/212_18_5_1_2_wheelchair.txt,212,5,2,1,71,True,
sample_1583,SkeletonData/SkeletonData/RawData/212_18_5_2_2_wheelchair.txt,212,5,2,1,73,True,
sample_1584,SkeletonData/SkeletonData/RawData/212_18_5_3_1_wheelchair.txt,212,5,1,0,69,True,
sample_1585,SkeletonData/SkeletonData/RawData/212_18_5_4_1_wheelchair.txt,212,5,1,0,73,True,
sample_1586,SkeletonData/SkeletonData/RawData/212_18_5_5_1_wheelchair.txt,212,5,1,0,61,True,
sample_1587,SkeletonData/SkeletonData/RawData/212_18_5_6_1_wheelchair.txt,212,5,1,0,71,True,
sample_1588,SkeletonData/SkeletonData/RawData/212_18_6_1_2_wheelchair.txt,212,6,2,1,61,True,
sample_1589,SkeletonData/SkeletonData/RawData/212_18_6_2_2_wheelchair.txt,212,6,2,1,65,True,
sample_1590,SkeletonData/SkeletonData/RawData/212_18_6_3_2_wheelchair.txt,212,6,2,1,45,True,
sample_1591,SkeletonData/SkeletonData/RawData/212_18_6_4_2_wheelchair.txt,212,6,2,1,47,True,
sample_1592,SkeletonData/SkeletonData/RawData/212_18_6_5_1_wheelchair.txt,212,6,1,0,70,True,
sample_1593,SkeletonData/SkeletonData/RawData/212_18_7_1_2_wheelchair.txt,212,7,2,1,113,True,
sample_1594,SkeletonData/SkeletonData/RawData/212_18_7_2_2_wheelchair.txt,212,7,2,1,135,True,
sample_1595,SkeletonData/SkeletonData/RawData/212_18_7_3_2_wheelchair.txt,212,7,2,1,103,True,
sample_1596,SkeletonData/SkeletonData/RawData/212_18_7_4_2_wheelchair.txt,212,7,2,1,264,True,
sample_1597,SkeletonData/SkeletonData/RawData/212_18_7_5_2_wheelchair.txt,212,7,2,1,139,True,
sample_1598,SkeletonData/SkeletonData/RawData/212_18_8_1_2_wheelchair.txt,212,8,2,1,169,True,
sample_1599,SkeletonData/SkeletonData/RawData/212_18_8_2_2_wheelchair.txt,212,8,2,1,299,True,
sample_1600,SkeletonData/SkeletonData/RawData/212_18_8_3_2_wheelchair.txt,212,8,2,1,214,True,
sample_1601,SkeletonData/SkeletonData/RawData/212_18_8_4_2_wheelchair.txt,212,8,2,1,139,True,
sample_1602,SkeletonData/SkeletonData/RawData/212_18_8_5_2_wheelchair.txt,212,8,2,1,99,True,
sample_1603,SkeletonData/SkeletonData/RawData/212_18_8_6_2_wheelchair.txt,212,8,2,1,94,True,
sample_1604,SkeletonData/SkeletonData/RawData/213_18_0_1_1_stand.txt,213,0,1,0,59,True,
sample_1605,SkeletonData/SkeletonData/RawData/213_18_0_2_1_stand.txt,213,0,1,0,68,True,
sample_1606,SkeletonData/SkeletonData/RawData/213_18_0_3_1_stand.txt,213,0,1,0,65,True,
sample_1607,SkeletonData/SkeletonData/RawData/213_18_0_4_1_stand.txt,213,0,1,0,84,True,
sample_1608,SkeletonData/SkeletonData/RawData/213_18_0_5_1_stand.txt,213,0,1,0,74,True,
sample_1609,SkeletonData/SkeletonData/RawData/213_18_0_6_1_stand.txt,213,0,1,0,70,True,
sample_1610,SkeletonData/SkeletonData/RawData/213_18_1_1_2_stand.txt,213,1,2,1,106,True,
sample_1611,SkeletonData/SkeletonData/RawData/213_18_1_2_2_stand.txt,213,1,2,1,115,True,
sample_1612,SkeletonData/SkeletonData/RawData/213_18_1_3_1_stand.txt,213,1,1,0,106,True,
sample_1613,SkeletonData/SkeletonData/RawData/213_18_1_4_1_stand.txt,213,1,1,0,104,True,
sample_1614,SkeletonData/SkeletonData/RawData/213_18_1_5_1_stand.txt,213,1,1,0,125,True,
sample_1615,SkeletonData/SkeletonData/RawData/213_18_1_6_2_stand.txt,213,1,2,1,120,True,
sample_1616,SkeletonData/SkeletonData/RawData/213_18_2_1_1_stand.txt,213,2,1,0,99,True,
sample_1617,SkeletonData/SkeletonData/RawData/213_18_2_2_1_stand.txt,213,2,1,0,94,True,
sample_1618,SkeletonData/SkeletonData/RawData/213_18_2_3_1_stand.txt,213,2,1,0,99,True,
sample_1619,SkeletonData/SkeletonData/RawData/213_18_2_4_1_stand.txt,213,2,1,0,94,True,
sample_1620,SkeletonData/SkeletonData/RawData/213_18_2_5_1_stand.txt,213,2,1,0,74,True,
sample_1621,SkeletonData/SkeletonData/RawData/213_18_2_6_1_stand.txt,213,2,1,0,89,True,
sample_1622,SkeletonData/SkeletonData/RawData/213_18_3_1_2_stand.txt,213,3,2,1,144,True,
sample_1623,SkeletonData/SkeletonData/RawData/213_18_3_2_2_stand.txt,213,3,2,1,94,True,
sample_1624,SkeletonData/SkeletonData/RawData/213_18_3_3_2_stand.txt,213,3,2,1,159,True,
sample_1625,SkeletonData/SkeletonData/RawData/213_18_3_4_2_stand.txt,213,3,2,1,179,True,
sample_1626,SkeletonData/SkeletonData/RawData/213_18_3_5_2_stand.txt,213,3,2,1,134,True,
sample_1627,SkeletonData/SkeletonData/RawData/213_18_3_6_2_stand.txt,213,3,2,1,184,True,
sample_1628,SkeletonData/SkeletonData/RawData/213_18_3_7_2_stand.txt,213,3,2,1,129,True,
sample_1629,SkeletonData/SkeletonData/RawData/213_18_4_1_1_stand.txt,213,4,1,0,108,True,
sample_1630,SkeletonData/SkeletonData/RawData/213_18_4_2_1_stand.txt,213,4,1,0,64,True,
sample_1631,SkeletonData/SkeletonData/RawData/213_18_4_3_1_stand.txt,213,4,1,0,84,True,
sample_1632,SkeletonData/SkeletonData/RawData/213_18_4_4_1_stand.txt,213,4,1,0,69,True,
sample_1633,SkeletonData/SkeletonData/RawData/213_18_4_5_1_stand.txt,213,4,1,0,69,True,
sample_1634,SkeletonData/SkeletonData/RawData/213_18_4_6_1_stand.txt,213,4,1,0,54,True,
sample_1635,SkeletonData/SkeletonData/RawData/213_18_5_1_1_stand.txt,213,5,1,0,74,True,
sample_1636,SkeletonData/SkeletonData/RawData/213_18_5_2_1_stand.txt,213,5,1,0,74,True,
sample_1637,SkeletonData/SkeletonData/RawData/213_18_5_3_1_stand.txt,213,5,1,0,64,True,
sample_1638,SkeletonData/SkeletonData/RawData/213_18_5_4_1_stand.txt,213,5,1,0,74,True,
sample_1639,SkeletonData/SkeletonData/RawData/213_18_5_5_1_stand.txt,213,5,1,0,89,True,
sample_1640,SkeletonData/SkeletonData/RawData/213_18_5_6_2_stand.txt,213,5,2,1,119,True,
sample_1641,SkeletonData/SkeletonData/RawData/213_18_6_1_1_stand.txt,213,6,1,0,204,True,
sample_1642,SkeletonData/SkeletonData/RawData/213_18_6_2_1_stand.txt,213,6,1,0,194,True,
sample_1643,SkeletonData/SkeletonData/RawData/213_18_6_3_1_stand.txt,213,6,1,0,149,True,
sample_1644,SkeletonData/SkeletonData/RawData/213_18_6_4_1_stand.txt,213,6,1,0,174,True,
sample_1645,SkeletonData/SkeletonData/RawData/213_18_6_5_1_stand.txt,213,6,1,0,184,True,
sample_1646,SkeletonData/SkeletonData/RawData/213_18_6_6_1_stand.txt,213,6,1,0,149,True,
sample_1647,SkeletonData/SkeletonData/RawData/213_18_7_1_1_stand.txt,213,7,1,0,77,True,
sample_1648,SkeletonData/SkeletonData/RawData/213_18_7_2_1_stand.txt,213,7,1,0,64,True,
sample_1649,SkeletonData/SkeletonData/RawData/213_18_7_3_1_stand.txt,213,7,1,0,79,True,
sample_1650,SkeletonData/SkeletonData/RawData/213_18_7_4_1_stand.txt,213,7,1,0,64,True,
sample_1651,SkeletonData/SkeletonData/RawData/213_18_7_5_1_stand.txt,213,7,1,0,74,True,
sample_1652,SkeletonData/SkeletonData/RawData/213_18_8_1_1_stand.txt,213,8,1,0,129,True,
sample_1653,SkeletonData/SkeletonData/RawData/213_18_8_2_1_stand.txt,213,8,1,0,89,True,
sample_1654,SkeletonData/SkeletonData/RawData/213_18_8_3_2_stand.txt,213,8,2,1,104,True,
sample_1655,SkeletonData/SkeletonData/RawData/213_18_8_4_2_stand.txt,213,8,2,1,104,True,
sample_1656,SkeletonData/SkeletonData/RawData/213_18_8_5_2_stand.txt,213,8,2,1,104,True,
sample_1657,SkeletonData/SkeletonData/RawData/213_18_8_6_2_stand.txt,213,8,2,1,109,True,
sample_1658,SkeletonData/SkeletonData/RawData/214_18_0_1_2_Stand-frame.txt,214,0,2,1,146,True,
sample_1659,SkeletonData/SkeletonData/RawData/214_18_0_2_1_Stand-frame.txt,214,0,1,0,30,True,
sample_1660,SkeletonData/SkeletonData/RawData/214_18_0_3_1_Stand-frame.txt,214,0,1,0,51,True,
sample_1661,SkeletonData/SkeletonData/RawData/214_18_0_4_1_Stand-frame.txt,214,0,1,0,42,True,
sample_1662,SkeletonData/SkeletonData/RawData/214_18_0_5_1_Stand-frame.txt,214,0,1,0,50,True,
sample_1663,SkeletonData/SkeletonData/RawData/214_18_0_6_1_Stand-frame.txt,214,0,1,0,46,True,
sample_1664,SkeletonData/SkeletonData/RawData/214_18_0_7_1_Stand-frame.txt,214,0,1,0,40,True,
sample_1665,SkeletonData/SkeletonData/RawData/214_18_1_1_1_Stand-frame.txt,214,1,1,0,56,True,
sample_1666,SkeletonData/SkeletonData/RawData/214_18_1_2_1_Stand-frame.txt,214,1,1,0,63,True,
sample_1667,SkeletonData/SkeletonData/RawData/214_18_1_3_1_Stand-frame.txt,214,1,1,0,56,True,
sample_1668,SkeletonData/SkeletonData/RawData/214_18_1_4_1_Stand-frame.txt,214,1,1,0,85,True,
sample_1669,SkeletonData/SkeletonData/RawData/214_18_1_5_1_Stand-frame.txt,214,1,1,0,63,True,
sample_1670,SkeletonData/SkeletonData/RawData/214_18_1_6_1_Stand-frame.txt,214,1,1,0,51,True,
sample_1671,SkeletonData/SkeletonData/RawData/214_18_2_1_1_Stand-frame.txt,214,2,1,0,214,True,
sample_1672,SkeletonData/SkeletonData/RawData/214_18_2_2_1_Stand-frame.txt,214,2,1,0,119,True,
sample_1673,SkeletonData/SkeletonData/RawData/214_18_2_3_1_Stand-frame.txt,214,2,1,0,134,True,
sample_1674,SkeletonData/SkeletonData/RawData/214_18_2_4_1_Stand-frame.txt,214,2,1,0,109,True,
sample_1675,SkeletonData/SkeletonData/RawData/214_18_2_5_2_Stand-frame.txt,214,2,2,1,110,True,
sample_1676,SkeletonData/SkeletonData/RawData/214_18_2_6_2_Stand-frame.txt,214,2,2,1,50,True,
sample_1677,SkeletonData/SkeletonData/RawData/214_18_3_1_1_Stand-frame.txt,214,3,1,0,119,True,
sample_1678,SkeletonData/SkeletonData/RawData/214_18_3_2_1_Stand-frame.txt,214,3,1,0,114,True,
sample_1679,SkeletonData/SkeletonData/RawData/214_18_3_3_1_Stand-frame.txt,214,3,1,0,119,True,
sample_1680,SkeletonData/SkeletonData/RawData/214_18_3_4_1_Stand-frame.txt,214,3,1,0,104,True,
sample_1681,SkeletonData/SkeletonData/RawData/214_18_3_5_1_Stand-frame.txt,214,3,1,0,109,True,
sample_1682,SkeletonData/SkeletonData/RawData/214_18_4_1_1_Stand-frame.txt,214,4,1,0,93,True,
sample_1683,SkeletonData/SkeletonData/RawData/214_18_4_2_1_Stand-frame.txt,214,4,1,0,123,True,
sample_1684,SkeletonData/SkeletonData/RawData/214_18_4_3_1_Stand-frame.txt,214,4,1,0,139,True,
sample_1685,SkeletonData/SkeletonData/RawData/214_18_4_4_1_Stand-frame.txt,214,4,1,0,229,True,
sample_1686,SkeletonData/SkeletonData/RawData/214_18_4_5_1_Stand-frame.txt,214,4,1,0,159,True,
sample_1687,SkeletonData/SkeletonData/RawData/214_18_5_1_1_Stand-frame.txt,214,5,1,0,164,True,
sample_1688,SkeletonData/SkeletonData/RawData/214_18_5_2_1_Stand-frame.txt,214,5,1,0,99,True,
sample_1689,SkeletonData/SkeletonData/RawData/214_18_5_3_1_Stand-frame.txt,214,5,1,0,114,True,
sample_1690,SkeletonData/SkeletonData/RawData/214_18_5_4_1_Stand-frame.txt,214,5,1,0,89,True,
sample_1691,SkeletonData/SkeletonData/RawData/214_18_5_5_1_Stand-frame.txt,214,5,1,0,124,True,
sample_1692,SkeletonData/SkeletonData/RawData/214_18_6_1_1_Stand-frame.txt,214,6,1,0,139,True,
sample_1693,SkeletonData/SkeletonData/RawData/214_18_6_2_1_Stand-frame.txt,214,6,1,0,114,True,
sample_1694,SkeletonData/SkeletonData/RawData/214_18_6_3_1_Stand-frame.txt,214,6,1,0,109,True,
sample_1695,SkeletonData/SkeletonData/RawData/214_18_6_4_1_Stand-frame.txt,214,6,1,0,129,True,
sample_1696,SkeletonData/SkeletonData/RawData/214_18_6_5_3_Stand-frame.txt,214,6,3,-1,369,False,label_3_unclassified_repetition
sample_1697,SkeletonData/SkeletonData/RawData/214_18_7_1_1_Stand-frame.txt,214,7,1,0,74,True,
sample_1698,SkeletonData/SkeletonData/RawData/214_18_7_2_1_Stand-frame.txt,214,7,1,0,83,True,
sample_1699,SkeletonData/SkeletonData/RawData/214_18_7_3_1_Stand-frame.txt,214,7,1,0,88,True,
sample_1700,SkeletonData/SkeletonData/RawData/214_18_7_4_1_Stand-frame.txt,214,7,1,0,67,True,
sample_1701,SkeletonData/SkeletonData/RawData/214_18_7_5_1_Stand-frame.txt,214,7,1,0,83,True,
sample_1702,SkeletonData/SkeletonData/RawData/214_18_7_6_1_Stand-frame.txt,214,7,1,0,74,True,
sample_1703,SkeletonData/SkeletonData/RawData/214_18_8_1_1_Stand-frame.txt,214,8,1,0,124,True,
sample_1704,SkeletonData/SkeletonData/RawData/214_18_8_2_1_Stand-frame.txt,214,8,1,0,94,True,
sample_1705,SkeletonData/SkeletonData/RawData/214_18_8_3_1_Stand-frame.txt,214,8,1,0,109,True,
sample_1706,SkeletonData/SkeletonData/RawData/214_18_8_4_2_Stand-frame.txt,214,8,2,1,229,True,
sample_1707,SkeletonData/SkeletonData/RawData/214_18_8_5_1_Stand-frame.txt,214,8,1,0,104,True,
sample_1708,SkeletonData/SkeletonData/RawData/214_18_8_6_1_Stand-frame.txt,214,8,1,0,64,True,
sample_1709,SkeletonData/SkeletonData/RawData/214_18_8_7_2_Stand-frame.txt,214,8,2,1,54,True,
sample_1710,SkeletonData/SkeletonData/RawData/215_18_0_1_1_stand.txt,215,0,1,0,31,True,
sample_1711,SkeletonData/SkeletonData/RawData/215_18_0_2_1_stand.txt,215,0,1,0,36,True,
sample_1712,SkeletonData/SkeletonData/RawData/215_18_0_3_1_stand.txt,215,0,1,0,44,True,
sample_1713,SkeletonData/SkeletonData/RawData/215_18_0_4_1_stand.txt,215,0,1,0,38,True,
sample_1714,SkeletonData/SkeletonData/RawData/215_18_0_5_1_stand.txt,215,0,1,0,49,True,
sample_1715,SkeletonData/SkeletonData/RawData/215_18_0_6_1_stand.txt,215,0,1,0,42,True,
sample_1716,SkeletonData/SkeletonData/RawData/215_18_1_1_2_stand.txt,215,1,2,1,43,True,
sample_1717,SkeletonData/SkeletonData/RawData/215_18_1_2_2_stand.txt,215,1,2,1,42,True,
sample_1718,SkeletonData/SkeletonData/RawData/215_18_1_3_2_stand.txt,215,1,2,1,39,True,
sample_1719,SkeletonData/SkeletonData/RawData/215_18_1_4_2_stand.txt,215,1,2,1,42,True,
sample_1720,SkeletonData/SkeletonData/RawData/215_18_2_10_2_stand.txt,215,2,2,1,90,True,
sample_1721,SkeletonData/SkeletonData/RawData/215_18_2_1_1_stand.txt,215,2,1,0,46,True,
sample_1722,SkeletonData/SkeletonData/RawData/215_18_2_2_1_stand.txt,215,2,1,0,47,True,
sample_1723,SkeletonData/SkeletonData/RawData/215_18_2_3_1_stand.txt,215,2,1,0,41,True,
sample_1724,SkeletonData/SkeletonData/RawData/215_18_2_4_1_stand.txt,215,2,1,0,41,True,
sample_1725,SkeletonData/SkeletonData/RawData/215_18_2_5_1_stand.txt,215,2,1,0,55,True,
sample_1726,SkeletonData/SkeletonData/RawData/215_18_2_6_1_stand.txt,215,2,1,0,41,True,
sample_1727,SkeletonData/SkeletonData/RawData/215_18_2_7_1_stand.txt,215,2,1,0,44,True,
sample_1728,SkeletonData/SkeletonData/RawData/215_18_2_8_1_stand.txt,215,2,1,0,40,True,
sample_1729,SkeletonData/SkeletonData/RawData/215_18_2_9_2_stand.txt,215,2,2,1,39,True,
sample_1730,SkeletonData/SkeletonData/RawData/215_18_3_1_1_stand.txt,215,3,1,0,39,True,
sample_1731,SkeletonData/SkeletonData/RawData/215_18_3_2_1_stand.txt,215,3,1,0,38,True,
sample_1732,SkeletonData/SkeletonData/RawData/215_18_3_3_1_stand.txt,215,3,1,0,37,True,
sample_1733,SkeletonData/SkeletonData/RawData/215_18_3_4_1_stand.txt,215,3,1,0,42,True,
sample_1734,SkeletonData/SkeletonData/RawData/215_18_3_5_1_stand.txt,215,3,1,0,35,True,
sample_1735,SkeletonData/SkeletonData/RawData/215_18_3_6_2_stand.txt,215,3,2,1,57,True,
sample_1736,SkeletonData/SkeletonData/RawData/215_18_3_7_2_stand.txt,215,3,2,1,37,True,
sample_1737,SkeletonData/SkeletonData/RawData/215_18_4_10_1_stand.txt,215,4,1,0,40,True,
sample_1738,SkeletonData/SkeletonData/RawData/215_18_4_1_2_stand.txt,215,4,2,1,34,True,
sample_1739,SkeletonData/SkeletonData/RawData/215_18_4_2_2_stand.txt,215,4,2,1,32,True,
sample_1740,SkeletonData/SkeletonData/RawData/215_18_4_3_2_stand.txt,215,4,2,1,35,True,
sample_1741,SkeletonData/SkeletonData/RawData/215_18_4_4_2_stand.txt,215,4,2,1,34,True,
sample_1742,SkeletonData/SkeletonData/RawData/215_18_4_5_1_stand.txt,215,4,1,0,39,True,
sample_1743,SkeletonData/SkeletonData/RawData/215_18_4_6_1_stand.txt,215,4,1,0,38,True,
sample_1744,SkeletonData/SkeletonData/RawData/215_18_4_7_1_stand.txt,215,4,1,0,38,True,
sample_1745,SkeletonData/SkeletonData/RawData/215_18_4_8_1_stand.txt,215,4,1,0,45,True,
sample_1746,SkeletonData/SkeletonData/RawData/215_18_4_9_1_stand.txt,215,4,1,0,39,True,
sample_1747,SkeletonData/SkeletonData/RawData/215_18_5_1_1_stand.txt,215,5,1,0,57,True,
sample_1748,SkeletonData/SkeletonData/RawData/215_18_5_2_1_stand.txt,215,5,1,0,45,True,
sample_1749,SkeletonData/SkeletonData/RawData/215_18_5_3_1_stand.txt,215,5,1,0,41,True,
sample_1750,SkeletonData/SkeletonData/RawData/215_18_5_4_1_stand.txt,215,5,1,0,42,True,
sample_1751,SkeletonData/SkeletonData/RawData/215_18_5_5_1_stand.txt,215,5,1,0,43,True,
sample_1752,SkeletonData/SkeletonData/RawData/215_18_5_6_1_stand.txt,215,5,1,0,32,True,
sample_1753,SkeletonData/SkeletonData/RawData/215_18_5_7_1_stand.txt,215,5,1,0,42,True,
sample_1754,SkeletonData/SkeletonData/RawData/215_18_5_8_1_stand.txt,215,5,1,0,41,True,
sample_1755,SkeletonData/SkeletonData/RawData/215_18_5_9_1_stand.txt,215,5,1,0,50,True,
sample_1756,SkeletonData/SkeletonData/RawData/215_18_6_1_1_stand.txt,215,6,1,0,55,True,
sample_1757,SkeletonData/SkeletonData/RawData/215_18_6_2_1_stand.txt,215,6,1,0,57,True,
sample_1758,SkeletonData/SkeletonData/RawData/215_18_6_3_1_stand.txt,215,6,1,0,57,True,
sample_1759,SkeletonData/SkeletonData/RawData/215_18_6_4_1_stand.txt,215,6,1,0,60,True,
sample_1760,SkeletonData/SkeletonData/RawData/215_18_6_5_1_stand.txt,215,6,1,0,56,True,
sample_1761,SkeletonData/SkeletonData/RawData/215_18_6_6_1_stand.txt,215,6,1,0,60,True,
sample_1762,SkeletonData/SkeletonData/RawData/215_18_6_7_1_stand.txt,215,6,1,0,56,True,
sample_1763,SkeletonData/SkeletonData/RawData/215_18_6_8_1_stand.txt,215,6,1,0,44,True,
sample_1764,SkeletonData/SkeletonData/RawData/215_18_6_9_2_stand.txt,215,6,2,1,81,True,
sample_1765,SkeletonData/SkeletonData/RawData/215_18_7_1_1_stand.txt,215,7,1,0,56,True,
sample_1766,SkeletonData/SkeletonData/RawData/215_18_7_2_1_stand.txt,215,7,1,0,49,True,
sample_1767,SkeletonData/SkeletonData/RawData/215_18_7_3_1_stand.txt,215,7,1,0,50,True,
sample_1768,SkeletonData/SkeletonData/RawData/215_18_7_4_1_stand.txt,215,7,1,0,41,True,
sample_1769,SkeletonData/SkeletonData/RawData/215_18_7_5_1_stand.txt,215,7,1,0,42,True,
sample_1770,SkeletonData/SkeletonData/RawData/215_18_7_6_1_stand.txt,215,7,1,0,40,True,
sample_1771,SkeletonData/SkeletonData/RawData/215_18_7_7_1_stand.txt,215,7,1,0,38,True,
sample_1772,SkeletonData/SkeletonData/RawData/215_18_7_8_1_stand.txt,215,7,1,0,42,True,
sample_1773,SkeletonData/SkeletonData/RawData/215_18_8_10_1_stand.txt,215,8,1,0,38,True,
sample_1774,SkeletonData/SkeletonData/RawData/215_18_8_1_1_stand.txt,215,8,1,0,51,True,
sample_1775,SkeletonData/SkeletonData/RawData/215_18_8_2_1_stand.txt,215,8,1,0,38,True,
sample_1776,SkeletonData/SkeletonData/RawData/215_18_8_3_1_stand.txt,215,8,1,0,40,True,
sample_1777,SkeletonData/SkeletonData/RawData/215_18_8_4_1_stand.txt,215,8,1,0,130,True,
sample_1778,SkeletonData/SkeletonData/RawData/215_18_8_5_1_stand.txt,215,8,1,0,54,True,
sample_1779,SkeletonData/SkeletonData/RawData/215_18_8_6_1_stand.txt,215,8,1,0,35,True,
sample_1780,SkeletonData/SkeletonData/RawData/215_18_8_7_1_stand.txt,215,8,1,0,29,True,
sample_1781,SkeletonData/SkeletonData/RawData/215_18_8_8_1_stand.txt,215,8,1,0,32,True,
sample_1782,SkeletonData/SkeletonData/RawData/215_18_8_9_1_stand.txt,215,8,1,0,29,True,
sample_1783,SkeletonData/SkeletonData/RawData/216_18_0_1_2_stand.txt,216,0,2,1,84,True,
sample_1784,SkeletonData/SkeletonData/RawData/216_18_0_2_2_stand.txt,216,0,2,1,114,True,
sample_1785,SkeletonData/SkeletonData/RawData/216_18_0_3_2_stand.txt,216,0,2,1,89,True,
sample_1786,SkeletonData/SkeletonData/RawData/216_18_0_4_2_stand.txt,216,0,2,1,103,True,
sample_1787,SkeletonData/SkeletonData/RawData/216_18_0_5_2_stand.txt,216,0,2,1,100,True,
sample_1788,SkeletonData/SkeletonData/RawData/216_18_0_6_2_stand.txt,216,0,2,1,134,True,
sample_1789,SkeletonData/SkeletonData/RawData/216_18_1_1_1_stand.txt,216,1,1,0,94,True,
sample_1790,SkeletonData/SkeletonData/RawData/216_18_1_2_1_stand.txt,216,1,1,0,79,True,
sample_1791,SkeletonData/SkeletonData/RawData/216_18_1_3_1_stand.txt,216,1,1,0,76,True,
sample_1792,SkeletonData/SkeletonData/RawData/216_18_1_4_1_stand.txt,216,1,1,0,74,True,
sample_1793,SkeletonData/SkeletonData/RawData/216_18_1_5_1_stand.txt,216,1,1,0,84,True,
sample_1794,SkeletonData/SkeletonData/RawData/216_18_1_6_1_stand.txt,216,1,1,0,79,True,
sample_1795,SkeletonData/SkeletonData/RawData/216_18_2_1_2_stand.txt,216,2,2,1,99,True,
sample_1796,SkeletonData/SkeletonData/RawData/216_18_2_2_2_stand.txt,216,2,2,1,129,True,
sample_1797,SkeletonData/SkeletonData/RawData/216_18_2_3_2_stand.txt,216,2,2,1,109,True,
sample_1798,SkeletonData/SkeletonData/RawData/216_18_2_4_2_stand.txt,216,2,2,1,111,True,
sample_1799,SkeletonData/SkeletonData/RawData/216_18_2_5_2_stand.txt,216,2,2,1,114,True,
sample_1800,SkeletonData/SkeletonData/RawData/216_18_3_1_1_stand.txt,216,3,1,0,128,True,
sample_1801,SkeletonData/SkeletonData/RawData/216_18_3_2_1_stand.txt,216,3,1,0,94,True,
sample_1802,SkeletonData/SkeletonData/RawData/216_18_3_3_1_stand.txt,216,3,1,0,99,True,
sample_1803,SkeletonData/SkeletonData/RawData/216_18_3_4_1_stand.txt,216,3,1,0,88,True,
sample_1804,SkeletonData/SkeletonData/RawData/216_18_3_5_1_stand.txt,216,3,1,0,102,True,
sample_1805,SkeletonData/SkeletonData/RawData/216_18_3_6_1_stand.txt,216,3,1,0,88,True,
sample_1806,SkeletonData/SkeletonData/RawData/216_18_4_1_2_stand.txt,216,4,2,1,144,True,
sample_1807,SkeletonData/SkeletonData/RawData/216_18_4_2_2_stand.txt,216,4,2,1,137,True,
sample_1808,SkeletonData/SkeletonData/RawData/216_18_4_3_2_stand.txt,216,4,2,1,123,True,
sample_1809,SkeletonData/SkeletonData/RawData/216_18_4_4_2_stand.txt,216,4,2,1,129,True,
sample_1810,SkeletonData/SkeletonData/RawData/216_18_4_5_2_stand.txt,216,4,2,1,146,True,
sample_1811,SkeletonData/SkeletonData/RawData/216_18_4_6_2_stand.txt,216,4,2,1,86,True,
sample_1812,SkeletonData/SkeletonData/RawData/216_18_4_7_2_stand.txt,216,4,2,1,156,True,
sample_1813,SkeletonData/SkeletonData/RawData/216_18_5_1_1_stand.txt,216,5,1,0,99,True,
sample_1814,SkeletonData/SkeletonData/RawData/216_18_5_2_1_stand.txt,216,5,1,0,97,True,
sample_1815,SkeletonData/SkeletonData/RawData/216_18_5_3_1_stand.txt,216,5,1,0,89,True,
sample_1816,SkeletonData/SkeletonData/RawData/216_18_5_4_1_stand.txt,216,5,1,0,119,True,
sample_1817,SkeletonData/SkeletonData/RawData/216_18_5_5_1_stand.txt,216,5,1,0,107,True,
sample_1818,SkeletonData/SkeletonData/RawData/216_18_5_6_1_stand.txt,216,5,1,0,99,True,
sample_1819,SkeletonData/SkeletonData/RawData/216_18_6_1_1_stand.txt,216,6,1,0,189,True,
sample_1820,SkeletonData/SkeletonData/RawData/216_18_6_2_1_stand.txt,216,6,1,0,181,True,
sample_1821,SkeletonData/SkeletonData/RawData/216_18_6_3_1_stand.txt,216,6,1,0,154,True,
sample_1822,SkeletonData/SkeletonData/RawData/216_18_6_4_1_stand.txt,216,6,1,0,146,True,
sample_1823,SkeletonData/SkeletonData/RawData/216_18_6_5_1_stand.txt,216,6,1,0,151,True,
sample_1824,SkeletonData/SkeletonData/RawData/216_18_6_6_1_stand.txt,216,6,1,0,136,True,
sample_1825,SkeletonData/SkeletonData/RawData/216_18_7_1_1_stand.txt,216,7,1,0,104,True,
sample_1826,SkeletonData/SkeletonData/RawData/216_18_7_2_1_stand.txt,216,7,1,0,109,True,
sample_1827,SkeletonData/SkeletonData/RawData/216_18_7_3_1_stand.txt,216,7,1,0,124,True,
sample_1828,SkeletonData/SkeletonData/RawData/216_18_7_4_1_stand.txt,216,7,1,0,94,True,
sample_1829,SkeletonData/SkeletonData/RawData/216_18_7_5_1_stand.txt,216,7,1,0,99,True,
sample_1830,SkeletonData/SkeletonData/RawData/216_18_7_6_1_stand.txt,216,7,1,0,97,True,
sample_1831,SkeletonData/SkeletonData/RawData/216_18_8_1_1_stand.txt,216,8,1,0,74,True,
sample_1832,SkeletonData/SkeletonData/RawData/216_18_8_2_1_stand.txt,216,8,1,0,68,True,
sample_1833,SkeletonData/SkeletonData/RawData/216_18_8_3_1_stand.txt,216,8,1,0,82,True,
sample_1834,SkeletonData/SkeletonData/RawData/216_18_8_4_1_stand.txt,216,8,1,0,76,True,
sample_1835,SkeletonData/SkeletonData/RawData/216_18_8_5_1_stand.txt,216,8,1,0,79,True,
sample_1836,SkeletonData/SkeletonData/RawData/216_18_8_6_1_stand.txt,216,8,1,0,79,True,
sample_1837,SkeletonData/SkeletonData/RawData/217_18_0_1_1_wheelchair.txt,217,0,1,0,60,True,
sample_1838,SkeletonData/SkeletonData/RawData/217_18_0_2_2_wheelchair.txt,217,0,2,1,19,True,
sample_1839,SkeletonData/SkeletonData/RawData/217_18_0_3_1_wheelchair.txt,217,0,1,0,114,True,
sample_1840,SkeletonData/SkeletonData/RawData/217_18_0_4_1_wheelchair.txt,217,0,1,0,118,True,
sample_1841,SkeletonData/SkeletonData/RawData/217_18_0_5_1_wheelchair.txt,217,0,1,0,78,True,
sample_1842,SkeletonData/SkeletonData/RawData/217_18_0_6_1_wheelchair.txt,217,0,1,0,76,True,
sample_1843,SkeletonData/SkeletonData/RawData/217_18_0_7_1_wheelchair.txt,217,0,1,0,71,True,
sample_1844,SkeletonData/SkeletonData/RawData/217_18_0_8_1_wheelchair.txt,217,0,1,0,65,True,
sample_1845,SkeletonData/SkeletonData/RawData/217_18_0_9_2_wheelchair.txt,217,0,2,1,125,True,
sample_1846,SkeletonData/SkeletonData/RawData/217_18_1_1_1_wheelchair.txt,217,1,1,0,38,True,
sample_1847,SkeletonData/SkeletonData/RawData/217_18_1_2_1_wheelchair.txt,217,1,1,0,70,True,
sample_1848,SkeletonData/SkeletonData/RawData/217_18_1_3_1_wheelchair.txt,217,1,1,0,65,True,
sample_1849,SkeletonData/SkeletonData/RawData/217_18_1_4_2_wheelchair.txt,217,1,2,1,44,True,
sample_1850,SkeletonData/SkeletonData/RawData/217_18_1_5_2_wheelchair.txt,217,1,2,1,65,True,
sample_1851,SkeletonData/SkeletonData/RawData/217_18_1_6_2_wheelchair.txt,217,1,2,1,67,True,
sample_1852,SkeletonData/SkeletonData/RawData/217_18_1_7_2_wheelchair.txt,217,1,2,1,66,True,
sample_1853,SkeletonData/SkeletonData/RawData/217_18_1_8_2_wheelchair.txt,217,1,2,1,26,True,
sample_1854,SkeletonData/SkeletonData/RawData/217_18_2_1_1_wheelchair.txt,217,2,1,0,105,True,
sample_1855,SkeletonData/SkeletonData/RawData/217_18_2_2_1_wheelchair.txt,217,2,1,0,95,True,
sample_1856,SkeletonData/SkeletonData/RawData/217_18_2_3_1_wheelchair.txt,217,2,1,0,83,True,
sample_1857,SkeletonData/SkeletonData/RawData/217_18_2_4_1_wheelchair.txt,217,2,1,0,75,True,
sample_1858,SkeletonData/SkeletonData/RawData/217_18_2_5_1_wheelchair.txt,217,2,1,0,73,True,
sample_1859,SkeletonData/SkeletonData/RawData/217_18_2_6_1_wheelchair.txt,217,2,1,0,77,True,
sample_1860,SkeletonData/SkeletonData/RawData/217_18_3_1_2_wheelchair.txt,217,3,2,1,114,True,
sample_1861,SkeletonData/SkeletonData/RawData/217_18_3_2_1_wheelchair.txt,217,3,1,0,91,True,
sample_1862,SkeletonData/SkeletonData/RawData/217_18_3_3_1_wheelchair.txt,217,3,1,0,80,True,
sample_1863,SkeletonData/SkeletonData/RawData/217_18_3_4_1_wheelchair.txt,217,3,1,0,78,True,
sample_1864,SkeletonData/SkeletonData/RawData/217_18_3_5_1_wheelchair.txt,217,3,1,0,86,True,
sample_1865,SkeletonData/SkeletonData/RawData/217_18_3_6_1_wheelchair.txt,217,3,1,0,73,True,
sample_1866,SkeletonData/SkeletonData/RawData/217_18_3_7_1_wheelchair.txt,217,3,1,0,55,True,
sample_1867,SkeletonData/SkeletonData/RawData/217_18_4_1_1_wheelchair.txt,217,4,1,0,172,True,
sample_1868,SkeletonData/SkeletonData/RawData/217_18_4_2_1_wheelchair.txt,217,4,1,0,102,True,
sample_1869,SkeletonData/SkeletonData/RawData/217_18_4_3_1_wheelchair.txt,217,4,1,0,95,True,
sample_1870,SkeletonData/SkeletonData/RawData/217_18_4_4_1_wheelchair.txt,217,4,1,0,89,True,
sample_1871,SkeletonData/SkeletonData/RawData/217_18_4_5_1_wheelchair.txt,217,4,1,0,83,True,
sample_1872,SkeletonData/SkeletonData/RawData/217_18_4_6_1_wheelchair.txt,217,4,1,0,74,True,
sample_1873,SkeletonData/SkeletonData/RawData/217_18_5_1_1_wheelchair.txt,217,5,1,0,97,True,
sample_1874,SkeletonData/SkeletonData/RawData/217_18_5_2_1_wheelchair.txt,217,5,1,0,89,True,
sample_1875,SkeletonData/SkeletonData/RawData/217_18_5_3_1_wheelchair.txt,217,5,1,0,82,True,
sample_1876,SkeletonData/SkeletonData/RawData/217_18_5_4_1_wheelchair.txt,217,5,1,0,76,True,
sample_1877,SkeletonData/SkeletonData/RawData/217_18_5_5_1_wheelchair.txt,217,5,1,0,76,True,
sample_1878,SkeletonData/SkeletonData/RawData/217_18_5_6_1_wheelchair.txt,217,5,1,0,76,True,
sample_1879,SkeletonData/SkeletonData/RawData/217_18_6_1_1_wheelchair.txt,217,6,1,0,119,True,
sample_1880,SkeletonData/SkeletonData/RawData/217_18_6_2_1_wheelchair.txt,217,6,1,0,104,True,
sample_1881,SkeletonData/SkeletonData/RawData/217_18_6_3_1_wheelchair.txt,217,6,1,0,103,True,
sample_1882,SkeletonData/SkeletonData/RawData/217_18_6_4_1_wheelchair.txt,217,6,1,0,75,True,
sample_1883,SkeletonData/SkeletonData/RawData/217_18_6_5_1_wheelchair.txt,217,6,1,0,76,True,
sample_1884,SkeletonData/SkeletonData/RawData/217_18_6_6_1_wheelchair.txt,217,6,1,0,67,True,
sample_1885,SkeletonData/SkeletonData/RawData/217_18_7_1_1_wheelchair.txt,217,7,1,0,96,True,
sample_1886,SkeletonData/SkeletonData/RawData/217_18_7_2_1_wheelchair.txt,217,7,1,0,94,True,
sample_1887,SkeletonData/SkeletonData/RawData/217_18_7_3_1_wheelchair.txt,217,7,1,0,99,True,
sample_1888,SkeletonData/SkeletonData/RawData/217_18_7_4_1_wheelchair.txt,217,7,1,0,84,True,
sample_1889,SkeletonData/SkeletonData/RawData/217_18_7_5_1_wheelchair.txt,217,7,1,0,84,True,
sample_1890,SkeletonData/SkeletonData/RawData/217_18_7_6_1_wheelchair.txt,217,7,1,0,74,True,
sample_1891,SkeletonData/SkeletonData/RawData/217_18_7_7_2_wheelchair.txt,217,7,2,1,89,True,
sample_1892,SkeletonData/SkeletonData/RawData/217_18_8_1_1_wheelchair.txt,217,8,1,0,104,True,
sample_1893,SkeletonData/SkeletonData/RawData/217_18_8_2_1_wheelchair.txt,217,8,1,0,79,True,
sample_1894,SkeletonData/SkeletonData/RawData/217_18_8_3_1_wheelchair.txt,217,8,1,0,74,True,
sample_1895,SkeletonData/SkeletonData/RawData/217_18_8_4_1_wheelchair.txt,217,8,1,0,74,True,
sample_1896,SkeletonData/SkeletonData/RawData/217_18_8_5_1_wheelchair.txt,217,8,1,0,54,True,
sample_1897,SkeletonData/SkeletonData/RawData/217_18_8_6_1_wheelchair.txt,217,8,1,0,84,True,
sample_1898,SkeletonData/SkeletonData/RawData/301_18_0_10_1_stand.txt,301,0,1,0,38,True,
sample_1899,SkeletonData/SkeletonData/RawData/301_18_0_11_1_stand.txt,301,0,1,0,34,True,
sample_1900,SkeletonData/SkeletonData/RawData/301_18_0_12_1_stand.txt,301,0,1,0,39,True,
sample_1901,SkeletonData/SkeletonData/RawData/301_18_0_1_1_chair.txt,301,0,1,0,29,True,
sample_1902,SkeletonData/SkeletonData/RawData/301_18_0_2_1_chair.txt,301,0,1,0,36,True,
sample_1903,SkeletonData/SkeletonData/RawData/301_18_0_3_1_chair.txt,301,0,1,0,41,True,
sample_1904,SkeletonData/SkeletonData/RawData/301_18_0_4_1_chair.txt,301,0,1,0,32,True,
sample_1905,SkeletonData/SkeletonData/RawData/301_18_0_5_1_chair.txt,301,0,1,0,34,True,
sample_1906,SkeletonData/SkeletonData/RawData/301_18_0_6_1_chair.txt,301,0,1,0,32,True,
sample_1907,SkeletonData/SkeletonData/RawData/301_18_0_7_1_stand.txt,301,0,1,0,48,True,
sample_1908,SkeletonData/SkeletonData/RawData/301_18_0_8_1_stand.txt,301,0,1,0,41,True,
sample_1909,SkeletonData/SkeletonData/RawData/301_18_0_9_1_stand.txt,301,0,1,0,39,True,
sample_1910,SkeletonData/SkeletonData/RawData/301_18_1_10_1_stand.txt,301,1,1,0,38,True,
sample_1911,SkeletonData/SkeletonData/RawData/301_18_1_11_1_stand.txt,301,1,1,0,38,True,
sample_1912,SkeletonData/SkeletonData/RawData/301_18_1_12_1_stand.txt,301,1,1,0,40,True,
sample_1913,SkeletonData/SkeletonData/RawData/301_18_1_1_1_chair.txt,301,1,1,0,41,True,
sample_1914,SkeletonData/SkeletonData/RawData/301_18_1_2_1_chair.txt,301,1,1,0,34,True,
sample_1915,SkeletonData/SkeletonData/RawData/301_18_1_3_1_chair.txt,301,1,1,0,36,True,
sample_1916,SkeletonData/SkeletonData/RawData/301_18_1_4_1_chair.txt,301,1,1,0,39,True,
sample_1917,SkeletonData/SkeletonData/RawData/301_18_1_5_1_chair.txt,301,1,1,0,36,True,
sample_1918,SkeletonData/SkeletonData/RawData/301_18_1_6_1_chair.txt,301,1,1,0,35,True,
sample_1919,SkeletonData/SkeletonData/RawData/301_18_1_7_1_stand.txt,301,1,1,0,35,True,
sample_1920,SkeletonData/SkeletonData/RawData/301_18_1_8_1_stand.txt,301,1,1,0,24,True,
sample_1921,SkeletonData/SkeletonData/RawData/301_18_1_9_1_stand.txt,301,1,1,0,32,True,
sample_1922,SkeletonData/SkeletonData/RawData/301_18_2_10_1_stand.txt,301,2,1,0,37,True,
sample_1923,SkeletonData/SkeletonData/RawData/301_18_2_11_1_stand.txt,301,2,1,0,42,True,
sample_1924,SkeletonData/SkeletonData/RawData/301_18_2_12_1_stand.txt,301,2,1,0,45,True,
sample_1925,SkeletonData/SkeletonData/RawData/301_18_2_1_1_chair.txt,301,2,1,0,46,True,
sample_1926,SkeletonData/SkeletonData/RawData/301_18_2_2_1_chair.txt,301,2,1,0,56,True,
sample_1927,SkeletonData/SkeletonData/RawData/301_18_2_3_1_chair.txt,301,2,1,0,45,True,
sample_1928,SkeletonData/SkeletonData/RawData/301_18_2_4_1_chair.txt,301,2,1,0,43,True,
sample_1929,SkeletonData/SkeletonData/RawData/301_18_2_5_1_chair.txt,301,2,1,0,59,True,
sample_1930,SkeletonData/SkeletonData/RawData/301_18_2_6_1_chair.txt,301,2,1,0,42,True,
sample_1931,SkeletonData/SkeletonData/RawData/301_18_2_7_1_stand.txt,301,2,1,0,51,True,
sample_1932,SkeletonData/SkeletonData/RawData/301_18_2_8_1_stand.txt,301,2,1,0,44,True,
sample_1933,SkeletonData/SkeletonData/RawData/301_18_2_9_1_stand.txt,301,2,1,0,40,True,
sample_1934,SkeletonData/SkeletonData/RawData/301_18_3_10_1_stand.txt,301,3,1,0,45,True,
sample_1935,SkeletonData/SkeletonData/RawData/301_18_3_11_1_stand.txt,301,3,1,0,47,True,
sample_1936,SkeletonData/SkeletonData/RawData/301_18_3_12_1_stand.txt,301,3,1,0,54,True,
sample_1937,SkeletonData/SkeletonData/RawData/301_18_3_1_1_chair.txt,301,3,1,0,41,True,
sample_1938,SkeletonData/SkeletonData/RawData/301_18_3_2_1_chair.txt,301,3,1,0,44,True,
sample_1939,SkeletonData/SkeletonData/RawData/301_18_3_3_1_chair.txt,301,3,1,0,46,True,
sample_1940,SkeletonData/SkeletonData/RawData/301_18_3_4_1_chair.txt,301,3,1,0,51,True,
sample_1941,SkeletonData/SkeletonData/RawData/301_18_3_5_1_chair.txt,301,3,1,0,58,True,
sample_1942,SkeletonData/SkeletonData/RawData/301_18_3_6_1_chair.txt,301,3,1,0,50,True,
sample_1943,SkeletonData/SkeletonData/RawData/301_18_3_7_1_stand.txt,301,3,1,0,47,True,
sample_1944,SkeletonData/SkeletonData/RawData/301_18_3_8_1_stand.txt,301,3,1,0,46,True,
sample_1945,SkeletonData/SkeletonData/RawData/301_18_3_9_1_stand.txt,301,3,1,0,44,True,
sample_1946,SkeletonData/SkeletonData/RawData/301_18_4_10_1_stand.txt,301,4,1,0,46,True,
sample_1947,SkeletonData/SkeletonData/RawData/301_18_4_11_1_stand.txt,301,4,1,0,46,True,
sample_1948,SkeletonData/SkeletonData/RawData/301_18_4_12_1_stand.txt,301,4,1,0,47,True,
sample_1949,SkeletonData/SkeletonData/RawData/301_18_4_1_1_chair.txt,301,4,1,0,55,True,
sample_1950,SkeletonData/SkeletonData/RawData/301_18_4_2_1_chair.txt,301,4,1,0,53,True,
sample_1951,SkeletonData/SkeletonData/RawData/301_18_4_3_1_chair.txt,301,4,1,0,52,True,
sample_1952,SkeletonData/SkeletonData/RawData/301_18_4_4_1_chair.txt,301,4,1,0,54,True,
sample_1953,SkeletonData/SkeletonData/RawData/301_18_4_5_1_chair.txt,301,4,1,0,47,True,
sample_1954,SkeletonData/SkeletonData/RawData/301_18_4_6_1_chair.txt,301,4,1,0,52,True,
sample_1955,SkeletonData/SkeletonData/RawData/301_18_4_7_1_stand.txt,301,4,1,0,54,True,
sample_1956,SkeletonData/SkeletonData/RawData/301_18_4_8_1_stand.txt,301,4,1,0,47,True,
sample_1957,SkeletonData/SkeletonData/RawData/301_18_4_9_1_stand.txt,301,4,1,0,44,True,
sample_1958,SkeletonData/SkeletonData/RawData/301_18_5_10_1_stand.txt,301,5,1,0,50,True,
sample_1959,SkeletonData/SkeletonData/RawData/301_18_5_11_1_stand.txt,301,5,1,0,43,True,
sample_1960,SkeletonData/SkeletonData/RawData/301_18_5_12_1_stand.txt,301,5,1,0,47,True,
sample_1961,SkeletonData/SkeletonData/RawData/301_18_5_1_1_chair.txt,301,5,1,0,57,True,
sample_1962,SkeletonData/SkeletonData/RawData/301_18_5_2_1_chair.txt,301,5,1,0,50,True,
sample_1963,SkeletonData/SkeletonData/RawData/301_18_5_3_1_chair.txt,301,5,1,0,46,True,
sample_1964,SkeletonData/SkeletonData/RawData/301_18_5_4_1_chair.txt,301,5,1,0,46,True,
sample_1965,SkeletonData/SkeletonData/RawData/301_18_5_5_1_chair.txt,301,5,1,0,49,True,
sample_1966,SkeletonData/SkeletonData/RawData/301_18_5_6_1_chair.txt,301,5,1,0,49,True,
sample_1967,SkeletonData/SkeletonData/RawData/301_18_5_7_1_stand.txt,301,5,1,0,49,True,
sample_1968,SkeletonData/SkeletonData/RawData/301_18_5_8_1_stand.txt,301,5,1,0,55,True,
sample_1969,SkeletonData/SkeletonData/RawData/301_18_5_9_1_stand.txt,301,5,1,0,55,True,
sample_1970,SkeletonData/SkeletonData/RawData/301_18_6_10_1_stand.txt,301,6,1,0,42,True,
sample_1971,SkeletonData/SkeletonData/RawData/301_18_6_11_1_stand.txt,301,6,1,0,48,True,
sample_1972,SkeletonData/SkeletonData/RawData/301_18_6_12_1_stand.txt,301,6,1,0,49,True,
sample_1973,SkeletonData/SkeletonData/RawData/301_18_6_1_1_chair.txt,301,6,1,0,52,True,
sample_1974,SkeletonData/SkeletonData/RawData/301_18_6_2_1_chair.txt,301,6,1,0,53,True,
sample_1975,SkeletonData/SkeletonData/RawData/301_18_6_3_1_chair.txt,301,6,1,0,45,True,
sample_1976,SkeletonData/SkeletonData/RawData/301_18_6_4_1_chair.txt,301,6,1,0,50,True,
sample_1977,SkeletonData/SkeletonData/RawData/301_18_6_5_1_chair.txt,301,6,1,0,48,True,
sample_1978,SkeletonData/SkeletonData/RawData/301_18_6_6_1_chair.txt,301,6,1,0,57,True,
sample_1979,SkeletonData/SkeletonData/RawData/301_18_6_7_1_stand.txt,301,6,1,0,59,True,
sample_1980,SkeletonData/SkeletonData/RawData/301_18_6_8_1_stand.txt,301,6,1,0,41,True,
sample_1981,SkeletonData/SkeletonData/RawData/301_18_6_9_1_stand.txt,301,6,1,0,42,True,
sample_1982,SkeletonData/SkeletonData/RawData/301_18_7_10_1_stand.txt,301,7,1,0,38,True,
sample_1983,SkeletonData/SkeletonData/RawData/301_18_7_11_1_stand.txt,301,7,1,0,39,True,
sample_1984,SkeletonData/SkeletonData/RawData/301_18_7_12_1_stand.txt,301,7,1,0,40,True,
sample_1985,SkeletonData/SkeletonData/RawData/301_18_7_1_1_chair.txt,301,7,1,0,38,True,
sample_1986,SkeletonData/SkeletonData/RawData/301_18_7_2_1_chair.txt,301,7,1,0,40,True,
sample_1987,SkeletonData/SkeletonData/RawData/301_18_7_3_1_chair.txt,301,7,1,0,49,True,
sample_1988,SkeletonData/SkeletonData/RawData/301_18_7_4_1_chair.txt,301,7,1,0,42,True,
sample_1989,SkeletonData/SkeletonData/RawData/301_18_7_5_1_chair.txt,301,7,1,0,44,True,
sample_1990,SkeletonData/SkeletonData/RawData/301_18_7_6_1_chair.txt,301,7,1,0,43,True,
sample_1991,SkeletonData/SkeletonData/RawData/301_18_7_7_1_stand.txt,301,7,1,0,37,True,
sample_1992,SkeletonData/SkeletonData/RawData/301_18_7_8_1_stand.txt,301,7,1,0,37,True,
sample_1993,SkeletonData/SkeletonData/RawData/301_18_7_9_1_stand.txt,301,7,1,0,46,True,
sample_1994,SkeletonData/SkeletonData/RawData/301_18_8_10_1_stand.txt,301,8,1,0,46,True,
sample_1995,SkeletonData/SkeletonData/RawData/301_18_8_11_1_stand.txt,301,8,1,0,53,True,
sample_1996,SkeletonData/SkeletonData/RawData/301_18_8_12_1_stand.txt,301,8,1,0,45,True,
sample_1997,SkeletonData/SkeletonData/RawData/301_18_8_1_1_chair.txt,301,8,1,0,46,True,
sample_1998,SkeletonData/SkeletonData/RawData/301_18_8_2_1_chair.txt,301,8,1,0,29,True,
sample_1999,SkeletonData/SkeletonData/RawData/301_18_8_3_1_chair.txt,301,8,1,0,36,True,
sample_2000,SkeletonData/SkeletonData/RawData/301_18_8_4_1_chair.txt,301,8,1,0,46,True,
sample_2001,SkeletonData/SkeletonData/RawData/301_18_8_5_1_chair.txt,301,8,1,0,40,True,
sample_2002,SkeletonData/SkeletonData/RawData/301_18_8_6_1_chair.txt,301,8,1,0,41,True,
sample_2003,SkeletonData/SkeletonData/RawData/301_18_8_7_1_stand.txt,301,8,1,0,37,True,
sample_2004,SkeletonData/SkeletonData/RawData/301_18_8_8_1_stand.txt,301,8,1,0,35,True,
sample_2005,SkeletonData/SkeletonData/RawData/301_18_8_9_1_stand.txt,301,8,1,0,33,True,
sample_2006,SkeletonData/SkeletonData/RawData/302_18_0_10_1_stand.txt,302,0,1,0,41,True,
sample_2007,SkeletonData/SkeletonData/RawData/302_18_0_11_1_stand.txt,302,0,1,0,42,True,
sample_2008,SkeletonData/SkeletonData/RawData/302_18_0_12_1_stand.txt,302,0,1,0,37,True,
sample_2009,SkeletonData/SkeletonData/RawData/302_18_0_1_1_chair.txt,302,0,1,0,39,True,
sample_2010,SkeletonData/SkeletonData/RawData/302_18_0_2_1_chair.txt,302,0,1,0,31,True,
sample_2011,SkeletonData/SkeletonData/RawData/302_18_0_3_1_chair.txt,302,0,1,0,36,True,
sample_2012,SkeletonData/SkeletonData/RawData/302_18_0_4_1_chair.txt,302,0,1,0,35,True,
sample_2013,SkeletonData/SkeletonData/RawData/302_18_0_5_1_chair.txt,302,0,1,0,52,True,
sample_2014,SkeletonData/SkeletonData/RawData/302_18_0_6_1_chair.txt,302,0,1,0,48,True,
sample_2015,SkeletonData/SkeletonData/RawData/302_18_0_7_1_stand.txt,302,0,1,0,34,True,
sample_2016,SkeletonData/SkeletonData/RawData/302_18_0_8_1_stand.txt,302,0,1,0,40,True,
sample_2017,SkeletonData/SkeletonData/RawData/302_18_0_9_1_stand.txt,302,0,1,0,43,True,
sample_2018,SkeletonData/SkeletonData/RawData/302_18_1_10_1_stand.txt,302,1,1,0,30,True,
sample_2019,SkeletonData/SkeletonData/RawData/302_18_1_11_1_stand.txt,302,1,1,0,45,True,
sample_2020,SkeletonData/SkeletonData/RawData/302_18_1_12_1_stand.txt,302,1,1,0,37,True,
sample_2021,SkeletonData/SkeletonData/RawData/302_18_1_13_1_stand.txt,302,1,1,0,39,True,
sample_2022,SkeletonData/SkeletonData/RawData/302_18_1_1_1_chair.txt,302,1,1,0,28,True,
sample_2023,SkeletonData/SkeletonData/RawData/302_18_1_2_1_chair.txt,302,1,1,0,52,True,
sample_2024,SkeletonData/SkeletonData/RawData/302_18_1_3_1_chair.txt,302,1,1,0,53,True,
sample_2025,SkeletonData/SkeletonData/RawData/302_18_1_4_1_chair.txt,302,1,1,0,42,True,
sample_2026,SkeletonData/SkeletonData/RawData/302_18_1_5_1_chair.txt,302,1,1,0,40,True,
sample_2027,SkeletonData/SkeletonData/RawData/302_18_1_6_1_chair.txt,302,1,1,0,45,True,
sample_2028,SkeletonData/SkeletonData/RawData/302_18_1_7_1_chair.txt,302,1,1,0,33,True,
sample_2029,SkeletonData/SkeletonData/RawData/302_18_1_8_1_stand.txt,302,1,1,0,40,True,
sample_2030,SkeletonData/SkeletonData/RawData/302_18_1_9_1_stand.txt,302,1,1,0,34,True,
sample_2031,SkeletonData/SkeletonData/RawData/302_18_2_10_1_stand.txt,302,2,1,0,45,True,
sample_2032,SkeletonData/SkeletonData/RawData/302_18_2_11_1_stand.txt,302,2,1,0,50,True,
sample_2033,SkeletonData/SkeletonData/RawData/302_18_2_12_1_stand.txt,302,2,1,0,42,True,
sample_2034,SkeletonData/SkeletonData/RawData/302_18_2_1_1_chair.txt,302,2,1,0,64,True,
sample_2035,SkeletonData/SkeletonData/RawData/302_18_2_2_1_chair.txt,302,2,1,0,59,True,
sample_2036,SkeletonData/SkeletonData/RawData/302_18_2_3_1_chair.txt,302,2,1,0,59,True,
sample_2037,SkeletonData/SkeletonData/RawData/302_18_2_4_1_chair.txt,302,2,1,0,64,True,
sample_2038,SkeletonData/SkeletonData/RawData/302_18_2_5_1_chair.txt,302,2,1,0,67,True,
sample_2039,SkeletonData/SkeletonData/RawData/302_18_2_6_1_chair.txt,302,2,1,0,50,True,
sample_2040,SkeletonData/SkeletonData/RawData/302_18_2_7_1_stand.txt,302,2,1,0,54,True,
sample_2041,SkeletonData/SkeletonData/RawData/302_18_2_8_1_stand.txt,302,2,1,0,46,True,
sample_2042,SkeletonData/SkeletonData/RawData/302_18_2_9_1_stand.txt,302,2,1,0,62,True,
sample_2043,SkeletonData/SkeletonData/RawData/302_18_3_10_1_stand.txt,302,3,1,0,54,True,
sample_2044,SkeletonData/SkeletonData/RawData/302_18_3_11_1_stand.txt,302,3,1,0,52,True,
sample_2045,SkeletonData/SkeletonData/RawData/302_18_3_12_1_stand.txt,302,3,1,0,60,True,
sample_2046,SkeletonData/SkeletonData/RawData/302_18_3_1_1_chair.txt,302,3,1,0,51,True,
sample_2047,SkeletonData/SkeletonData/RawData/302_18_3_2_1_chair.txt,302,3,1,0,50,True,
sample_2048,SkeletonData/SkeletonData/RawData/302_18_3_3_1_chair.txt,302,3,1,0,66,True,
sample_2049,SkeletonData/SkeletonData/RawData/302_18_3_4_1_chair.txt,302,3,1,0,63,True,
sample_2050,SkeletonData/SkeletonData/RawData/302_18_3_5_1_chair.txt,302,3,1,0,48,True,
sample_2051,SkeletonData/SkeletonData/RawData/302_18_3_6_1_chair.txt,302,3,1,0,51,True,
sample_2052,SkeletonData/SkeletonData/RawData/302_18_3_7_1_stand.txt,302,3,1,0,40,True,
sample_2053,SkeletonData/SkeletonData/RawData/302_18_3_8_1_stand.txt,302,3,1,0,55,True,
sample_2054,SkeletonData/SkeletonData/RawData/302_18_3_9_1_stand.txt,302,3,1,0,58,True,
sample_2055,SkeletonData/SkeletonData/RawData/302_18_4_10_1_stand.txt,302,4,1,0,61,True,
sample_2056,SkeletonData/SkeletonData/RawData/302_18_4_11_1_stand.txt,302,4,1,0,48,True,
sample_2057,SkeletonData/SkeletonData/RawData/302_18_4_12_1_stand.txt,302,4,1,0,44,True,
sample_2058,SkeletonData/SkeletonData/RawData/302_18_4_13_2_chair.txt,302,4,2,1,26,True,
sample_2059,SkeletonData/SkeletonData/RawData/302_18_4_1_1_chair.txt,302,4,1,0,102,True,
sample_2060,SkeletonData/SkeletonData/RawData/302_18_4_2_1_chair.txt,302,4,1,0,56,True,
sample_2061,SkeletonData/SkeletonData/RawData/302_18_4_3_1_chair.txt,302,4,1,0,61,True,
sample_2062,SkeletonData/SkeletonData/RawData/302_18_4_4_1_chair.txt,302,4,1,0,60,True,
sample_2063,SkeletonData/SkeletonData/RawData/302_18_4_5_1_chair.txt,302,4,1,0,59,True,
sample_2064,SkeletonData/SkeletonData/RawData/302_18_4_6_1_chair.txt,302,4,1,0,53,True,
sample_2065,SkeletonData/SkeletonData/RawData/302_18_4_7_1_stand.txt,302,4,1,0,50,True,
sample_2066,SkeletonData/SkeletonData/RawData/302_18_4_8_1_stand.txt,302,4,1,0,56,True,
sample_2067,SkeletonData/SkeletonData/RawData/302_18_4_9_1_stand.txt,302,4,1,0,56,True,
sample_2068,SkeletonData/SkeletonData/RawData/302_18_5_10_1_stand.txt,302,5,1,0,61,True,
sample_2069,SkeletonData/SkeletonData/RawData/302_18_5_11_1_stand.txt,302,5,1,0,58,True,
sample_2070,SkeletonData/SkeletonData/RawData/302_18_5_12_1_stand.txt,302,5,1,0,58,True,
sample_2071,SkeletonData/SkeletonData/RawData/302_18_5_1_1_chair.txt,302,5,1,0,54,True,
sample_2072,SkeletonData/SkeletonData/RawData/302_18_5_2_1_chair.txt,302,5,1,0,54,True,
sample_2073,SkeletonData/SkeletonData/RawData/302_18_5_3_1_chair.txt,302,5,1,0,50,True,
sample_2074,SkeletonData/SkeletonData/RawData/302_18_5_4_1_chair.txt,302,5,1,0,46,True,
sample_2075,SkeletonData/SkeletonData/RawData/302_18_5_5_1_chair.txt,302,5,1,0,55,True,
sample_2076,SkeletonData/SkeletonData/RawData/302_18_5_6_1_chair.txt,302,5,1,0,67,True,
sample_2077,SkeletonData/SkeletonData/RawData/302_18_5_7_1_stand.txt,302,5,1,0,48,True,
sample_2078,SkeletonData/SkeletonData/RawData/302_18_5_8_1_stand.txt,302,5,1,0,53,True,
sample_2079,SkeletonData/SkeletonData/RawData/302_18_5_9_1_stand.txt,302,5,1,0,57,True,
sample_2080,SkeletonData/SkeletonData/RawData/302_18_6_10_1_stand.txt,302,6,1,0,52,True,
sample_2081,SkeletonData/SkeletonData/RawData/302_18_6_11_1_stand.txt,302,6,1,0,61,True,
sample_2082,SkeletonData/SkeletonData/RawData/302_18_6_12_1_stand.txt,302,6,1,0,56,True,
sample_2083,SkeletonData/SkeletonData/RawData/302_18_6_1_1_chair.txt,302,6,1,0,71,True,
sample_2084,SkeletonData/SkeletonData/RawData/302_18_6_2_1_chair.txt,302,6,1,0,77,True,
sample_2085,SkeletonData/SkeletonData/RawData/302_18_6_3_1_chair.txt,302,6,1,0,84,True,
sample_2086,SkeletonData/SkeletonData/RawData/302_18_6_4_1_chair.txt,302,6,1,0,79,True,
sample_2087,SkeletonData/SkeletonData/RawData/302_18_6_5_1_chair.txt,302,6,1,0,66,True,
sample_2088,SkeletonData/SkeletonData/RawData/302_18_6_6_1_chair.txt,302,6,1,0,65,True,
sample_2089,SkeletonData/SkeletonData/RawData/302_18_6_7_1_stand.txt,302,6,1,0,55,True,
sample_2090,SkeletonData/SkeletonData/RawData/302_18_6_8_1_stand.txt,302,6,1,0,52,True,
sample_2091,SkeletonData/SkeletonData/RawData/302_18_6_9_1_stand.txt,302,6,1,0,56,True,
sample_2092,SkeletonData/SkeletonData/RawData/302_18_7_10_1_stand.txt,302,7,1,0,72,True,
sample_2093,SkeletonData/SkeletonData/RawData/302_18_7_11_1_stand.txt,302,7,1,0,56,True,
sample_2094,SkeletonData/SkeletonData/RawData/302_18_7_12_1_stand.txt,302,7,1,0,63,True,
sample_2095,SkeletonData/SkeletonData/RawData/302_18_7_1_1_chair.txt,302,7,1,0,91,True,
sample_2096,SkeletonData/SkeletonData/RawData/302_18_7_2_1_chair.txt,302,7,1,0,72,True,
sample_2097,SkeletonData/SkeletonData/RawData/302_18_7_3_1_chair.txt,302,7,1,0,41,True,
sample_2098,SkeletonData/SkeletonData/RawData/302_18_7_4_1_chair.txt,302,7,1,0,45,True,
sample_2099,SkeletonData/SkeletonData/RawData/302_18_7_5_1_chair.txt,302,7,1,0,53,True,
sample_2100,SkeletonData/SkeletonData/RawData/302_18_7_6_1_chair.txt,302,7,1,0,50,True,
sample_2101,SkeletonData/SkeletonData/RawData/302_18_7_7_1_stand.txt,302,7,1,0,43,True,
sample_2102,SkeletonData/SkeletonData/RawData/302_18_7_8_1_stand.txt,302,7,1,0,61,True,
sample_2103,SkeletonData/SkeletonData/RawData/302_18_7_9_1_stand.txt,302,7,1,0,59,True,
sample_2104,SkeletonData/SkeletonData/RawData/302_18_8_10_1_stand.txt,302,8,1,0,71,True,
sample_2105,SkeletonData/SkeletonData/RawData/302_18_8_11_1_stand.txt,302,8,1,0,46,True,
sample_2106,SkeletonData/SkeletonData/RawData/302_18_8_12_1_stand.txt,302,8,1,0,39,True,
sample_2107,SkeletonData/SkeletonData/RawData/302_18_8_1_1_chair.txt,302,8,1,0,46,True,
sample_2108,SkeletonData/SkeletonData/RawData/302_18_8_2_1_chair.txt,302,8,1,0,54,True,
sample_2109,SkeletonData/SkeletonData/RawData/302_18_8_3_1_chair.txt,302,8,1,0,56,True,
sample_2110,SkeletonData/SkeletonData/RawData/302_18_8_4_1_chair.txt,302,8,1,0,59,True,
sample_2111,SkeletonData/SkeletonData/RawData/302_18_8_5_1_chair.txt,302,8,1,0,68,True,
sample_2112,SkeletonData/SkeletonData/RawData/302_18_8_6_1_chair.txt,302,8,1,0,54,True,
sample_2113,SkeletonData/SkeletonData/RawData/302_18_8_7_1_stand.txt,302,8,1,0,43,True,
sample_2114,SkeletonData/SkeletonData/RawData/302_18_8_8_1_stand.txt,302,8,1,0,52,True,
sample_2115,SkeletonData/SkeletonData/RawData/302_18_8_9_1_stand.txt,302,8,1,0,38,True,
sample_2116,SkeletonData/SkeletonData/RawData/303_18_0_10_1_stand.txt,303,0,1,0,53,True,
sample_2117,SkeletonData/SkeletonData/RawData/303_18_0_11_1_stand.txt,303,0,1,0,47,True,
sample_2118,SkeletonData/SkeletonData/RawData/303_18_0_12_1_stand.txt,303,0,1,0,60,True,
sample_2119,SkeletonData/SkeletonData/RawData/303_18_0_1_1_chair.txt,303,0,1,0,45,True,
sample_2120,SkeletonData/SkeletonData/RawData/303_18_0_2_1_chair.txt,303,0,1,0,56,True,
sample_2121,SkeletonData/SkeletonData/RawData/303_18_0_3_1_chair.txt,303,0,1,0,60,True,
sample_2122,SkeletonData/SkeletonData/RawData/303_18_0_4_1_chair.txt,303,0,1,0,58,True,
sample_2123,SkeletonData/SkeletonData/RawData/303_18_0_5_1_chair.txt,303,0,1,0,73,True,
sample_2124,SkeletonData/SkeletonData/RawData/303_18_0_6_1_chair.txt,303,0,1,0,67,True,
sample_2125,SkeletonData/SkeletonData/RawData/303_18_0_7_1_stand.txt,303,0,1,0,48,True,
sample_2126,SkeletonData/SkeletonData/RawData/303_18_0_8_1_stand.txt,303,0,1,0,66,True,
sample_2127,SkeletonData/SkeletonData/RawData/303_18_0_9_1_stand.txt,303,0,1,0,61,True,
sample_2128,SkeletonData/SkeletonData/RawData/303_18_1_10_1_stand.txt,303,1,1,0,51,True,
sample_2129,SkeletonData/SkeletonData/RawData/303_18_1_11_1_stand.txt,303,1,1,0,46,True,
sample_2130,SkeletonData/SkeletonData/RawData/303_18_1_12_1_stand.txt,303,1,1,0,60,True,
sample_2131,SkeletonData/SkeletonData/RawData/303_18_1_1_1_chair.txt,303,1,1,0,69,True,
sample_2132,SkeletonData/SkeletonData/RawData/303_18_1_2_1_chair.txt,303,1,1,0,66,True,
sample_2133,SkeletonData/SkeletonData/RawData/303_18_1_3_1_chair.txt,303,1,1,0,48,True,
sample_2134,SkeletonData/SkeletonData/RawData/303_18_1_4_1_chair.txt,303,1,1,0,78,True,
sample_2135,SkeletonData/SkeletonData/RawData/303_18_1_5_1_chair.txt,303,1,1,0,63,True,
sample_2136,SkeletonData/SkeletonData/RawData/303_18_1_6_1_chair.txt,303,1,1,0,73,True,
sample_2137,SkeletonData/SkeletonData/RawData/303_18_1_7_1_stand.txt,303,1,1,0,59,True,
sample_2138,SkeletonData/SkeletonData/RawData/303_18_1_8_1_stand.txt,303,1,1,0,50,True,
sample_2139,SkeletonData/SkeletonData/RawData/303_18_1_9_1_stand.txt,303,1,1,0,47,True,
sample_2140,SkeletonData/SkeletonData/RawData/303_18_2_10_1_stand.txt,303,2,1,0,67,True,
sample_2141,SkeletonData/SkeletonData/RawData/303_18_2_11_1_stand.txt,303,2,1,0,62,True,
sample_2142,SkeletonData/SkeletonData/RawData/303_18_2_12_1_stand.txt,303,2,1,0,66,True,
sample_2143,SkeletonData/SkeletonData/RawData/303_18_2_1_1_chair.txt,303,2,1,0,63,True,
sample_2144,SkeletonData/SkeletonData/RawData/303_18_2_2_1_chair.txt,303,2,1,0,85,True,
sample_2145,SkeletonData/SkeletonData/RawData/303_18_2_3_1_chair.txt,303,2,1,0,83,True,
sample_2146,SkeletonData/SkeletonData/RawData/303_18_2_4_1_chair.txt,303,2,1,0,91,True,
sample_2147,SkeletonData/SkeletonData/RawData/303_18_2_5_1_chair.txt,303,2,1,0,95,True,
sample_2148,SkeletonData/SkeletonData/RawData/303_18_2_6_1_chair.txt,303,2,1,0,80,True,
sample_2149,SkeletonData/SkeletonData/RawData/303_18_2_7_1_stand.txt,303,2,1,0,46,True,
sample_2150,SkeletonData/SkeletonData/RawData/303_18_2_8_1_stand.txt,303,2,1,0,56,True,
sample_2151,SkeletonData/SkeletonData/RawData/303_18_2_9_1_stand.txt,303,2,1,0,52,True,
sample_2152,SkeletonData/SkeletonData/RawData/303_18_3_10_1_stand.txt,303,3,1,0,63,True,
sample_2153,SkeletonData/SkeletonData/RawData/303_18_3_11_1_stand.txt,303,3,1,0,64,True,
sample_2154,SkeletonData/SkeletonData/RawData/303_18_3_12_1_stand.txt,303,3,1,0,61,True,
sample_2155,SkeletonData/SkeletonData/RawData/303_18_3_1_1_chair.txt,303,3,1,0,75,True,
sample_2156,SkeletonData/SkeletonData/RawData/303_18_3_2_1_chair.txt,303,3,1,0,79,True,
sample_2157,SkeletonData/SkeletonData/RawData/303_18_3_3_1_chair.txt,303,3,1,0,66,True,
sample_2158,SkeletonData/SkeletonData/RawData/303_18_3_4_1_chair.txt,303,3,1,0,58,True,
sample_2159,SkeletonData/SkeletonData/RawData/303_18_3_5_1_chair.txt,303,3,1,0,75,True,
sample_2160,SkeletonData/SkeletonData/RawData/303_18_3_6_1_chair.txt,303,3,1,0,64,True,
sample_2161,SkeletonData/SkeletonData/RawData/303_18_3_7_1_stand.txt,303,3,1,0,57,True,
sample_2162,SkeletonData/SkeletonData/RawData/303_18_3_8_1_stand.txt,303,3,1,0,52,True,
sample_2163,SkeletonData/SkeletonData/RawData/303_18_3_9_1_stand.txt,303,3,1,0,64,True,
sample_2164,SkeletonData/SkeletonData/RawData/303_18_4_10_1_stand.txt,303,4,1,0,82,True,
sample_2165,SkeletonData/SkeletonData/RawData/303_18_4_11_1_stand.txt,303,4,1,0,69,True,
sample_2166,SkeletonData/SkeletonData/RawData/303_18_4_12_1_stand.txt,303,4,1,0,61,True,
sample_2167,SkeletonData/SkeletonData/RawData/303_18_4_1_1_chair.txt,303,4,1,0,140,True,
sample_2168,SkeletonData/SkeletonData/RawData/303_18_4_2_1_chair.txt,303,4,1,0,113,True,
sample_2169,SkeletonData/SkeletonData/RawData/303_18_4_3_1_chair.txt,303,4,1,0,107,True,
sample_2170,SkeletonData/SkeletonData/RawData/303_18_4_4_1_chair.txt,303,4,1,0,112,True,
sample_2171,SkeletonData/SkeletonData/RawData/303_18_4_5_1_chair.txt,303,4,1,0,79,True,
sample_2172,SkeletonData/SkeletonData/RawData/303_18_4_6_1_chair.txt,303,4,1,0,89,True,
sample_2173,SkeletonData/SkeletonData/RawData/303_18_4_7_1_stand.txt,303,4,1,0,72,True,
sample_2174,SkeletonData/SkeletonData/RawData/303_18_4_8_1_stand.txt,303,4,1,0,75,True,
sample_2175,SkeletonData/SkeletonData/RawData/303_18_4_9_1_stand.txt,303,4,1,0,81,True,
sample_2176,SkeletonData/SkeletonData/RawData/303_18_5_10_1_stand.txt,303,5,1,0,65,True,
sample_2177,SkeletonData/SkeletonData/RawData/303_18_5_11_1_stand.txt,303,5,1,0,59,True,
sample_2178,SkeletonData/SkeletonData/RawData/303_18_5_12_1_stand.txt,303,5,1,0,41,True,
sample_2179,SkeletonData/SkeletonData/RawData/303_18_5_1_1_chair.txt,303,5,1,0,84,True,
sample_2180,SkeletonData/SkeletonData/RawData/303_18_5_2_1_chair.txt,303,5,1,0,100,True,
sample_2181,SkeletonData/SkeletonData/RawData/303_18_5_3_1_chair.txt,303,5,1,0,96,True,
sample_2182,SkeletonData/SkeletonData/RawData/303_18_5_4_1_chair.txt,303,5,1,0,99,True,
sample_2183,SkeletonData/SkeletonData/RawData/303_18_5_5_1_chair.txt,303,5,1,0,82,True,
sample_2184,SkeletonData/SkeletonData/RawData/303_18_5_6_1_chair.txt,303,5,1,0,91,True,
sample_2185,SkeletonData/SkeletonData/RawData/303_18_5_7_1_stand.txt,303,5,1,0,74,True,
sample_2186,SkeletonData/SkeletonData/RawData/303_18_5_8_1_stand.txt,303,5,1,0,72,True,
sample_2187,SkeletonData/SkeletonData/RawData/303_18_5_9_1_stand.txt,303,5,1,0,75,True,
sample_2188,SkeletonData/SkeletonData/RawData/303_18_6_10_1_stand.txt,303,6,1,0,75,True,
sample_2189,SkeletonData/SkeletonData/RawData/303_18_6_11_1_stand.txt,303,6,1,0,93,True,
sample_2190,SkeletonData/SkeletonData/RawData/303_18_6_1_1_chair.txt,303,6,1,0,87,True,
sample_2191,SkeletonData/SkeletonData/RawData/303_18_6_2_1_chair.txt,303,6,1,0,99,True,
sample_2192,SkeletonData/SkeletonData/RawData/303_18_6_3_1_chair.txt,303,6,1,0,79,True,
sample_2193,SkeletonData/SkeletonData/RawData/303_18_6_4_1_chair.txt,303,6,1,0,83,True,
sample_2194,SkeletonData/SkeletonData/RawData/303_18_6_5_1_chair.txt,303,6,1,0,77,True,
sample_2195,SkeletonData/SkeletonData/RawData/303_18_6_6_1_chair.txt,303,6,1,0,70,True,
sample_2196,SkeletonData/SkeletonData/RawData/303_18_6_7_1_stand.txt,303,6,1,0,63,True,
sample_2197,SkeletonData/SkeletonData/RawData/303_18_6_8_1_stand.txt,303,6,1,0,76,True,
sample_2198,SkeletonData/SkeletonData/RawData/303_18_6_9_1_stand.txt,303,6,1,0,92,True,
sample_2199,SkeletonData/SkeletonData/RawData/303_18_7_10_1_stand.txt,303,7,1,0,56,True,
sample_2200,SkeletonData/SkeletonData/RawData/303_18_7_11_1_stand.txt,303,7,1,0,68,True,
sample_2201,SkeletonData/SkeletonData/RawData/303_18_7_12_1_stand.txt,303,7,1,0,58,True,
sample_2202,SkeletonData/SkeletonData/RawData/303_18_7_1_1_chair.txt,303,7,1,0,71,True,
sample_2203,SkeletonData/SkeletonData/RawData/303_18_7_2_1_chair.txt,303,7,1,0,51,True,
sample_2204,SkeletonData/SkeletonData/RawData/303_18_7_3_1_chair.txt,303,7,1,0,61,True,
sample_2205,SkeletonData/SkeletonData/RawData/303_18_7_4_1_chair.txt,303,7,1,0,73,True,
sample_2206,SkeletonData/SkeletonData/RawData/303_18_7_5_1_chair.txt,303,7,1,0,54,True,
sample_2207,SkeletonData/SkeletonData/RawData/303_18_7_6_1_chair.txt,303,7,1,0,67,True,
sample_2208,SkeletonData/SkeletonData/RawData/303_18_7_7_1_stand.txt,303,7,1,0,36,True,
sample_2209,SkeletonData/SkeletonData/RawData/303_18_7_8_1_stand.txt,303,7,1,0,40,True,
sample_2210,SkeletonData/SkeletonData/RawData/303_18_7_9_1_stand.txt,303,7,1,0,55,True,
sample_2211,SkeletonData/SkeletonData/RawData/303_18_8_10_1_stand.txt,303,8,1,0,44,True,
sample_2212,SkeletonData/SkeletonData/RawData/303_18_8_11_1_stand.txt,303,8,1,0,56,True,
sample_2213,SkeletonData/SkeletonData/RawData/303_18_8_12_1_stand.txt,303,8,1,0,47,True,
sample_2214,SkeletonData/SkeletonData/RawData/303_18_8_1_1_chair.txt,303,8,1,0,51,True,
sample_2215,SkeletonData/SkeletonData/RawData/303_18_8_2_1_chair.txt,303,8,1,0,53,True,
sample_2216,SkeletonData/SkeletonData/RawData/303_18_8_3_1_chair.txt,303,8,1,0,62,True,
sample_2217,SkeletonData/SkeletonData/RawData/303_18_8_4_1_chair.txt,303,8,1,0,65,True,
sample_2218,SkeletonData/SkeletonData/RawData/303_18_8_5_1_chair.txt,303,8,1,0,60,True,
sample_2219,SkeletonData/SkeletonData/RawData/303_18_8_6_1_chair.txt,303,8,1,0,66,True,
sample_2220,SkeletonData/SkeletonData/RawData/303_18_8_7_1_stand.txt,303,8,1,0,32,True,
sample_2221,SkeletonData/SkeletonData/RawData/303_18_8_8_1_stand.txt,303,8,1,0,43,True,
sample_2222,SkeletonData/SkeletonData/RawData/303_18_8_9_1_stand.txt,303,8,1,0,42,True,
sample_2223,SkeletonData/SkeletonData/RawData/304_18_0_1_1_chair.txt,304,0,1,0,36,True,
sample_2224,SkeletonData/SkeletonData/RawData/304_18_0_2_1_chair.txt,304,0,1,0,28,True,
sample_2225,SkeletonData/SkeletonData/RawData/304_18_0_3_1_chair.txt,304,0,1,0,37,True,
sample_2226,SkeletonData/SkeletonData/RawData/304_18_0_4_1_chair.txt,304,0,1,0,33,True,
sample_2227,SkeletonData/SkeletonData/RawData/304_18_0_5_1_chair.txt,304,0,1,0,36,True,
sample_2228,SkeletonData/SkeletonData/RawData/304_18_0_6_1_chair.txt,304,0,1,0,35,True,
sample_2229,SkeletonData/SkeletonData/RawData/304_18_1_1_1_chair.txt,304,1,1,0,36,True,
sample_2230,SkeletonData/SkeletonData/RawData/304_18_1_2_1_chair.txt,304,1,1,0,34,True,
sample_2231,SkeletonData/SkeletonData/RawData/304_18_1_3_1_chair.txt,304,1,1,0,39,True,
sample_2232,SkeletonData/SkeletonData/RawData/304_18_1_4_1_chair.txt,304,1,1,0,40,True,
sample_2233,SkeletonData/SkeletonData/RawData/304_18_1_5_1_chair.txt,304,1,1,0,43,True,
sample_2234,SkeletonData/SkeletonData/RawData/304_18_1_6_1_chair.txt,304,1,1,0,38,True,
sample_2235,SkeletonData/SkeletonData/RawData/304_18_2_1_1_chair.txt,304,2,1,0,71,True,
sample_2236,SkeletonData/SkeletonData/RawData/304_18_2_2_1_chair.txt,304,2,1,0,72,True,
sample_2237,SkeletonData/SkeletonData/RawData/304_18_2_3_1_chair.txt,304,2,1,0,71,True,
sample_2238,SkeletonData/SkeletonData/RawData/304_18_2_4_1_chair.txt,304,2,1,0,61,True,
sample_2239,SkeletonData/SkeletonData/RawData/304_18_2_5_1_chair.txt,304,2,1,0,67,True,
sample_2240,SkeletonData/SkeletonData/RawData/304_18_2_6_1_chair.txt,304,2,1,0,47,True,
sample_2241,SkeletonData/SkeletonData/RawData/304_18_3_1_1_chair.txt,304,3,1,0,37,True,
sample_2242,SkeletonData/SkeletonData/RawData/304_18_3_2_1_chair.txt,304,3,1,0,45,True,
sample_2243,SkeletonData/SkeletonData/RawData/304_18_3_3_1_chair.txt,304,3,1,0,51,True,
sample_2244,SkeletonData/SkeletonData/RawData/304_18_3_4_1_chair.txt,304,3,1,0,49,True,
sample_2245,SkeletonData/SkeletonData/RawData/304_18_3_5_1_chair.txt,304,3,1,0,59,True,
sample_2246,SkeletonData/SkeletonData/RawData/304_18_3_6_1_chair.txt,304,3,1,0,55,True,
sample_2247,SkeletonData/SkeletonData/RawData/304_18_4_1_1_chair.txt,304,4,1,0,56,True,
sample_2248,SkeletonData/SkeletonData/RawData/304_18_4_2_1_chair.txt,304,4,1,0,67,True,
sample_2249,SkeletonData/SkeletonData/RawData/304_18_4_3_1_chair.txt,304,4,1,0,59,True,
sample_2250,SkeletonData/SkeletonData/RawData/304_18_4_4_1_chair.txt,304,4,1,0,60,True,
sample_2251,SkeletonData/SkeletonData/RawData/304_18_4_5_1_chair.txt,304,4,1,0,72,True,
sample_2252,SkeletonData/SkeletonData/RawData/304_18_4_6_1_chair.txt,304,4,1,0,52,True,
sample_2253,SkeletonData/SkeletonData/RawData/304_18_4_7_1_chair.txt,304,4,1,0,46,True,
sample_2254,SkeletonData/SkeletonData/RawData/304_18_5_1_1_chair.txt,304,5,1,0,57,True,
sample_2255,SkeletonData/SkeletonData/RawData/304_18_5_2_1_chair.txt,304,5,1,0,62,True,
sample_2256,SkeletonData/SkeletonData/RawData/304_18_5_3_1_chair.txt,304,5,1,0,51,True,
sample_2257,SkeletonData/SkeletonData/RawData/304_18_5_4_1_chair.txt,304,5,1,0,60,True,
sample_2258,SkeletonData/SkeletonData/RawData/304_18_5_5_1_chair.txt,304,5,1,0,59,True,
sample_2259,SkeletonData/SkeletonData/RawData/304_18_5_6_1_chair.txt,304,5,1,0,50,True,
sample_2260,SkeletonData/SkeletonData/RawData/304_18_6_1_1_chair.txt,304,6,1,0,87,True,
sample_2261,SkeletonData/SkeletonData/RawData/304_18_6_2_1_chair.txt,304,6,1,0,87,True,
sample_2262,SkeletonData/SkeletonData/RawData/304_18_6_3_1_chair.txt,304,6,1,0,65,True,
sample_2263,SkeletonData/SkeletonData/RawData/304_18_6_4_1_chair.txt,304,6,1,0,66,True,
sample_2264,SkeletonData/SkeletonData/RawData/304_18_6_5_1_chair.txt,304,6,1,0,66,True,
sample_2265,SkeletonData/SkeletonData/RawData/304_18_6_6_1_chair.txt,304,6,1,0,68,True,
sample_2266,SkeletonData/SkeletonData/RawData/304_18_7_1_1_chair.txt,304,7,1,0,80,True,
sample_2267,SkeletonData/SkeletonData/RawData/304_18_7_2_1_chair.txt,304,7,1,0,82,True,
sample_2268,SkeletonData/SkeletonData/RawData/304_18_7_3_1_chair.txt,304,7,1,0,86,True,
sample_2269,SkeletonData/SkeletonData/RawData/304_18_7_4_1_chair.txt,304,7,1,0,65,True,
sample_2270,SkeletonData/SkeletonData/RawData/304_18_7_5_1_chair.txt,304,7,1,0,75,True,
sample_2271,SkeletonData/SkeletonData/RawData/304_18_7_6_1_chair.txt,304,7,1,0,45,True,
sample_2272,SkeletonData/SkeletonData/RawData/304_18_8_1_1_chair.txt,304,8,1,0,52,True,
sample_2273,SkeletonData/SkeletonData/RawData/304_18_8_2_1_chair.txt,304,8,1,0,51,True,
sample_2274,SkeletonData/SkeletonData/RawData/304_18_8_3_1_chair.txt,304,8,1,0,41,True,
sample_2275,SkeletonData/SkeletonData/RawData/304_18_8_4_1_chair.txt,304,8,1,0,56,True,
sample_2276,SkeletonData/SkeletonData/RawData/304_18_8_5_1_chair.txt,304,8,1,0,45,True,
sample_2277,SkeletonData/SkeletonData/RawData/304_18_8_6_1_chair.txt,304,8,1,0,47,True,
sample_2278,SkeletonData/SkeletonData/RawData/305_18_0_10_1_stand.txt,305,0,1,0,28,True,
sample_2279,SkeletonData/SkeletonData/RawData/305_18_0_11_1_stand.txt,305,0,1,0,35,True,
sample_2280,SkeletonData/SkeletonData/RawData/305_18_0_12_1_stand.txt,305,0,1,0,27,True,
sample_2281,SkeletonData/SkeletonData/RawData/305_18_0_1_1_chair.txt,305,0,1,0,39,True,
sample_2282,SkeletonData/SkeletonData/RawData/305_18_0_2_1_chair.txt,305,0,1,0,36,True,
sample_2283,SkeletonData/SkeletonData/RawData/305_18_0_3_1_chair.txt,305,0,1,0,45,True,
sample_2284,SkeletonData/SkeletonData/RawData/305_18_0_4_1_chair.txt,305,0,1,0,44,True,
sample_2285,SkeletonData/SkeletonData/RawData/305_18_0_5_1_chair.txt,305,0,1,0,37,True,
sample_2286,SkeletonData/SkeletonData/RawData/305_18_0_6_1_chair.txt,305,0,1,0,41,True,
sample_2287,SkeletonData/SkeletonData/RawData/305_18_0_7_1_stand.txt,305,0,1,0,26,True,
sample_2288,SkeletonData/SkeletonData/RawData/305_18_0_8_1_stand.txt,305,0,1,0,32,True,
sample_2289,SkeletonData/SkeletonData/RawData/305_18_0_9_1_stand.txt,305,0,1,0,29,True,
sample_2290,SkeletonData/SkeletonData/RawData/305_18_1_10_1_stand.txt,305,1,1,0,36,True,
sample_2291,SkeletonData/SkeletonData/RawData/305_18_1_11_1_stand.txt,305,1,1,0,36,True,
sample_2292,SkeletonData/SkeletonData/RawData/305_18_1_12_1_stand.txt,305,1,1,0,29,True,
sample_2293,SkeletonData/SkeletonData/RawData/305_18_1_1_1_chair.txt,305,1,1,0,39,True,
sample_2294,SkeletonData/SkeletonData/RawData/305_18_1_2_1_chair.txt,305,1,1,0,43,True,
sample_2295,SkeletonData/SkeletonData/RawData/305_18_1_3_1_chair.txt,305,1,1,0,44,True,
sample_2296,SkeletonData/SkeletonData/RawData/305_18_1_4_1_chair.txt,305,1,1,0,43,True,
sample_2297,SkeletonData/SkeletonData/RawData/305_18_1_5_1_chair.txt,305,1,1,0,48,True,
sample_2298,SkeletonData/SkeletonData/RawData/305_18_1_6_1_chair.txt,305,1,1,0,41,True,
sample_2299,SkeletonData/SkeletonData/RawData/305_18_1_7_1_stand.txt,305,1,1,0,25,True,
sample_2300,SkeletonData/SkeletonData/RawData/305_18_1_8_1_stand.txt,305,1,1,0,24,True,
sample_2301,SkeletonData/SkeletonData/RawData/305_18_1_9_1_stand.txt,305,1,1,0,30,True,
sample_2302,SkeletonData/SkeletonData/RawData/305_18_2_1_1_stand.txt,305,2,1,0,41,True,
sample_2303,SkeletonData/SkeletonData/RawData/305_18_2_2_1_stand.txt,305,2,1,0,38,True,
sample_2304,SkeletonData/SkeletonData/RawData/305_18_2_3_1_stand.txt,305,2,1,0,39,True,
sample_2305,SkeletonData/SkeletonData/RawData/305_18_2_4_1_stand.txt,305,2,1,0,38,True,
sample_2306,SkeletonData/SkeletonData/RawData/305_18_2_5_1_stand.txt,305,2,1,0,40,True,
sample_2307,SkeletonData/SkeletonData/RawData/305_18_2_6_1_stand.txt,305,2,1,0,38,True,
sample_2308,SkeletonData/SkeletonData/RawData/305_18_3_1_1_stand.txt,305,3,1,0,41,True,
sample_2309,SkeletonData/SkeletonData/RawData/305_18_3_2_1_stand.txt,305,3,1,0,36,True,
sample_2310,SkeletonData/SkeletonData/RawData/305_18_3_3_1_stand.txt,305,3,1,0,38,True,
sample_2311,SkeletonData/SkeletonData/RawData/305_18_3_4_1_stand.txt,305,3,1,0,35,True,
sample_2312,SkeletonData/SkeletonData/RawData/305_18_3_5_1_stand.txt,305,3,1,0,41,True,
sample_2313,SkeletonData/SkeletonData/RawData/305_18_3_6_1_stand.txt,305,3,1,0,41,True,
sample_2314,SkeletonData/SkeletonData/RawData/305_18_4_10_1_stand.txt,305,4,1,0,35,True,
sample_2315,SkeletonData/SkeletonData/RawData/305_18_4_11_1_stand.txt,305,4,1,0,41,True,
sample_2316,SkeletonData/SkeletonData/RawData/305_18_4_12_1_stand.txt,305,4,1,0,39,True,
sample_2317,SkeletonData/SkeletonData/RawData/305_18_4_1_1_chair.txt,305,4,1,0,57,True,
sample_2318,SkeletonData/SkeletonData/RawData/305_18_4_2_1_chair.txt,305,4,1,0,53,True,
sample_2319,SkeletonData/SkeletonData/RawData/305_18_4_3_1_chair.txt,305,4,1,0,48,True,
sample_2320,SkeletonData/SkeletonData/RawData/305_18_4_4_1_chair.txt,305,4,1,0,50,True,
sample_2321,SkeletonData/SkeletonData/RawData/305_18_4_5_1_chair.txt,305,4,1,0,51,True,
sample_2322,SkeletonData/SkeletonData/RawData/305_18_4_6_1_chair.txt,305,4,1,0,56,True,
sample_2323,SkeletonData/SkeletonData/RawData/305_18_4_7_1_stand.txt,305,4,1,0,49,True,
sample_2324,SkeletonData/SkeletonData/RawData/305_18_4_8_1_stand.txt,305,4,1,0,38,True,
sample_2325,SkeletonData/SkeletonData/RawData/305_18_4_9_1_stand.txt,305,4,1,0,37,True,
sample_2326,SkeletonData/SkeletonData/RawData/305_18_5_10_1_stand.txt,305,5,1,0,36,True,
sample_2327,SkeletonData/SkeletonData/RawData/305_18_5_11_1_stand.txt,305,5,1,0,45,True,
sample_2328,SkeletonData/SkeletonData/RawData/305_18_5_12_1_stand.txt,305,5,1,0,47,True,
sample_2329,SkeletonData/SkeletonData/RawData/305_18_5_1_1_chair.txt,305,5,1,0,55,True,
sample_2330,SkeletonData/SkeletonData/RawData/305_18_5_2_1_chair.txt,305,5,1,0,55,True,
sample_2331,SkeletonData/SkeletonData/RawData/305_18_5_3_1_chair.txt,305,5,1,0,44,True,
sample_2332,SkeletonData/SkeletonData/RawData/305_18_5_4_1_chair.txt,305,5,1,0,55,True,
sample_2333,SkeletonData/SkeletonData/RawData/305_18_5_5_1_chair.txt,305,5,1,0,56,True,
sample_2334,SkeletonData/SkeletonData/RawData/305_18_5_6_1_chair.txt,305,5,1,0,61,True,
sample_2335,SkeletonData/SkeletonData/RawData/305_18_5_7_1_stand.txt,305,5,1,0,41,True,
sample_2336,SkeletonData/SkeletonData/RawData/305_18_5_8_1_stand.txt,305,5,1,0,40,True,
sample_2337,SkeletonData/SkeletonData/RawData/305_18_5_9_1_stand.txt,305,5,1,0,38,True,
sample_2338,SkeletonData/SkeletonData/RawData/305_18_6_10_1_stand.txt,305,6,1,0,43,True,
sample_2339,SkeletonData/SkeletonData/RawData/305_18_6_11_1_stand.txt,305,6,1,0,35,True,
sample_2340,SkeletonData/SkeletonData/RawData/305_18_6_12_1_stand.txt,305,6,1,0,45,True,
sample_2341,SkeletonData/SkeletonData/RawData/305_18_6_1_1_chair.txt,305,6,1,0,50,True,
sample_2342,SkeletonData/SkeletonData/RawData/305_18_6_2_1_chair.txt,305,6,1,0,58,True,
sample_2343,SkeletonData/SkeletonData/RawData/305_18_6_3_1_chair.txt,305,6,1,0,50,True,
sample_2344,SkeletonData/SkeletonData/RawData/305_18_6_4_1_chair.txt,305,6,1,0,49,True,
sample_2345,SkeletonData/SkeletonData/RawData/305_18_6_5_1_chair.txt,305,6,1,0,47,True,
sample_2346,SkeletonData/SkeletonData/RawData/305_18_6_6_1_chair.txt,305,6,1,0,56,True,
sample_2347,SkeletonData/SkeletonData/RawData/305_18_6_7_1_stand.txt,305,6,1,0,54,True,
sample_2348,SkeletonData/SkeletonData/RawData/305_18_6_8_1_stand.txt,305,6,1,0,38,True,
sample_2349,SkeletonData/SkeletonData/RawData/305_18_6_9_1_stand.txt,305,6,1,0,44,True,
sample_2350,SkeletonData/SkeletonData/RawData/305_18_7_10_1_stand.txt,305,7,1,0,33,True,
sample_2351,SkeletonData/SkeletonData/RawData/305_18_7_11_1_stand.txt,305,7,1,0,37,True,
sample_2352,SkeletonData/SkeletonData/RawData/305_18_7_12_1_stand.txt,305,7,1,0,38,True,
sample_2353,SkeletonData/SkeletonData/RawData/305_18_7_1_1_chair.txt,305,7,1,0,32,True,
sample_2354,SkeletonData/SkeletonData/RawData/305_18_7_2_1_chair.txt,305,7,1,0,30,True,
sample_2355,SkeletonData/SkeletonData/RawData/305_18_7_3_1_chair.txt,305,7,1,0,38,True,
sample_2356,SkeletonData/SkeletonData/RawData/305_18_7_4_1_chair.txt,305,7,1,0,32,True,
sample_2357,SkeletonData/SkeletonData/RawData/305_18_7_5_1_chair.txt,305,7,1,0,39,True,
sample_2358,SkeletonData/SkeletonData/RawData/305_18_7_6_1_chair.txt,305,7,1,0,34,True,
sample_2359,SkeletonData/SkeletonData/RawData/305_18_7_7_1_stand.txt,305,7,1,0,34,True,
sample_2360,SkeletonData/SkeletonData/RawData/305_18_7_8_1_stand.txt,305,7,1,0,38,True,
sample_2361,SkeletonData/SkeletonData/RawData/305_18_7_9_1_stand.txt,305,7,1,0,36,True,
sample_2362,SkeletonData/SkeletonData/RawData/305_18_8_10_1_stand.txt,305,8,1,0,29,True,
sample_2363,SkeletonData/SkeletonData/RawData/305_18_8_11_1_stand.txt,305,8,1,0,28,True,
sample_2364,SkeletonData/SkeletonData/RawData/305_18_8_12_1_stand.txt,305,8,1,0,30,True,
sample_2365,SkeletonData/SkeletonData/RawData/305_18_8_1_1_chair.txt,305,8,1,0,32,True,
sample_2366,SkeletonData/SkeletonData/RawData/305_18_8_2_1_chair.txt,305,8,1,0,33,True,
sample_2367,SkeletonData/SkeletonData/RawData/305_18_8_3_1_chair.txt,305,8,1,0,34,True,
sample_2368,SkeletonData/SkeletonData/RawData/305_18_8_4_1_chair.txt,305,8,1,0,29,True,
sample_2369,SkeletonData/SkeletonData/RawData/305_18_8_5_1_chair.txt,305,8,1,0,30,True,
sample_2370,SkeletonData/SkeletonData/RawData/305_18_8_6_1_chair.txt,305,8,1,0,39,True,
sample_2371,SkeletonData/SkeletonData/RawData/305_18_8_7_1_stand.txt,305,8,1,0,28,True,
sample_2372,SkeletonData/SkeletonData/RawData/305_18_8_8_1_stand.txt,305,8,1,0,30,True,
sample_2373,SkeletonData/SkeletonData/RawData/305_18_8_9_1_stand.txt,305,8,1,0,27,True,
sample_2374,SkeletonData/SkeletonData/RawData/306_18_0_10_1_stand.txt,306,0,1,0,48,True,
sample_2375,SkeletonData/SkeletonData/RawData/306_18_0_11_1_stand.txt,306,0,1,0,56,True,
sample_2376,SkeletonData/SkeletonData/RawData/306_18_0_12_1_stand.txt,306,0,1,0,54,True,
sample_2377,SkeletonData/SkeletonData/RawData/306_18_0_1_1_sit.txt,306,0,1,0,44,True,
sample_2378,SkeletonData/SkeletonData/RawData/306_18_0_2_1_sit.txt,306,0,1,0,44,True,
sample_2379,SkeletonData/SkeletonData/RawData/306_18_0_3_1_sit.txt,306,0,1,0,52,True,
sample_2380,SkeletonData/SkeletonData/RawData/306_18_0_4_1_sit.txt,306,0,1,0,44,True,
sample_2381,SkeletonData/SkeletonData/RawData/306_18_0_5_1_sit.txt,306,0,1,0,53,True,
sample_2382,SkeletonData/SkeletonData/RawData/306_18_0_6_1_sit.txt,306,0,1,0,52,True,
sample_2383,SkeletonData/SkeletonData/RawData/306_18_0_7_1_stand.txt,306,0,1,0,46,True,
sample_2384,SkeletonData/SkeletonData/RawData/306_18_0_8_1_stand.txt,306,0,1,0,59,True,
sample_2385,SkeletonData/SkeletonData/RawData/306_18_0_9_1_stand.txt,306,0,1,0,60,True,
sample_2386,SkeletonData/SkeletonData/RawData/306_18_1_10_1_stand.txt,306,1,1,0,51,True,
sample_2387,SkeletonData/SkeletonData/RawData/306_18_1_11_1_stand.txt,306,1,1,0,54,True,
sample_2388,SkeletonData/SkeletonData/RawData/306_18_1_12_1_stand.txt,306,1,1,0,58,True,
sample_2389,SkeletonData/SkeletonData/RawData/306_18_1_1_1_sit.txt,306,1,1,0,55,True,
sample_2390,SkeletonData/SkeletonData/RawData/306_18_1_2_1_sit.txt,306,1,1,0,53,True,
sample_2391,SkeletonData/SkeletonData/RawData/306_18_1_3_1_sit.txt,306,1,1,0,40,True,
sample_2392,SkeletonData/SkeletonData/RawData/306_18_1_4_1_sit.txt,306,1,1,0,52,True,
sample_2393,SkeletonData/SkeletonData/RawData/306_18_1_5_1_sit.txt,306,1,1,0,53,True,
sample_2394,SkeletonData/SkeletonData/RawData/306_18_1_6_1_sit.txt,306,1,1,0,47,True,
sample_2395,SkeletonData/SkeletonData/RawData/306_18_1_7_1_stand.txt,306,1,1,0,64,True,
sample_2396,SkeletonData/SkeletonData/RawData/306_18_1_8_1_stand.txt,306,1,1,0,42,True,
sample_2397,SkeletonData/SkeletonData/RawData/306_18_1_9_1_stand.txt,306,1,1,0,40,True,
sample_2398,SkeletonData/SkeletonData/RawData/306_18_2_10_1_stand.txt,306,2,1,0,62,True,
sample_2399,SkeletonData/SkeletonData/RawData/306_18_2_11_1_stand.txt,306,2,1,0,67,True,
sample_2400,SkeletonData/SkeletonData/RawData/306_18_2_12_1_stand.txt,306,2,1,0,61,True,
sample_2401,SkeletonData/SkeletonData/RawData/306_18_2_1_1_sit.txt,306,2,1,0,58,True,
sample_2402,SkeletonData/SkeletonData/RawData/306_18_2_2_1_sit.txt,306,2,1,0,70,True,
sample_2403,SkeletonData/SkeletonData/RawData/306_18_2_3_1_sit.txt,306,2,1,0,62,True,
sample_2404,SkeletonData/SkeletonData/RawData/306_18_2_4_1_sit.txt,306,2,1,0,65,True,
sample_2405,SkeletonData/SkeletonData/RawData/306_18_2_5_1_sit.txt,306,2,1,0,67,True,
sample_2406,SkeletonData/SkeletonData/RawData/306_18_2_6_1_sit.txt,306,2,1,0,56,True,
sample_2407,SkeletonData/SkeletonData/RawData/306_18_2_7_1_stand.txt,306,2,1,0,57,True,
sample_2408,SkeletonData/SkeletonData/RawData/306_18_2_8_1_stand.txt,306,2,1,0,51,True,
sample_2409,SkeletonData/SkeletonData/RawData/306_18_2_9_1_stand.txt,306,2,1,0,58,True,
sample_2410,SkeletonData/SkeletonData/RawData/306_18_3_10_1_stand.txt,306,3,1,0,67,True,
sample_2411,SkeletonData/SkeletonData/RawData/306_18_3_11_1_stand.txt,306,3,1,0,64,True,
sample_2412,SkeletonData/SkeletonData/RawData/306_18_3_12_1_stand.txt,306,3,1,0,58,True,
sample_2413,SkeletonData/SkeletonData/RawData/306_18_3_1_1_sit.txt,306,3,1,0,53,True,
sample_2414,SkeletonData/SkeletonData/RawData/306_18_3_2_1_sit.txt,306,3,1,0,62,True,
sample_2415,SkeletonData/SkeletonData/RawData/306_18_3_3_1_sit.txt,306,3,1,0,57,True,
sample_2416,SkeletonData/SkeletonData/RawData/306_18_3_4_1_sit.txt,306,3,1,0,63,True,
sample_2417,SkeletonData/SkeletonData/RawData/306_18_3_5_1_sit.txt,306,3,1,0,57,True,
sample_2418,SkeletonData/SkeletonData/RawData/306_18_3_6_1_sit.txt,306,3,1,0,49,True,
sample_2419,SkeletonData/SkeletonData/RawData/306_18_3_7_1_stand.txt,306,3,1,0,51,True,
sample_2420,SkeletonData/SkeletonData/RawData/306_18_3_8_1_stand.txt,306,3,1,0,68,True,
sample_2421,SkeletonData/SkeletonData/RawData/306_18_3_9_1_stand.txt,306,3,1,0,52,True,
sample_2422,SkeletonData/SkeletonData/RawData/306_18_4_10_1_stand.txt,306,4,1,0,62,True,
sample_2423,SkeletonData/SkeletonData/RawData/306_18_4_11_1_stand.txt,306,4,1,0,63,True,
sample_2424,SkeletonData/SkeletonData/RawData/306_18_4_12_1_stand.txt,306,4,1,0,61,True,
sample_2425,SkeletonData/SkeletonData/RawData/306_18_4_1_1_sit.txt,306,4,1,0,78,True,
sample_2426,SkeletonData/SkeletonData/RawData/306_18_4_2_1_sit.txt,306,4,1,0,77,True,
sample_2427,SkeletonData/SkeletonData/RawData/306_18_4_3_1_sit.txt,306,4,1,0,67,True,
sample_2428,SkeletonData/SkeletonData/RawData/306_18_4_4_1_sit.txt,306,4,1,0,65,True,
sample_2429,SkeletonData/SkeletonData/RawData/306_18_4_5_1_sit.txt,306,4,1,0,54,True,
sample_2430,SkeletonData/SkeletonData/RawData/306_18_4_6_1_sit.txt,306,4,1,0,65,True,
sample_2431,SkeletonData/SkeletonData/RawData/306_18_4_7_1_stand.txt,306,4,1,0,72,True,
sample_2432,SkeletonData/SkeletonData/RawData/306_18_4_8_1_stand.txt,306,4,1,0,56,True,
sample_2433,SkeletonData/SkeletonData/RawData/306_18_4_9_1_stand.txt,306,4,1,0,66,True,
sample_2434,SkeletonData/SkeletonData/RawData/306_18_5_10_1_stand.txt,306,5,1,0,67,True,
sample_2435,SkeletonData/SkeletonData/RawData/306_18_5_11_1_stand.txt,306,5,1,0,62,True,
sample_2436,SkeletonData/SkeletonData/RawData/306_18_5_12_1_stand.txt,306,5,1,0,58,True,
sample_2437,SkeletonData/SkeletonData/RawData/306_18_5_1_1_sit.txt,306,5,1,0,66,True,
sample_2438,SkeletonData/SkeletonData/RawData/306_18_5_2_1_sit.txt,306,5,1,0,67,True,
sample_2439,SkeletonData/SkeletonData/RawData/306_18_5_3_1_sit.txt,306,5,1,0,68,True,
sample_2440,SkeletonData/SkeletonData/RawData/306_18_5_4_1_sit.txt,306,5,1,0,70,True,
sample_2441,SkeletonData/SkeletonData/RawData/306_18_5_5_1_sit.txt,306,5,1,0,69,True,
sample_2442,SkeletonData/SkeletonData/RawData/306_18_5_6_1_sit.txt,306,5,1,0,64,True,
sample_2443,SkeletonData/SkeletonData/RawData/306_18_5_7_1_stand.txt,306,5,1,0,59,True,
sample_2444,SkeletonData/SkeletonData/RawData/306_18_5_8_1_stand.txt,306,5,1,0,59,True,
sample_2445,SkeletonData/SkeletonData/RawData/306_18_5_9_1_stand.txt,306,5,1,0,68,True,
sample_2446,SkeletonData/SkeletonData/RawData/306_18_6_10_1_stand.txt,306,6,1,0,66,True,
sample_2447,SkeletonData/SkeletonData/RawData/306_18_6_11_1_stand.txt,306,6,1,0,59,True,
sample_2448,SkeletonData/SkeletonData/RawData/306_18_6_12_1_stand.txt,306,6,1,0,64,True,
sample_2449,SkeletonData/SkeletonData/RawData/306_18_6_13_1_stand.txt,306,6,1,0,66,True,
sample_2450,SkeletonData/SkeletonData/RawData/306_18_6_1_1_sit.txt,306,6,1,0,66,True,
sample_2451,SkeletonData/SkeletonData/RawData/306_18_6_2_1_sit.txt,306,6,1,0,59,True,
sample_2452,SkeletonData/SkeletonData/RawData/306_18_6_3_1_sit.txt,306,6,1,0,70,True,
sample_2453,SkeletonData/SkeletonData/RawData/306_18_6_4_1_sit.txt,306,6,1,0,62,True,
sample_2454,SkeletonData/SkeletonData/RawData/306_18_6_5_1_sit.txt,306,6,1,0,66,True,
sample_2455,SkeletonData/SkeletonData/RawData/306_18_6_6_1_sit.txt,306,6,1,0,66,True,
sample_2456,SkeletonData/SkeletonData/RawData/306_18_6_7_1_sit.txt,306,6,1,0,58,True,
sample_2457,SkeletonData/SkeletonData/RawData/306_18_6_8_1_stand.txt,306,6,1,0,61,True,
sample_2458,SkeletonData/SkeletonData/RawData/306_18_6_9_1_stand.txt,306,6,1,0,69,True,
sample_2459,SkeletonData/SkeletonData/RawData/306_18_7_10_1_stand.txt,306,7,1,0,61,True,
sample_2460,SkeletonData/SkeletonData/RawData/306_18_7_11_1_stand.txt,306,7,1,0,56,True,
sample_2461,SkeletonData/SkeletonData/RawData/306_18_7_12_1_stand.txt,306,7,1,0,45,True,
sample_2462,SkeletonData/SkeletonData/RawData/306_18_7_1_1_sit.txt,306,7,1,0,41,True,
sample_2463,SkeletonData/SkeletonData/RawData/306_18_7_2_1_sit.txt,306,7,1,0,51,True,
sample_2464,SkeletonData/SkeletonData/RawData/306_18_7_3_1_sit.txt,306,7,1,0,44,True,
sample_2465,SkeletonData/SkeletonData/RawData/306_18_7_4_1_sit.txt,306,7,1,0,45,True,
sample_2466,SkeletonData/SkeletonData/RawData/306_18_7_5_1_sit.txt,306,7,1,0,48,True,
sample_2467,SkeletonData/SkeletonData/RawData/306_18_7_6_1_sit.txt,306,7,1,0,47,True,
sample_2468,SkeletonData/SkeletonData/RawData/306_18_7_7_1_stand.txt,306,7,1,0,45,True,
sample_2469,SkeletonData/SkeletonData/RawData/306_18_7_8_1_stand.txt,306,7,1,0,44,True,
sample_2470,SkeletonData/SkeletonData/RawData/306_18_7_9_1_stand.txt,306,7,1,0,51,True,
sample_2471,SkeletonData/SkeletonData/RawData/306_18_8_10_1_stand.txt,306,8,1,0,46,True,
sample_2472,SkeletonData/SkeletonData/RawData/306_18_8_11_1_stand.txt,306,8,1,0,47,True,
sample_2473,SkeletonData/SkeletonData/RawData/306_18_8_12_1_stand.txt,306,8,1,0,40,True,
sample_2474,SkeletonData/SkeletonData/RawData/306_18_8_1_1_sit.txt,306,8,1,0,38,True,
sample_2475,SkeletonData/SkeletonData/RawData/306_18_8_2_1_sit.txt,306,8,1,0,52,True,
sample_2476,SkeletonData/SkeletonData/RawData/306_18_8_3_1_sit.txt,306,8,1,0,41,True,
sample_2477,SkeletonData/SkeletonData/RawData/306_18_8_4_1_sit.txt,306,8,1,0,50,True,
sample_2478,SkeletonData/SkeletonData/RawData/306_18_8_5_1_sit.txt,306,8,1,0,58,True,
sample_2479,SkeletonData/SkeletonData/RawData/306_18_8_6_1_sit.txt,306,8,1,0,52,True,
sample_2480,SkeletonData/SkeletonData/RawData/306_18_8_7_1_stand.txt,306,8,1,0,37,True,
sample_2481,SkeletonData/SkeletonData/RawData/306_18_8_8_1_stand.txt,306,8,1,0,52,True,
sample_2482,SkeletonData/SkeletonData/RawData/306_18_8_9_1_stand.txt,306,8,1,0,48,True,
sample_2483,SkeletonData/SkeletonData/RawData/307_18_0_10_1_stand.txt,307,0,1,0,43,True,
sample_2484,SkeletonData/SkeletonData/RawData/307_18_0_11_1_stand.txt,307,0,1,0,47,True,
sample_2485,SkeletonData/SkeletonData/RawData/307_18_0_1_1_sit.txt,307,0,1,0,48,True,
sample_2486,SkeletonData/SkeletonData/RawData/307_18_0_2_1_sit.txt,307,0,1,0,43,True,
sample_2487,SkeletonData/SkeletonData/RawData/307_18_0_3_1_sit.txt,307,0,1,0,35,True,
sample_2488,SkeletonData/SkeletonData/RawData/307_18_0_4_1_sit.txt,307,0,1,0,47,True,
sample_2489,SkeletonData/SkeletonData/RawData/307_18_0_5_1_sit.txt,307,0,1,0,47,True,
sample_2490,SkeletonData/SkeletonData/RawData/307_18_0_6_1_stand.txt,307,0,1,0,45,True,
sample_2491,SkeletonData/SkeletonData/RawData/307_18_0_7_1_stand.txt,307,0,1,0,43,True,
sample_2492,SkeletonData/SkeletonData/RawData/307_18_0_8_1_stand.txt,307,0,1,0,46,True,
sample_2493,SkeletonData/SkeletonData/RawData/307_18_0_9_1_stand.txt,307,0,1,0,50,True,
sample_2494,SkeletonData/SkeletonData/RawData/307_18_1_10_1_stand.txt,307,1,1,0,44,True,
sample_2495,SkeletonData/SkeletonData/RawData/307_18_1_11_1_stand.txt,307,1,1,0,43,True,
sample_2496,SkeletonData/SkeletonData/RawData/307_18_1_12_1_stand.txt,307,1,1,0,46,True,
sample_2497,SkeletonData/SkeletonData/RawData/307_18_1_13_1_stand.txt,307,1,1,0,42,True,
sample_2498,SkeletonData/SkeletonData/RawData/307_18_1_1_1_sit.txt,307,1,1,0,45,True,
sample_2499,SkeletonData/SkeletonData/RawData/307_18_1_2_1_sit.txt,307,1,1,0,52,True,
sample_2500,SkeletonData/SkeletonData/RawData/307_18_1_3_1_sit.txt,307,1,1,0,45,True,
sample_2501,SkeletonData/SkeletonData/RawData/307_18_1_4_1_sit.txt,307,1,1,0,59,True,
sample_2502,SkeletonData/SkeletonData/RawData/307_18_1_5_1_sit.txt,307,1,1,0,42,True,
sample_2503,SkeletonData/SkeletonData/RawData/307_18_1_6_1_sit.txt,307,1,1,0,48,True,
sample_2504,SkeletonData/SkeletonData/RawData/307_18_1_7_1_sit.txt,307,1,1,0,52,True,
sample_2505,SkeletonData/SkeletonData/RawData/307_18_1_8_1_stand.txt,307,1,1,0,53,True,
sample_2506,SkeletonData/SkeletonData/RawData/307_18_1_9_1_stand.txt,307,1,1,0,53,True,
sample_2507,SkeletonData/SkeletonData/RawData/307_18_2_10_1_stand.txt,307,2,1,0,65,True,
sample_2508,SkeletonData/SkeletonData/RawData/307_18_2_11_1_stand.txt,307,2,1,0,47,True,
sample_2509,SkeletonData/SkeletonData/RawData/307_18_2_12_1_stand.txt,307,2,1,0,55,True,
sample_2510,SkeletonData/SkeletonData/RawData/307_18_2_1_1_sit.txt,307,2,1,0,60,True,
sample_2511,SkeletonData/SkeletonData/RawData/307_18_2_2_1_sit.txt,307,2,1,0,59,True,
sample_2512,SkeletonData/SkeletonData/RawData/307_18_2_3_1_sit.txt,307,2,1,0,59,True,
sample_2513,SkeletonData/SkeletonData/RawData/307_18_2_4_1_sit.txt,307,2,1,0,60,True,
sample_2514,SkeletonData/SkeletonData/RawData/307_18_2_5_1_sit.txt,307,2,1,0,64,True,
sample_2515,SkeletonData/SkeletonData/RawData/307_18_2_6_1_sit.txt,307,2,1,0,55,True,
sample_2516,SkeletonData/SkeletonData/RawData/307_18_2_7_1_stand.txt,307,2,1,0,59,True,
sample_2517,SkeletonData/SkeletonData/RawData/307_18_2_8_1_stand.txt,307,2,1,0,63,True,
sample_2518,SkeletonData/SkeletonData/RawData/307_18_2_9_1_stand.txt,307,2,1,0,65,True,
sample_2519,SkeletonData/SkeletonData/RawData/307_18_3_10_1_stand.txt,307,3,1,0,60,True,
sample_2520,SkeletonData/SkeletonData/RawData/307_18_3_11_1_stand.txt,307,3,1,0,57,True,
sample_2521,SkeletonData/SkeletonData/RawData/307_18_3_1_1_sit.txt,307,3,1,0,54,True,
sample_2522,SkeletonData/SkeletonData/RawData/307_18_3_2_1_sit.txt,307,3,1,0,49,True,
sample_2523,SkeletonData/SkeletonData/RawData/307_18_3_3_1_sit.txt,307,3,1,0,50,True,
sample_2524,SkeletonData/SkeletonData/RawData/307_18_3_4_1_sit.txt,307,3,1,0,63,True,
sample_2525,SkeletonData/SkeletonData/RawData/307_18_3_5_1_sit.txt,307,3,1,0,50,True,
sample_2526,SkeletonData/SkeletonData/RawData/307_18_3_6_1_sit.txt,307,3,1,0,55,True,
sample_2527,SkeletonData/SkeletonData/RawData/307_18_3_7_1_stand.txt,307,3,1,0,51,True,
sample_2528,SkeletonData/SkeletonData/RawData/307_18_3_8_1_stand.txt,307,3,1,0,55,True,
sample_2529,SkeletonData/SkeletonData/RawData/307_18_3_9_1_stand.txt,307,3,1,0,63,True,
sample_2530,SkeletonData/SkeletonData/RawData/307_18_4_10_1_stand.txt,307,4,1,0,54,True,
sample_2531,SkeletonData/SkeletonData/RawData/307_18_4_11_1_stand.txt,307,4,1,0,58,True,
sample_2532,SkeletonData/SkeletonData/RawData/307_18_4_12_1_stand.txt,307,4,1,0,61,True,
sample_2533,SkeletonData/SkeletonData/RawData/307_18_4_13_1_stand.txt,307,4,1,0,58,True,
sample_2534,SkeletonData/SkeletonData/RawData/307_18_4_1_1_sit.txt,307,4,1,0,115,True,
sample_2535,SkeletonData/SkeletonData/RawData/307_18_4_2_1_sit.txt,307,4,1,0,69,True,
sample_2536,SkeletonData/SkeletonData/RawData/307_18_4_3_1_sit.txt,307,4,1,0,62,True,
sample_2537,SkeletonData/SkeletonData/RawData/307_18_4_4_1_sit.txt,307,4,1,0,61,True,
sample_2538,SkeletonData/SkeletonData/RawData/307_18_4_5_1_sit.txt,307,4,1,0,61,True,
sample_2539,SkeletonData/SkeletonData/RawData/307_18_4_6_1_sit.txt,307,4,1,0,59,True,
sample_2540,SkeletonData/SkeletonData/RawData/307_18_4_7_1_sit.txt,307,4,1,0,63,True,
sample_2541,SkeletonData/SkeletonData/RawData/307_18_4_8_1_stand.txt,307,4,1,0,68,True,
sample_2542,SkeletonData/SkeletonData/RawData/307_18_4_9_1_stand.txt,307,4,1,0,71,True,
sample_2543,SkeletonData/SkeletonData/RawData/307_18_5_10_1_stand.txt,307,5,1,0,61,True,
sample_2544,SkeletonData/SkeletonData/RawData/307_18_5_11_1_stand.txt,307,5,1,0,77,True,
sample_2545,SkeletonData/SkeletonData/RawData/307_18_5_1_1_sit.txt,307,5,1,0,71,True,
sample_2546,SkeletonData/SkeletonData/RawData/307_18_5_2_1_sit.txt,307,5,1,0,61,True,
sample_2547,SkeletonData/SkeletonData/RawData/307_18_5_3_1_sit.txt,307,5,1,0,66,True,
sample_2548,SkeletonData/SkeletonData/RawData/307_18_5_4_1_sit.txt,307,5,1,0,62,True,
sample_2549,SkeletonData/SkeletonData/RawData/307_18_5_5_1_sit.txt,307,5,1,0,55,True,
sample_2550,SkeletonData/SkeletonData/RawData/307_18_5_6_1_sit.txt,307,5,1,0,63,True,
sample_2551,SkeletonData/SkeletonData/RawData/307_18_5_7_1_stand.txt,307,5,1,0,65,True,
sample_2552,SkeletonData/SkeletonData/RawData/307_18_5_8_1_stand.txt,307,5,1,0,64,True,
sample_2553,SkeletonData/SkeletonData/RawData/307_18_5_9_1_stand.txt,307,5,1,0,56,True,
sample_2554,SkeletonData/SkeletonData/RawData/307_18_6_10_1_stand.txt,307,6,1,0,72,True,
sample_2555,SkeletonData/SkeletonData/RawData/307_18_6_11_1_stand.txt,307,6,1,0,58,True,
sample_2556,SkeletonData/SkeletonData/RawData/307_18_6_12_1_stand.txt,307,6,1,0,58,True,
sample_2557,SkeletonData/SkeletonData/RawData/307_18_6_1_1_sit.txt,307,6,1,0,80,True,
sample_2558,SkeletonData/SkeletonData/RawData/307_18_6_2_1_sit.txt,307,6,1,0,73,True,
sample_2559,SkeletonData/SkeletonData/RawData/307_18_6_3_1_sit.txt,307,6,1,0,65,True,
sample_2560,SkeletonData/SkeletonData/RawData/307_18_6_4_1_sit.txt,307,6,1,0,65,True,
sample_2561,SkeletonData/SkeletonData/RawData/307_18_6_5_1_sit.txt,307,6,1,0,56,True,
sample_2562,SkeletonData/SkeletonData/RawData/307_18_6_6_1_sit.txt,307,6,1,0,65,True,
sample_2563,SkeletonData/SkeletonData/RawData/307_18_6_7_1_stand.txt,307,6,1,0,83,True,
sample_2564,SkeletonData/SkeletonData/RawData/307_18_6_8_1_stand.txt,307,6,1,0,66,True,
sample_2565,SkeletonData/SkeletonData/RawData/307_18_6_9_1_stand.txt,307,6,1,0,71,True,
sample_2566,SkeletonData/SkeletonData/RawData/307_18_7_10_1_stand.txt,307,7,1,0,51,True,
sample_2567,SkeletonData/SkeletonData/RawData/307_18_7_11_1_stand.txt,307,7,1,0,48,True,
sample_2568,SkeletonData/SkeletonData/RawData/307_18_7_12_1_stand.txt,307,7,1,0,45,True,
sample_2569,SkeletonData/SkeletonData/RawData/307_18_7_1_1_sit.txt,307,7,1,0,52,True,
sample_2570,SkeletonData/SkeletonData/RawData/307_18_7_2_1_sit.txt,307,7,1,0,57,True,
sample_2571,SkeletonData/SkeletonData/RawData/307_18_7_3_1_sit.txt,307,7,1,0,59,True,
sample_2572,SkeletonData/SkeletonData/RawData/307_18_7_4_1_sit.txt,307,7,1,0,49,True,
sample_2573,SkeletonData/SkeletonData/RawData/307_18_7_5_1_sit.txt,307,7,1,0,53,True,
sample_2574,SkeletonData/SkeletonData/RawData/307_18_7_6_1_sit.txt,307,7,1,0,41,True,
sample_2575,SkeletonData/SkeletonData/RawData/307_18_7_7_1_stand.txt,307,7,1,0,43,True,
sample_2576,SkeletonData/SkeletonData/RawData/307_18_7_8_1_stand.txt,307,7,1,0,42,True,
sample_2577,SkeletonData/SkeletonData/RawData/307_18_7_9_1_stand.txt,307,7,1,0,53,True,
sample_2578,SkeletonData/SkeletonData/RawData/307_18_8_10_1_stand.txt,307,8,1,0,47,True,
sample_2579,SkeletonData/SkeletonData/RawData/307_18_8_11_1_stand.txt,307,8,1,0,51,True,
sample_2580,SkeletonData/SkeletonData/RawData/307_18_8_12_1_stand.txt,307,8,1,0,50,True,
sample_2581,SkeletonData/SkeletonData/RawData/307_18_8_1_1_sit.txt,307,8,1,0,47,True,
sample_2582,SkeletonData/SkeletonData/RawData/307_18_8_2_1_sit.txt,307,8,1,0,57,True,
sample_2583,SkeletonData/SkeletonData/RawData/307_18_8_3_1_sit.txt,307,8,1,0,44,True,
sample_2584,SkeletonData/SkeletonData/RawData/307_18_8_4_1_sit.txt,307,8,1,0,59,True,
sample_2585,SkeletonData/SkeletonData/RawData/307_18_8_5_1_sit.txt,307,8,1,0,38,True,
sample_2586,SkeletonData/SkeletonData/RawData/307_18_8_6_1_sit.txt,307,8,1,0,47,True,
sample_2587,SkeletonData/SkeletonData/RawData/307_18_8_7_1_stand.txt,307,8,1,0,53,True,
sample_2588,SkeletonData/SkeletonData/RawData/307_18_8_8_1_stand.txt,307,8,1,0,48,True,
sample_2589,SkeletonData/SkeletonData/RawData/307_18_8_9_1_stand.txt,307,8,1,0,48,True,
