filename,subject_id,exercise_id,exercise_type,position,trial,true_label,pred_label,confidence,prob_healthy,prob_compensated,top3_joints,attn_entropy,inferred_reason
101_18_0_6_1_chair.txt,101,0,4,chair,6,Healthy,Compensated,0.530860960483551,0.4691389799118042,0.530860960483551,"SpineShoulder(0.804), SpineBase(0.756), WristRight(0.749)",3.2072,Low confidence (borderline prediction); Near-equal class probabilities (ambiguous motion); High attention entropy (model uncertain which joints are informative); Atypical healthy motion (possibly noisy skeleton or edge-case style)
101_18_4_12_1_chair.txt,101,4,4,chair,12,Healthy,Compensated,0.6672661900520325,0.3327338397502899,0.6672661900520325,"SpineShoulder(0.805), SpineBase(0.773), WristRight(0.752)",3.2045,High attention entropy (model uncertain which joints are informative); Flat temporal attention (no dominant movement phase); Atypical healthy motion (possibly noisy skeleton or edge-case style)
102_18_7_3_1_stand.txt,102,7,3,stand,3,Healthy,Compensated,0.5283644199371338,0.4716355800628662,0.5283644199371338,"SpineShoulder(0.806), SpineBase(0.786), WristRight(0.759)",3.2034,Low confidence (borderline prediction); Near-equal class probabilities (ambiguous motion); High attention entropy (model uncertain which joints are informative); Flat temporal attention (no dominant movement phase); Atypical healthy motion (possibly noisy skeleton or edge-case style)
102_18_7_4_1_stand.txt,102,7,3,stand,4,Healthy,Compensated,0.8275753259658813,0.17242471873760223,0.8275753259658813,"SpineShoulder(0.806), SpineBase(0.787), WristLeft(0.763)",3.2037,High attention entropy (model uncertain which joints are informative); Flat temporal attention (no dominant movement phase); Atypical healthy motion (possibly noisy skeleton or edge-case style)
102_18_7_5_1_stand.txt,102,7,3,stand,5,Healthy,Compensated,0.8307256102561951,0.16927438974380493,0.8307256102561951,"SpineShoulder(0.807), SpineBase(0.787), WristLeft(0.763)",3.2036,High attention entropy (model uncertain which joints are informative); Flat temporal attention (no dominant movement phase); Atypical healthy motion (possibly noisy skeleton or edge-case style)
102_18_7_6_1_stand.txt,102,7,3,stand,6,Healthy,Compensated,0.8096275925636292,0.19037242233753204,0.8096275925636292,"SpineShoulder(0.806), SpineBase(0.781), WristLeft(0.761)",3.2044,High attention entropy (model uncertain which joints are informative); Flat temporal attention (no dominant movement phase); Atypical healthy motion (possibly noisy skeleton or edge-case style)
102_18_8_1_1_stand.txt,102,8,3,stand,1,Healthy,Compensated,0.6553710103034973,0.3446289896965027,0.6553710103034973,"SpineShoulder(0.807), SpineBase(0.780), WristLeft(0.759)",3.205,High attention entropy (model uncertain which joints are informative); Flat temporal attention (no dominant movement phase); Atypical healthy motion (possibly noisy skeleton or edge-case style)
102_18_8_2_1_stand.txt,102,8,3,stand,2,Healthy,Compensated,0.5821310877799988,0.4178689420223236,0.5821310877799988,"SpineShoulder(0.809), SpineBase(0.790), WristLeft(0.762)",3.2036,Low confidence (borderline prediction); High attention entropy (model uncertain which joints are informative); Flat temporal attention (no dominant movement phase); Atypical healthy motion (possibly noisy skeleton or edge-case style)
102_18_8_3_1_stand.txt,102,8,3,stand,3,Healthy,Compensated,0.5184523463249207,0.48154765367507935,0.5184523463249207,"SpineShoulder(0.809), SpineBase(0.788), WristLeft(0.761)",3.2039,Low confidence (borderline prediction); Near-equal class probabilities (ambiguous motion); High attention entropy (model uncertain which joints are informative); Flat temporal attention (no dominant movement phase); Atypical healthy motion (possibly noisy skeleton or edge-case style)
102_18_8_4_1_stand.txt,102,8,3,stand,4,Healthy,Compensated,0.5186648368835449,0.4813351333141327,0.5186648368835449,"SpineShoulder(0.809), SpineBase(0.788), WristLeft(0.759)",3.2042,Low confidence (borderline prediction); Near-equal class probabilities (ambiguous motion); High attention entropy (model uncertain which joints are informative); Flat temporal attention (no dominant movement phase); Atypical healthy motion (possibly noisy skeleton or edge-case style)
102_18_8_5_1_stand.txt,102,8,3,stand,5,Healthy,Compensated,0.821142852306366,0.17885714769363403,0.821142852306366,"SpineShoulder(0.810), SpineBase(0.792), WristLeft(0.759)",3.2035,High attention entropy (model uncertain which joints are informative); Flat temporal attention (no dominant movement phase); Atypical healthy motion (possibly noisy skeleton or edge-case style)
102_18_8_6_1_stand.txt,102,8,3,stand,6,Healthy,Compensated,0.5067861676216125,0.49321386218070984,0.5067861676216125,"SpineShoulder(0.808), SpineBase(0.782), WristLeft(0.757)",3.2048,Low confidence (borderline prediction); Near-equal class probabilities (ambiguous motion); High attention entropy (model uncertain which joints are informative); Flat temporal attention (no dominant movement phase); Atypical healthy motion (possibly noisy skeleton or edge-case style)
103_18_8_10_1_chair.txt,103,8,2,chair,10,Healthy,Compensated,0.767103374004364,0.23289665579795837,0.767103374004364,"SpineShoulder(0.808), SpineBase(0.784), WristRight(0.762)",3.2011,High attention entropy (model uncertain which joints are informative); Flat temporal attention (no dominant movement phase); Atypical healthy motion (possibly noisy skeleton or edge-case style)
103_18_8_11_1_chair.txt,103,8,2,chair,11,Healthy,Compensated,0.7765689492225647,0.2234310805797577,0.7765689492225647,"SpineShoulder(0.807), SpineBase(0.783), WristRight(0.762)",3.2013,High attention entropy (model uncertain which joints are informative); Flat temporal attention (no dominant movement phase); Atypical healthy motion (possibly noisy skeleton or edge-case style)
103_18_8_12_1_chair.txt,103,8,2,chair,12,Healthy,Compensated,0.541047990322113,0.45895206928253174,0.541047990322113,"SpineShoulder(0.807), SpineBase(0.782), WristRight(0.761)",3.2015,Low confidence (borderline prediction); Near-equal class probabilities (ambiguous motion); High attention entropy (model uncertain which joints are informative); Flat temporal attention (no dominant movement phase); Atypical healthy motion (possibly noisy skeleton or edge-case style)
103_18_8_7_1_chair.txt,103,8,2,chair,7,Healthy,Compensated,0.5114477276802063,0.4885523021221161,0.5114477276802063,"SpineShoulder(0.807), SpineBase(0.781), WristRight(0.761)",3.2019,Low confidence (borderline prediction); Near-equal class probabilities (ambiguous motion); High attention entropy (model uncertain which joints are informative); Flat temporal attention (no dominant movement phase); Atypical healthy motion (possibly noisy skeleton or edge-case style)
103_18_8_8_1_chair.txt,103,8,2,chair,8,Healthy,Compensated,0.5594635605812073,0.4405364692211151,0.5594635605812073,"SpineShoulder(0.807), SpineBase(0.782), WristRight(0.761)",3.2017,Low confidence (borderline prediction); Near-equal class probabilities (ambiguous motion); High attention entropy (model uncertain which joints are informative); Flat temporal attention (no dominant movement phase); Atypical healthy motion (possibly noisy skeleton or edge-case style)
103_18_8_9_1_chair.txt,103,8,2,chair,9,Healthy,Compensated,0.7755390405654907,0.2244609296321869,0.7755390405654907,"SpineShoulder(0.808), SpineBase(0.784), WristRight(0.762)",3.2011,High attention entropy (model uncertain which joints are informative); Flat temporal attention (no dominant movement phase); Atypical healthy motion (possibly noisy skeleton or edge-case style)
104_18_7_1_1_stand.txt,104,7,2,stand,1,Healthy,Compensated,0.5031059980392456,0.4968940019607544,0.5031059980392456,"SpineShoulder(0.804), SpineBase(0.782), WristLeft(0.755)",3.2038,Low confidence (borderline prediction); Near-equal class probabilities (ambiguous motion); High attention entropy (model uncertain which joints are informative); Flat temporal attention (no dominant movement phase); Atypical healthy motion (possibly noisy skeleton or edge-case style)
107_18_8_1_1_stand.txt,107,8,2,stand,1,Healthy,Compensated,0.9364696741104126,0.06353027373552322,0.9364696741104126,"SpineShoulder(0.807), SpineBase(0.786), WristRight(0.755)",3.2045,High attention entropy (model uncertain which joints are informative); Flat temporal attention (no dominant movement phase); Atypical healthy motion (possibly noisy skeleton or edge-case style)
201_18_0_5_1_wheelchair.txt,201,0,0,wheelchair,5,Healthy,Compensated,0.9465867280960083,0.053413327783346176,0.9465867280960083,"SpineShoulder(0.803), SpineBase(0.761), WristRight(0.752)",3.2061,High attention entropy (model uncertain which joints are informative); Flat temporal attention (no dominant movement phase); Atypical healthy motion (possibly noisy skeleton or edge-case style)
201_18_0_6_1_wheelchair.txt,201,0,0,wheelchair,6,Healthy,Compensated,0.9409477114677429,0.059052303433418274,0.9409477114677429,"SpineShoulder(0.803), SpineBase(0.763), WristRight(0.752)",3.2057,High attention entropy (model uncertain which joints are informative); Flat temporal attention (no dominant movement phase); Atypical healthy motion (possibly noisy skeleton or edge-case style)
201_18_1_11_1_wheelchair.txt,201,1,0,wheelchair,11,Healthy,Compensated,0.9125595688819885,0.08744044601917267,0.9125595688819885,"SpineShoulder(0.805), SpineBase(0.762), WristRight(0.755)",3.2055,High attention entropy (model uncertain which joints are informative); Flat temporal attention (no dominant movement phase); Atypical healthy motion (possibly noisy skeleton or edge-case style)
201_18_1_12_1_wheelchair.txt,201,1,0,wheelchair,12,Healthy,Compensated,0.9089623093605042,0.09103768318891525,0.9089623093605042,"SpineShoulder(0.804), SpineBase(0.759), WristRight(0.753)",3.2062,High attention entropy (model uncertain which joints are informative); Flat temporal attention (no dominant movement phase); Atypical healthy motion (possibly noisy skeleton or edge-case style)
201_18_1_13_1_wheelchair.txt,201,1,0,wheelchair,13,Healthy,Compensated,0.9303857088088989,0.06961429864168167,0.9303857088088989,"SpineShoulder(0.806), SpineBase(0.763), WristRight(0.755)",3.2051,High attention entropy (model uncertain which joints are informative); Flat temporal attention (no dominant movement phase); Atypical healthy motion (possibly noisy skeleton or edge-case style)
201_18_1_14_1_wheelchair.txt,201,1,0,wheelchair,14,Healthy,Compensated,0.8969234824180603,0.10307648032903671,0.8969234824180603,"SpineShoulder(0.803), SpineBase(0.758), WristRight(0.753)",3.2063,High attention entropy (model uncertain which joints are informative); Flat temporal attention (no dominant movement phase); Atypical healthy motion (possibly noisy skeleton or edge-case style)
201_18_1_15_1_wheelchair.txt,201,1,0,wheelchair,15,Healthy,Compensated,0.9406464695930481,0.05935358256101608,0.9406464695930481,"SpineShoulder(0.804), SpineBase(0.760), WristRight(0.755)",3.206,High attention entropy (model uncertain which joints are informative); Flat temporal attention (no dominant movement phase); Atypical healthy motion (possibly noisy skeleton or edge-case style)
201_18_1_16_1_wheelchair.txt,201,1,0,wheelchair,16,Healthy,Compensated,0.9223921895027161,0.07760778814554214,0.9223921895027161,"SpineShoulder(0.804), SpineBase(0.761), WristRight(0.755)",3.2059,High attention entropy (model uncertain which joints are informative); Flat temporal attention (no dominant movement phase); Atypical healthy motion (possibly noisy skeleton or edge-case style)
201_18_2_35_1_wheelchair.txt,201,2,0,wheelchair,35,Healthy,Compensated,0.9351152777671814,0.06488469243049622,0.9351152777671814,"SpineShoulder(0.801), SpineBase(0.760), WristRight(0.753)",3.2056,High attention entropy (model uncertain which joints are informative); Flat temporal attention (no dominant movement phase); Atypical healthy motion (possibly noisy skeleton or edge-case style)
201_18_2_36_1_wheelchair.txt,201,2,0,wheelchair,36,Healthy,Compensated,0.9546144604682922,0.04538556560873985,0.9546144604682922,"SpineShoulder(0.802), SpineBase(0.761), WristRight(0.752)",3.2056,High attention entropy (model uncertain which joints are informative); Flat temporal attention (no dominant movement phase); Atypical healthy motion (possibly noisy skeleton or edge-case style)
201_18_2_37_1_wheelchair.txt,201,2,0,wheelchair,37,Healthy,Compensated,0.9365047216415405,0.06349533051252365,0.9365047216415405,"SpineShoulder(0.802), SpineBase(0.761), WristRight(0.752)",3.2056,High attention entropy (model uncertain which joints are informative); Flat temporal attention (no dominant movement phase); Atypical healthy motion (possibly noisy skeleton or edge-case style)
201_18_2_38_1_wheelchair.txt,201,2,0,wheelchair,38,Healthy,Compensated,0.9645665884017944,0.03543340787291527,0.9645665884017944,"SpineShoulder(0.802), SpineBase(0.762), WristRight(0.753)",3.2053,High attention entropy (model uncertain which joints are informative); Flat temporal attention (no dominant movement phase); Atypical healthy motion (possibly noisy skeleton or edge-case style)
201_18_3_11_1_wheelchair.txt,201,3,5,wheelchair,11,Healthy,Compensated,0.9753695130348206,0.02463044598698616,0.9753695130348206,"SpineShoulder(0.807), SpineBase(0.768), WristLeft(0.751)",3.2045,High attention entropy (model uncertain which joints are informative); Flat temporal attention (no dominant movement phase); Atypical healthy motion (possibly noisy skeleton or edge-case style)
202_18_2_1_3_stand.txt,202,2,5,stand,1,Healthy,Compensated,0.9102815985679626,0.08971846103668213,0.9102815985679626,"SpineShoulder(0.805), SpineBase(0.788), WristLeft(0.753)",3.2059,High attention entropy (model uncertain which joints are informative); Flat temporal attention (no dominant movement phase); Atypical healthy motion (possibly noisy skeleton or edge-case style)
202_18_3_2_3_stand.txt,202,3,5,stand,2,Healthy,Compensated,0.9394540786743164,0.06054596230387688,0.9394540786743164,"SpineShoulder(0.806), SpineBase(0.786), WristRight(0.758)",3.2058,High attention entropy (model uncertain which joints are informative); Flat temporal attention (no dominant movement phase); Atypical healthy motion (possibly noisy skeleton or edge-case style)
202_18_4_1_1_stand.txt,202,4,5,stand,1,Healthy,Compensated,0.6354894042015076,0.3645106256008148,0.6354894042015076,"SpineShoulder(0.806), SpineBase(0.785), WristRight(0.754)",3.2058,Low confidence (borderline prediction); High attention entropy (model uncertain which joints are informative); Flat temporal attention (no dominant movement phase); Atypical healthy motion (possibly noisy skeleton or edge-case style)
202_18_4_24_1_stand.txt,202,4,5,stand,24,Healthy,Compensated,0.6449376940727234,0.3550623059272766,0.6449376940727234,"SpineShoulder(0.806), SpineBase(0.784), WristRight(0.753)",3.2059,Low confidence (borderline prediction); High attention entropy (model uncertain which joints are informative); Flat temporal attention (no dominant movement phase); Atypical healthy motion (possibly noisy skeleton or edge-case style)
202_18_4_30_1_stand.txt,202,4,5,stand,30,Healthy,Compensated,0.861824095249176,0.13817591965198517,0.861824095249176,"SpineShoulder(0.806), SpineBase(0.778), WristRight(0.757)",3.2056,High attention entropy (model uncertain which joints are informative); Flat temporal attention (no dominant movement phase); Atypical healthy motion (possibly noisy skeleton or edge-case style)
202_18_4_33_1_stand.txt,202,4,5,stand,33,Healthy,Compensated,0.635080099105835,0.36491984128952026,0.635080099105835,"SpineShoulder(0.805), SpineBase(0.776), WristRight(0.756)",3.206,Low confidence (borderline prediction); High attention entropy (model uncertain which joints are informative); Flat temporal attention (no dominant movement phase); Atypical healthy motion (possibly noisy skeleton or edge-case style)
202_18_4_35_1_stand.txt,202,4,5,stand,35,Healthy,Compensated,0.8004142642021179,0.1995857208967209,0.8004142642021179,"SpineShoulder(0.805), SpineBase(0.776), WristRight(0.754)",3.2062,High attention entropy (model uncertain which joints are informative); Flat temporal attention (no dominant movement phase); Atypical healthy motion (possibly noisy skeleton or edge-case style)
202_18_4_36_1_stand.txt,202,4,5,stand,36,Healthy,Compensated,0.8385202884674072,0.16147974133491516,0.8385202884674072,"SpineShoulder(0.806), SpineBase(0.777), WristRight(0.756)",3.2058,High attention entropy (model uncertain which joints are informative); Flat temporal attention (no dominant movement phase); Atypical healthy motion (possibly noisy skeleton or edge-case style)
202_18_4_37_1_stand.txt,202,4,5,stand,37,Healthy,Compensated,0.6558711528778076,0.34412887692451477,0.6558711528778076,"SpineShoulder(0.807), SpineBase(0.777), WristRight(0.759)",3.2053,High attention entropy (model uncertain which joints are informative); Flat temporal attention (no dominant movement phase); Atypical healthy motion (possibly noisy skeleton or edge-case style)
202_18_7_5_1_stand.txt,202,7,5,stand,5,Healthy,Compensated,0.5107625722885132,0.48923739790916443,0.5107625722885132,"SpineShoulder(0.807), SpineBase(0.790), WristLeft(0.757)",3.2041,Low confidence (borderline prediction); Near-equal class probabilities (ambiguous motion); High attention entropy (model uncertain which joints are informative); Flat temporal attention (no dominant movement phase); Atypical healthy motion (possibly noisy skeleton or edge-case style)
202_18_8_12_1_stand.txt,202,8,5,stand,12,Healthy,Compensated,0.7727075815200806,0.22729237377643585,0.7727075815200806,"SpineShoulder(0.809), SpineBase(0.797), WristRight(0.766)",3.2045,High attention entropy (model uncertain which joints are informative); Flat temporal attention (no dominant movement phase); Atypical healthy motion (possibly noisy skeleton or edge-case style)
202_18_8_13_1_stand.txt,202,8,5,stand,13,Healthy,Compensated,0.5954495668411255,0.4045504629611969,0.5954495668411255,"SpineShoulder(0.808), SpineBase(0.796), WristRight(0.762)",3.2038,Low confidence (borderline prediction); High attention entropy (model uncertain which joints are informative); Flat temporal attention (no dominant movement phase); Atypical healthy motion (possibly noisy skeleton or edge-case style)
202_18_8_14_1_stand.txt,202,8,5,stand,14,Healthy,Compensated,0.5223395824432373,0.4776604175567627,0.5223395824432373,"SpineShoulder(0.808), SpineBase(0.793), WristRight(0.764)",3.2035,Low confidence (borderline prediction); Near-equal class probabilities (ambiguous motion); High attention entropy (model uncertain which joints are informative); Flat temporal attention (no dominant movement phase); Atypical healthy motion (possibly noisy skeleton or edge-case style)
202_18_8_16_1_stand.txt,202,8,5,stand,16,Healthy,Compensated,0.5915317535400391,0.40846818685531616,0.5915317535400391,"SpineShoulder(0.808), SpineBase(0.794), WristRight(0.764)",3.2039,Low confidence (borderline prediction); High attention entropy (model uncertain which joints are informative); Flat temporal attention (no dominant movement phase); Atypical healthy motion (possibly noisy skeleton or edge-case style)
202_18_8_18_1_stand.txt,202,8,3,stand,18,Healthy,Compensated,0.5138839483261108,0.4861159920692444,0.5138839483261108,"SpineShoulder(0.809), SpineBase(0.800), WristRight(0.763)",3.2025,Low confidence (borderline prediction); Near-equal class probabilities (ambiguous motion); High attention entropy (model uncertain which joints are informative); Flat temporal attention (no dominant movement phase); Atypical healthy motion (possibly noisy skeleton or edge-case style)
202_18_8_19_1_stand.txt,202,8,3,stand,19,Healthy,Compensated,0.5302035808563232,0.46979641914367676,0.5302035808563232,"SpineShoulder(0.809), SpineBase(0.796), WristRight(0.759)",3.2031,Low confidence (borderline prediction); Near-equal class probabilities (ambiguous motion); High attention entropy (model uncertain which joints are informative); Flat temporal attention (no dominant movement phase); Atypical healthy motion (possibly noisy skeleton or edge-case style)
202_18_8_1_1_stand.txt,202,8,5,stand,1,Healthy,Compensated,0.5954269170761108,0.40457311272621155,0.5954269170761108,"SpineShoulder(0.808), SpineBase(0.793), WristRight(0.757)",3.2039,Low confidence (borderline prediction); High attention entropy (model uncertain which joints are informative); Flat temporal attention (no dominant movement phase); Atypical healthy motion (possibly noisy skeleton or edge-case style)
202_18_8_20_1_stand.txt,202,8,3,stand,20,Healthy,Compensated,0.518470823764801,0.4815291464328766,0.518470823764801,"SpineShoulder(0.809), SpineBase(0.796), WristRight(0.757)",3.2031,Low confidence (borderline prediction); Near-equal class probabilities (ambiguous motion); High attention entropy (model uncertain which joints are informative); Flat temporal attention (no dominant movement phase); Atypical healthy motion (possibly noisy skeleton or edge-case style)
202_18_8_21_1_stand.txt,202,8,3,stand,21,Healthy,Compensated,0.5285152792930603,0.4714847505092621,0.5285152792930603,"SpineShoulder(0.809), SpineBase(0.796), WristRight(0.760)",3.203,Low confidence (borderline prediction); Near-equal class probabilities (ambiguous motion); High attention entropy (model uncertain which joints are informative); Flat temporal attention (no dominant movement phase); Atypical healthy motion (possibly noisy skeleton or edge-case style)
202_18_8_25_1_stand.txt,202,8,5,stand,25,Healthy,Compensated,0.5352709293365479,0.4647290110588074,0.5352709293365479,"SpineShoulder(0.808), SpineBase(0.793), WristRight(0.764)",3.2035,Low confidence (borderline prediction); Near-equal class probabilities (ambiguous motion); High attention entropy (model uncertain which joints are informative); Flat temporal attention (no dominant movement phase); Atypical healthy motion (possibly noisy skeleton or edge-case style)
202_18_8_26_1_stand.txt,202,8,5,stand,26,Healthy,Compensated,0.616191029548645,0.38380900025367737,0.616191029548645,"SpineShoulder(0.809), SpineBase(0.791), WristRight(0.765)",3.2038,Low confidence (borderline prediction); High attention entropy (model uncertain which joints are informative); Flat temporal attention (no dominant movement phase); Atypical healthy motion (possibly noisy skeleton or edge-case style)
202_18_8_2_1_stand.txt,202,8,5,stand,2,Healthy,Compensated,0.5504528284072876,0.4495472013950348,0.5504528284072876,"SpineShoulder(0.808), SpineBase(0.795), WristRight(0.763)",3.2036,Low confidence (borderline prediction); Near-equal class probabilities (ambiguous motion); High attention entropy (model uncertain which joints are informative); Flat temporal attention (no dominant movement phase); Atypical healthy motion (possibly noisy skeleton or edge-case style)
202_18_8_30_1_stand.txt,202,8,3,stand,30,Healthy,Compensated,0.5112935304641724,0.48870646953582764,0.5112935304641724,"SpineShoulder(0.809), SpineBase(0.796), WristRight(0.761)",3.2032,Low confidence (borderline prediction); Near-equal class probabilities (ambiguous motion); High attention entropy (model uncertain which joints are informative); Flat temporal attention (no dominant movement phase); Atypical healthy motion (possibly noisy skeleton or edge-case style)
202_18_8_32_1_stand.txt,202,8,3,stand,32,Healthy,Compensated,0.5202199220657349,0.47978007793426514,0.5202199220657349,"SpineShoulder(0.809), SpineBase(0.800), WristRight(0.762)",3.2023,Low confidence (borderline prediction); Near-equal class probabilities (ambiguous motion); High attention entropy (model uncertain which joints are informative); Flat temporal attention (no dominant movement phase); Atypical healthy motion (possibly noisy skeleton or edge-case style)
202_18_8_33_1_stand.txt,202,8,3,stand,33,Healthy,Compensated,0.5475075840950012,0.4524924159049988,0.5475075840950012,"SpineShoulder(0.810), SpineBase(0.801), WristRight(0.762)",3.2024,Low confidence (borderline prediction); Near-equal class probabilities (ambiguous motion); High attention entropy (model uncertain which joints are informative); Flat temporal attention (no dominant movement phase); Atypical healthy motion (possibly noisy skeleton or edge-case style)
202_18_8_34_1_stand.txt,202,8,3,stand,34,Healthy,Compensated,0.5393653512001038,0.46063467860221863,0.5393653512001038,"SpineShoulder(0.810), SpineBase(0.800), WristRight(0.765)",3.2025,Low confidence (borderline prediction); Near-equal class probabilities (ambiguous motion); High attention entropy (model uncertain which joints are informative); Flat temporal attention (no dominant movement phase); Atypical healthy motion (possibly noisy skeleton or edge-case style)
202_18_8_35_1_stand.txt,202,8,3,stand,35,Healthy,Compensated,0.5247312188148499,0.47526881098747253,0.5247312188148499,"SpineShoulder(0.810), SpineBase(0.800), WristRight(0.767)",3.2023,Low confidence (borderline prediction); Near-equal class probabilities (ambiguous motion); High attention entropy (model uncertain which joints are informative); Flat temporal attention (no dominant movement phase); Atypical healthy motion (possibly noisy skeleton or edge-case style)
202_18_8_36_1_stand.txt,202,8,3,stand,36,Healthy,Compensated,0.5188028216362,0.48119720816612244,0.5188028216362,"SpineShoulder(0.811), SpineBase(0.801), WristRight(0.765)",3.202,Low confidence (borderline prediction); Near-equal class probabilities (ambiguous motion); High attention entropy (model uncertain which joints are informative); Flat temporal attention (no dominant movement phase); Atypical healthy motion (possibly noisy skeleton or edge-case style)
202_18_8_37_1_stand.txt,202,8,3,stand,37,Healthy,Compensated,0.5900508165359497,0.4099491834640503,0.5900508165359497,"SpineShoulder(0.810), SpineBase(0.802), WristRight(0.762)",3.2025,Low confidence (borderline prediction); High attention entropy (model uncertain which joints are informative); Flat temporal attention (no dominant movement phase); Atypical healthy motion (possibly noisy skeleton or edge-case style)
202_18_8_38_1_stand.txt,202,8,3,stand,38,Healthy,Compensated,0.5320162773132324,0.4679837226867676,0.5320162773132324,"SpineShoulder(0.810), SpineBase(0.801), WristRight(0.766)",3.2023,Low confidence (borderline prediction); Near-equal class probabilities (ambiguous motion); High attention entropy (model uncertain which joints are informative); Flat temporal attention (no dominant movement phase); Atypical healthy motion (possibly noisy skeleton or edge-case style)
202_18_8_39_1_stand.txt,202,8,3,stand,39,Healthy,Compensated,0.5705105662345886,0.429489403963089,0.5705105662345886,"SpineShoulder(0.811), SpineBase(0.802), WristRight(0.761)",3.203,Low confidence (borderline prediction); Near-equal class probabilities (ambiguous motion); High attention entropy (model uncertain which joints are informative); Flat temporal attention (no dominant movement phase); Atypical healthy motion (possibly noisy skeleton or edge-case style)
202_18_8_40_1_stand.txt,202,8,3,stand,40,Healthy,Compensated,0.5852371454238892,0.41476279497146606,0.5852371454238892,"SpineShoulder(0.811), SpineBase(0.803), WristRight(0.759)",3.2033,Low confidence (borderline prediction); High attention entropy (model uncertain which joints are informative); Flat temporal attention (no dominant movement phase); Atypical healthy motion (possibly noisy skeleton or edge-case style)
202_18_8_41_1_stand.txt,202,8,3,stand,41,Healthy,Compensated,0.5910335779190063,0.40896642208099365,0.5910335779190063,"SpineShoulder(0.811), SpineBase(0.802), WristLeft(0.758)",3.2033,Low confidence (borderline prediction); High attention entropy (model uncertain which joints are informative); Flat temporal attention (no dominant movement phase); Atypical healthy motion (possibly noisy skeleton or edge-case style)
202_18_8_42_1_stand.txt,202,8,3,stand,42,Healthy,Compensated,0.5652620792388916,0.434737890958786,0.5652620792388916,"SpineShoulder(0.811), SpineBase(0.801), WristLeft(0.759)",3.2034,Low confidence (borderline prediction); Near-equal class probabilities (ambiguous motion); High attention entropy (model uncertain which joints are informative); Flat temporal attention (no dominant movement phase); Atypical healthy motion (possibly noisy skeleton or edge-case style)
202_18_8_43_1_stand.txt,202,8,3,stand,43,Healthy,Compensated,0.5471824407577515,0.45281752943992615,0.5471824407577515,"SpineShoulder(0.810), SpineBase(0.802), WristRight(0.765)",3.2028,Low confidence (borderline prediction); Near-equal class probabilities (ambiguous motion); High attention entropy (model uncertain which joints are informative); Flat temporal attention (no dominant movement phase); Atypical healthy motion (possibly noisy skeleton or edge-case style)
202_18_8_44_1_stand.txt,202,8,3,stand,44,Healthy,Compensated,0.5293216109275818,0.4706783890724182,0.5293216109275818,"SpineShoulder(0.810), SpineBase(0.802), WristRight(0.762)",3.2031,Low confidence (borderline prediction); Near-equal class probabilities (ambiguous motion); High attention entropy (model uncertain which joints are informative); Flat temporal attention (no dominant movement phase); Atypical healthy motion (possibly noisy skeleton or edge-case style)
202_18_8_45_1_stand.txt,202,8,3,stand,45,Healthy,Compensated,0.5814720988273621,0.41852790117263794,0.5814720988273621,"SpineShoulder(0.810), SpineBase(0.802), WristRight(0.761)",3.2037,Low confidence (borderline prediction); High attention entropy (model uncertain which joints are informative); Flat temporal attention (no dominant movement phase); Atypical healthy motion (possibly noisy skeleton or edge-case style)
202_18_8_46_1_stand.txt,202,8,3,stand,46,Healthy,Compensated,0.5381403565406799,0.46185964345932007,0.5381403565406799,"SpineShoulder(0.809), SpineBase(0.796), WristRight(0.760)",3.2034,Low confidence (borderline prediction); Near-equal class probabilities (ambiguous motion); High attention entropy (model uncertain which joints are informative); Flat temporal attention (no dominant movement phase); Atypical healthy motion (possibly noisy skeleton or edge-case style)
202_18_8_6_1_stand.txt,202,8,5,stand,6,Healthy,Compensated,0.5288220047950745,0.47117796540260315,0.5288220047950745,"SpineShoulder(0.808), SpineBase(0.795), WristRight(0.764)",3.2034,Low confidence (borderline prediction); Near-equal class probabilities (ambiguous motion); High attention entropy (model uncertain which joints are informative); Flat temporal attention (no dominant movement phase); Atypical healthy motion (possibly noisy skeleton or edge-case style)
202_18_8_7_1_stand.txt,202,8,5,stand,7,Healthy,Compensated,0.5337932109832764,0.4662068486213684,0.5337932109832764,"SpineShoulder(0.808), SpineBase(0.794), WristRight(0.763)",3.2037,Low confidence (borderline prediction); Near-equal class probabilities (ambiguous motion); High attention entropy (model uncertain which joints are informative); Flat temporal attention (no dominant movement phase); Atypical healthy motion (possibly noisy skeleton or edge-case style)
202_18_8_9_1_stand.txt,202,8,5,stand,9,Healthy,Compensated,0.5543277263641357,0.44567224383354187,0.5543277263641357,"SpineShoulder(0.808), SpineBase(0.794), WristRight(0.763)",3.2036,Low confidence (borderline prediction); Near-equal class probabilities (ambiguous motion); High attention entropy (model uncertain which joints are informative); Flat temporal attention (no dominant movement phase); Atypical healthy motion (possibly noisy skeleton or edge-case style)
203_18_2_33_1_wheelchair.txt,203,2,3,wheelchair,33,Healthy,Compensated,0.6750779151916504,0.3249220550060272,0.6750779151916504,"SpineShoulder(0.806), SpineBase(0.786), WristLeft(0.755)",3.2041,High attention entropy (model uncertain which joints are informative); Flat temporal attention (no dominant movement phase); Atypical healthy motion (possibly noisy skeleton or edge-case style)
203_18_5_10_1_wheelchair.txt,203,5,3,wheelchair,10,Healthy,Compensated,0.6415629982948303,0.3584370017051697,0.6415629982948303,"SpineShoulder(0.805), SpineBase(0.785), WristRight(0.752)",3.2039,Low confidence (borderline prediction); High attention entropy (model uncertain which joints are informative); Flat temporal attention (no dominant movement phase); Atypical healthy motion (possibly noisy skeleton or edge-case style)
203_18_5_8_1_wheelchair.txt,203,5,3,wheelchair,8,Healthy,Compensated,0.6382807493209839,0.3617192506790161,0.6382807493209839,"SpineShoulder(0.805), SpineBase(0.784), WristLeft(0.752)",3.204,Low confidence (borderline prediction); High attention entropy (model uncertain which joints are informative); Flat temporal attention (no dominant movement phase); Atypical healthy motion (possibly noisy skeleton or edge-case style)
203_18_5_9_1_wheelchair.txt,203,5,3,wheelchair,9,Healthy,Compensated,0.6179893016815186,0.38201063871383667,0.6179893016815186,"SpineShoulder(0.805), SpineBase(0.785), WristRight(0.752)",3.2039,Low confidence (borderline prediction); High attention entropy (model uncertain which joints are informative); Flat temporal attention (no dominant movement phase); Atypical healthy motion (possibly noisy skeleton or edge-case style)
204_18_1_1_1_chair.txt,204,1,0,chair,1,Healthy,Compensated,0.9273110628128052,0.07268891483545303,0.9273110628128052,"SpineShoulder(0.807), SpineBase(0.793), WristRight(0.760)",3.2033,High attention entropy (model uncertain which joints are informative); Flat temporal attention (no dominant movement phase); Atypical healthy motion (possibly noisy skeleton or edge-case style)
204_18_2_14_1_chair.txt,204,2,0,chair,14,Healthy,Compensated,0.506284236907959,0.4937158226966858,0.506284236907959,"SpineShoulder(0.804), SpineBase(0.766), WristRight(0.752)",3.2064,Low confidence (borderline prediction); Near-equal class probabilities (ambiguous motion); High attention entropy (model uncertain which joints are informative); Flat temporal attention (no dominant movement phase); Atypical healthy motion (possibly noisy skeleton or edge-case style)
204_18_2_52_1_chair.txt,204,2,0,chair,52,Healthy,Compensated,0.8971590995788574,0.10284090787172318,0.8971590995788574,"SpineShoulder(0.804), SpineBase(0.765), WristLeft(0.752)",3.2063,High attention entropy (model uncertain which joints are informative); Flat temporal attention (no dominant movement phase); Atypical healthy motion (possibly noisy skeleton or edge-case style)
204_18_2_53_1_chair.txt,204,2,0,chair,53,Healthy,Compensated,0.7204744219779968,0.2795255780220032,0.7204744219779968,"SpineShoulder(0.804), SpineBase(0.766), WristRight(0.751)",3.2063,High attention entropy (model uncertain which joints are informative); Flat temporal attention (no dominant movement phase); Atypical healthy motion (possibly noisy skeleton or edge-case style)
204_18_2_57_1_chair.txt,204,2,0,chair,57,Healthy,Compensated,0.5020869970321655,0.49791306257247925,0.5020869970321655,"SpineShoulder(0.807), SpineBase(0.779), WristRight(0.752)",3.2053,Low confidence (borderline prediction); Near-equal class probabilities (ambiguous motion); High attention entropy (model uncertain which joints are informative); Flat temporal attention (no dominant movement phase); Atypical healthy motion (possibly noisy skeleton or edge-case style)
204_18_3_51_1_chair.txt,204,3,0,chair,51,Healthy,Compensated,0.6388343572616577,0.3611656129360199,0.6388343572616577,"SpineShoulder(0.804), SpineBase(0.766), WristRight(0.752)",3.2065,Low confidence (borderline prediction); High attention entropy (model uncertain which joints are informative); Flat temporal attention (no dominant movement phase); Atypical healthy motion (possibly noisy skeleton or edge-case style)
204_18_4_1_1_chair.txt,204,4,0,chair,1,Healthy,Compensated,0.6062852144241333,0.3937147855758667,0.6062852144241333,"SpineShoulder(0.806), SpineBase(0.775), WristRight(0.756)",3.2055,Low confidence (borderline prediction); High attention entropy (model uncertain which joints are informative); Flat temporal attention (no dominant movement phase); Atypical healthy motion (possibly noisy skeleton or edge-case style)
204_18_4_2_1_chair.txt,204,4,0,chair,2,Healthy,Compensated,0.5982715487480164,0.4017285108566284,0.5982715487480164,"SpineShoulder(0.806), SpineBase(0.776), WristRight(0.755)",3.2054,Low confidence (borderline prediction); High attention entropy (model uncertain which joints are informative); Flat temporal attention (no dominant movement phase); Atypical healthy motion (possibly noisy skeleton or edge-case style)
204_18_4_3_1_chair.txt,204,4,0,chair,3,Healthy,Compensated,0.6077630519866943,0.3922369182109833,0.6077630519866943,"SpineShoulder(0.806), SpineBase(0.776), WristRight(0.755)",3.2053,Low confidence (borderline prediction); High attention entropy (model uncertain which joints are informative); Flat temporal attention (no dominant movement phase); Atypical healthy motion (possibly noisy skeleton or edge-case style)
204_18_6_1_1_chair.txt,204,6,0,chair,1,Healthy,Compensated,0.787693202495575,0.21230679750442505,0.787693202495575,"SpineShoulder(0.803), SpineBase(0.781), WristLeft(0.752)",3.2058,High attention entropy (model uncertain which joints are informative); Flat temporal attention (no dominant movement phase); Atypical healthy motion (possibly noisy skeleton or edge-case style)
204_18_7_2_1_chair.txt,204,7,0,chair,2,Healthy,Compensated,0.6808462738990784,0.319153755903244,0.6808462738990784,"SpineShoulder(0.808), SpineBase(0.786), WristRight(0.750)",3.2018,High attention entropy (model uncertain which joints are informative); Flat temporal attention (no dominant movement phase); Atypical healthy motion (possibly noisy skeleton or edge-case style)
204_18_7_3_1_chair.txt,204,7,0,chair,3,Healthy,Compensated,0.5310742259025574,0.4689257740974426,0.5310742259025574,"SpineShoulder(0.806), SpineBase(0.780), WristRight(0.751)",3.2034,Low confidence (borderline prediction); Near-equal class probabilities (ambiguous motion); High attention entropy (model uncertain which joints are informative); Flat temporal attention (no dominant movement phase); Atypical healthy motion (possibly noisy skeleton or edge-case style)
204_18_7_4_1_chair.txt,204,7,0,chair,4,Healthy,Compensated,0.7031939625740051,0.29680606722831726,0.7031939625740051,"SpineShoulder(0.808), SpineBase(0.787), WristRight(0.753)",3.2025,High attention entropy (model uncertain which joints are informative); Flat temporal attention (no dominant movement phase); Atypical healthy motion (possibly noisy skeleton or edge-case style)
204_18_7_5_1_chair.txt,204,7,0,chair,5,Healthy,Compensated,0.7087536454200745,0.29124635457992554,0.7087536454200745,"SpineShoulder(0.808), SpineBase(0.787), WristRight(0.754)",3.2024,High attention entropy (model uncertain which joints are informative); Flat temporal attention (no dominant movement phase); Atypical healthy motion (possibly noisy skeleton or edge-case style)
204_18_7_6_1_chair.txt,204,7,0,chair,6,Healthy,Compensated,0.6979141235351562,0.30208584666252136,0.6979141235351562,"SpineShoulder(0.808), SpineBase(0.789), WristRight(0.752)",3.202,High attention entropy (model uncertain which joints are informative); Flat temporal attention (no dominant movement phase); Atypical healthy motion (possibly noisy skeleton or edge-case style)
204_18_7_7_1_chair.txt,204,7,0,chair,7,Healthy,Compensated,0.7030712962150574,0.296928733587265,0.7030712962150574,"SpineShoulder(0.808), SpineBase(0.789), WristRight(0.753)",3.2021,High attention entropy (model uncertain which joints are informative); Flat temporal attention (no dominant movement phase); Atypical healthy motion (possibly noisy skeleton or edge-case style)
204_18_8_10_1_chair.txt,204,8,0,chair,10,Healthy,Compensated,0.6131303906440735,0.3868696093559265,0.6131303906440735,"SpineShoulder(0.808), SpineBase(0.791), WristLeft(0.752)",3.2024,Low confidence (borderline prediction); High attention entropy (model uncertain which joints are informative); Flat temporal attention (no dominant movement phase); Atypical healthy motion (possibly noisy skeleton or edge-case style)
204_18_8_11_1_chair.txt,204,8,0,chair,11,Healthy,Compensated,0.6877539753913879,0.3122459948062897,0.6877539753913879,"SpineShoulder(0.809), SpineBase(0.793), WristLeft(0.752)",3.2018,High attention entropy (model uncertain which joints are informative); Flat temporal attention (no dominant movement phase); Atypical healthy motion (possibly noisy skeleton or edge-case style)
204_18_8_12_1_chair.txt,204,8,0,chair,12,Healthy,Compensated,0.6536601781845093,0.3463398516178131,0.6536601781845093,"SpineShoulder(0.808), SpineBase(0.792), WristLeft(0.752)",3.2022,High attention entropy (model uncertain which joints are informative); Flat temporal attention (no dominant movement phase); Atypical healthy motion (possibly noisy skeleton or edge-case style)
204_18_8_13_1_chair.txt,204,8,0,chair,13,Healthy,Compensated,0.6894245743751526,0.3105754554271698,0.6894245743751526,"SpineShoulder(0.808), SpineBase(0.795), WristLeft(0.752)",3.2019,High attention entropy (model uncertain which joints are informative); Flat temporal attention (no dominant movement phase); Atypical healthy motion (possibly noisy skeleton or edge-case style)
204_18_8_14_3_chair.txt,204,8,0,chair,14,Healthy,Compensated,0.6543701887130737,0.34562981128692627,0.6543701887130737,"SpineShoulder(0.810), SpineBase(0.793), WristRight(0.755)",3.2014,High attention entropy (model uncertain which joints are informative); Flat temporal attention (no dominant movement phase); Atypical healthy motion (possibly noisy skeleton or edge-case style)
204_18_8_15_3_chair.txt,204,8,0,chair,15,Healthy,Compensated,0.673541784286499,0.32645824551582336,0.673541784286499,"SpineShoulder(0.809), SpineBase(0.790), WristRight(0.757)",3.2019,High attention entropy (model uncertain which joints are informative); Flat temporal attention (no dominant movement phase); Atypical healthy motion (possibly noisy skeleton or edge-case style)
204_18_8_7_1_chair.txt,204,8,0,chair,7,Healthy,Compensated,0.6898178458213806,0.3101821541786194,0.6898178458213806,"SpineShoulder(0.809), SpineBase(0.794), WristLeft(0.753)",3.2016,High attention entropy (model uncertain which joints are informative); Flat temporal attention (no dominant movement phase); Atypical healthy motion (possibly noisy skeleton or edge-case style)
204_18_8_8_1_chair.txt,204,8,0,chair,8,Healthy,Compensated,0.6951596736907959,0.3048403263092041,0.6951596736907959,"SpineShoulder(0.808), SpineBase(0.795), WristLeft(0.754)",3.2017,High attention entropy (model uncertain which joints are informative); Flat temporal attention (no dominant movement phase); Atypical healthy motion (possibly noisy skeleton or edge-case style)
204_18_8_9_1_chair.txt,204,8,0,chair,9,Healthy,Compensated,0.6935490965843201,0.30645087361335754,0.6935490965843201,"SpineShoulder(0.808), SpineBase(0.795), WristLeft(0.753)",3.2017,High attention entropy (model uncertain which joints are informative); Flat temporal attention (no dominant movement phase); Atypical healthy motion (possibly noisy skeleton or edge-case style)
205_18_0_1_1_stand.txt,205,0,4,stand,1,Healthy,Compensated,0.8585307598114014,0.14146928489208221,0.8585307598114014,"SpineShoulder(0.803), SpineBase(0.768), WristRight(0.754)",3.2066,High attention entropy (model uncertain which joints are informative); Flat temporal attention (no dominant movement phase); Atypical healthy motion (possibly noisy skeleton or edge-case style)
205_18_1_10_1_stand.txt,205,1,4,stand,10,Healthy,Compensated,0.6050031185150146,0.3949968218803406,0.6050031185150146,"SpineShoulder(0.802), SpineBase(0.764), WristRight(0.753)",3.2069,Low confidence (borderline prediction); High attention entropy (model uncertain which joints are informative); Flat temporal attention (no dominant movement phase); Atypical healthy motion (possibly noisy skeleton or edge-case style)
205_18_1_13_1_stand.txt,205,1,4,stand,13,Healthy,Compensated,0.6104000210762024,0.3895999789237976,0.6104000210762024,"SpineShoulder(0.802), SpineBase(0.761), WristRight(0.753)",3.2072,Low confidence (borderline prediction); High attention entropy (model uncertain which joints are informative); Flat temporal attention (no dominant movement phase); Atypical healthy motion (possibly noisy skeleton or edge-case style)
205_18_1_15_1_stand.txt,205,1,4,stand,15,Healthy,Compensated,0.5429728031158447,0.45702725648880005,0.5429728031158447,"SpineShoulder(0.802), SpineBase(0.765), WristRight(0.753)",3.2068,Low confidence (borderline prediction); Near-equal class probabilities (ambiguous motion); High attention entropy (model uncertain which joints are informative); Flat temporal attention (no dominant movement phase); Atypical healthy motion (possibly noisy skeleton or edge-case style)
205_18_1_2_1_stand.txt,205,1,4,stand,2,Healthy,Compensated,0.5076535940170288,0.4923463761806488,0.5076535940170288,"SpineShoulder(0.802), SpineBase(0.764), WristRight(0.754)",3.2069,Low confidence (borderline prediction); Near-equal class probabilities (ambiguous motion); High attention entropy (model uncertain which joints are informative); Flat temporal attention (no dominant movement phase); Atypical healthy motion (possibly noisy skeleton or edge-case style)
205_18_5_1_1_stand.txt,205,5,4,stand,1,Healthy,Compensated,0.7045077085494995,0.2954922914505005,0.7045077085494995,"SpineShoulder(0.806), SpineBase(0.779), WristRight(0.755)",3.2056,High attention entropy (model uncertain which joints are informative); Flat temporal attention (no dominant movement phase); Atypical healthy motion (possibly noisy skeleton or edge-case style)
206_18_0_1_1_chair.txt,206,0,4,chair,1,Healthy,Compensated,0.6525853276252747,0.34741467237472534,0.6525853276252747,"SpineShoulder(0.807), SpineBase(0.796), WristLeft(0.753)",3.2016,High attention entropy (model uncertain which joints are informative); Flat temporal attention (no dominant movement phase); Atypical healthy motion (possibly noisy skeleton or edge-case style)
206_18_0_2_1_chair.txt,206,0,4,chair,2,Healthy,Compensated,0.5474957823753357,0.4525042474269867,0.5474957823753357,"SpineShoulder(0.807), SpineBase(0.796), WristRight(0.754)",3.2013,Low confidence (borderline prediction); Near-equal class probabilities (ambiguous motion); High attention entropy (model uncertain which joints are informative); Flat temporal attention (no dominant movement phase); Atypical healthy motion (possibly noisy skeleton or edge-case style)
206_18_1_2_1_chair.txt,206,1,4,chair,2,Healthy,Compensated,0.8330069184303284,0.16699302196502686,0.8330069184303284,"SpineShoulder(0.807), SpineBase(0.795), WristLeft(0.752)",3.2015,High attention entropy (model uncertain which joints are informative); Flat temporal attention (no dominant movement phase); Atypical healthy motion (possibly noisy skeleton or edge-case style)
206_18_1_5_1_chair.txt,206,1,4,chair,5,Healthy,Compensated,0.9020403623580933,0.09795965999364853,0.9020403623580933,"SpineShoulder(0.808), SpineBase(0.793), WristRight(0.759)",3.2009,High attention entropy (model uncertain which joints are informative); Flat temporal attention (no dominant movement phase); Atypical healthy motion (possibly noisy skeleton or edge-case style)
206_18_1_6_1_chair.txt,206,1,4,chair,6,Healthy,Compensated,0.8771829009056091,0.12281709909439087,0.8771829009056091,"SpineShoulder(0.808), SpineBase(0.793), WristRight(0.754)",3.201,High attention entropy (model uncertain which joints are informative); Flat temporal attention (no dominant movement phase); Atypical healthy motion (possibly noisy skeleton or edge-case style)
206_18_1_7_1_stand.txt,206,1,2,stand,7,Healthy,Compensated,0.8378762006759644,0.16212376952171326,0.8378762006759644,"SpineShoulder(0.808), SpineBase(0.790), WristRight(0.755)",3.2032,High attention entropy (model uncertain which joints are informative); Flat temporal attention (no dominant movement phase); Atypical healthy motion (possibly noisy skeleton or edge-case style)
206_18_1_8_1_stand.txt,206,1,2,stand,8,Healthy,Compensated,0.8844327926635742,0.11556723713874817,0.8844327926635742,"SpineShoulder(0.808), SpineBase(0.789), WristLeft(0.754)",3.2033,High attention entropy (model uncertain which joints are informative); Flat temporal attention (no dominant movement phase); Atypical healthy motion (possibly noisy skeleton or edge-case style)
206_18_2_10_1_stand.txt,206,2,4,stand,10,Healthy,Compensated,0.8768715858459473,0.12312843650579453,0.8768715858459473,"SpineShoulder(0.808), SpineBase(0.783), WristRight(0.753)",3.2039,High attention entropy (model uncertain which joints are informative); Flat temporal attention (no dominant movement phase); Atypical healthy motion (possibly noisy skeleton or edge-case style)
206_18_2_11_1_stand.txt,206,2,4,stand,11,Healthy,Compensated,0.8683850169181824,0.13161492347717285,0.8683850169181824,"SpineShoulder(0.807), SpineBase(0.781), WristRight(0.752)",3.2043,High attention entropy (model uncertain which joints are informative); Flat temporal attention (no dominant movement phase); Atypical healthy motion (possibly noisy skeleton or edge-case style)
206_18_2_12_1_stand.txt,206,2,4,stand,12,Healthy,Compensated,0.8994449973106384,0.10055496543645859,0.8994449973106384,"SpineShoulder(0.807), SpineBase(0.781), WristRight(0.753)",3.2045,High attention entropy (model uncertain which joints are informative); Flat temporal attention (no dominant movement phase); Atypical healthy motion (possibly noisy skeleton or edge-case style)
206_18_2_13_1_stand.txt,206,2,4,stand,13,Healthy,Compensated,0.8640844821929932,0.1359155774116516,0.8640844821929932,"SpineShoulder(0.807), SpineBase(0.781), WristRight(0.753)",3.2043,High attention entropy (model uncertain which joints are informative); Flat temporal attention (no dominant movement phase); Atypical healthy motion (possibly noisy skeleton or edge-case style)
206_18_2_2_1_chair.txt,206,2,4,chair,2,Healthy,Compensated,0.7046539783477783,0.29534608125686646,0.7046539783477783,"SpineShoulder(0.805), SpineBase(0.787), WristRight(0.753)",3.2041,High attention entropy (model uncertain which joints are informative); Flat temporal attention (no dominant movement phase); Atypical healthy motion (possibly noisy skeleton or edge-case style)
206_18_2_3_1_chair.txt,206,2,4,chair,3,Healthy,Compensated,0.7046173810958862,0.29538264870643616,0.7046173810958862,"SpineShoulder(0.804), SpineBase(0.780), WristRight(0.752)",3.2052,High attention entropy (model uncertain which joints are informative); Flat temporal attention (no dominant movement phase); Atypical healthy motion (possibly noisy skeleton or edge-case style)
206_18_2_5_1_chair.txt,206,2,4,chair,5,Healthy,Compensated,0.6794917583465576,0.32050821185112,0.6794917583465576,"SpineShoulder(0.805), SpineBase(0.782), WristRight(0.753)",3.205,High attention entropy (model uncertain which joints are informative); Flat temporal attention (no dominant movement phase); Atypical healthy motion (possibly noisy skeleton or edge-case style)
206_18_2_6_1_chair.txt,206,2,4,chair,6,Healthy,Compensated,0.5733063220977783,0.42669370770454407,0.5733063220977783,"SpineShoulder(0.805), SpineBase(0.780), WristRight(0.752)",3.2051,Low confidence (borderline prediction); Near-equal class probabilities (ambiguous motion); High attention entropy (model uncertain which joints are informative); Flat temporal attention (no dominant movement phase); Atypical healthy motion (possibly noisy skeleton or edge-case style)
206_18_2_7_1_chair.txt,206,2,4,chair,7,Healthy,Compensated,0.5154430866241455,0.4845569133758545,0.5154430866241455,"SpineShoulder(0.804), SpineBase(0.781), WristRight(0.752)",3.205,Low confidence (borderline prediction); Near-equal class probabilities (ambiguous motion); High attention entropy (model uncertain which joints are informative); Flat temporal attention (no dominant movement phase); Atypical healthy motion (possibly noisy skeleton or edge-case style)
206_18_2_9_1_stand.txt,206,2,4,stand,9,Healthy,Compensated,0.911461353302002,0.08853867650032043,0.911461353302002,"SpineShoulder(0.808), SpineBase(0.782), WristRight(0.753)",3.2041,High attention entropy (model uncertain which joints are informative); Flat temporal attention (no dominant movement phase); Atypical healthy motion (possibly noisy skeleton or edge-case style)
206_18_4_2_1_chair.txt,206,4,4,chair,2,Healthy,Compensated,0.6929479837417603,0.30705201625823975,0.6929479837417603,"SpineShoulder(0.804), SpineBase(0.771), WristRight(0.752)",3.2059,High attention entropy (model uncertain which joints are informative); Flat temporal attention (no dominant movement phase); Atypical healthy motion (possibly noisy skeleton or edge-case style)
206_18_4_3_1_chair.txt,206,4,4,chair,3,Healthy,Compensated,0.754280686378479,0.245719313621521,0.754280686378479,"SpineShoulder(0.808), SpineBase(0.784), WristRight(0.753)",3.2038,High attention entropy (model uncertain which joints are informative); Flat temporal attention (no dominant movement phase); Atypical healthy motion (possibly noisy skeleton or edge-case style)
206_18_4_4_1_chair.txt,206,4,4,chair,4,Healthy,Compensated,0.7699704170227051,0.2300296127796173,0.7699704170227051,"SpineShoulder(0.808), SpineBase(0.786), WristRight(0.754)",3.2033,High attention entropy (model uncertain which joints are informative); Flat temporal attention (no dominant movement phase); Atypical healthy motion (possibly noisy skeleton or edge-case style)
206_18_4_5_1_chair.txt,206,4,4,chair,5,Healthy,Compensated,0.7862971425056458,0.21370282769203186,0.7862971425056458,"SpineShoulder(0.808), SpineBase(0.786), WristRight(0.754)",3.2035,High attention entropy (model uncertain which joints are informative); Flat temporal attention (no dominant movement phase); Atypical healthy motion (possibly noisy skeleton or edge-case style)
206_18_4_6_1_chair.txt,206,4,4,chair,6,Healthy,Compensated,0.7555930614471436,0.24440693855285645,0.7555930614471436,"SpineShoulder(0.808), SpineBase(0.785), WristRight(0.753)",3.2036,High attention entropy (model uncertain which joints are informative); Flat temporal attention (no dominant movement phase); Atypical healthy motion (possibly noisy skeleton or edge-case style)
206_18_4_7_1_chair.txt,206,4,4,chair,7,Healthy,Compensated,0.7604436874389648,0.23955632746219635,0.7604436874389648,"SpineShoulder(0.808), SpineBase(0.786), WristRight(0.753)",3.2037,High attention entropy (model uncertain which joints are informative); Flat temporal attention (no dominant movement phase); Atypical healthy motion (possibly noisy skeleton or edge-case style)
206_18_6_10_1_stand.txt,206,6,4,stand,10,Healthy,Compensated,0.9836693406105042,0.01633070409297943,0.9836693406105042,"SpineShoulder(0.806), SpineBase(0.782), WristLeft(0.754)",3.2048,High attention entropy (model uncertain which joints are informative); Flat temporal attention (no dominant movement phase); Atypical healthy motion (possibly noisy skeleton or edge-case style)
206_18_6_11_1_stand.txt,206,6,4,stand,11,Healthy,Compensated,0.9701409339904785,0.02985909767448902,0.9701409339904785,"SpineShoulder(0.806), SpineBase(0.783), WristLeft(0.755)",3.2047,High attention entropy (model uncertain which joints are informative); Flat temporal attention (no dominant movement phase); Atypical healthy motion (possibly noisy skeleton or edge-case style)
206_18_6_1_1_chair.txt,206,6,3,chair,1,Healthy,Compensated,0.8149125576019287,0.18508747220039368,0.8149125576019287,"SpineShoulder(0.802), SpineBase(0.793), WristLeft(0.756)",3.2035,High attention entropy (model uncertain which joints are informative); Flat temporal attention (no dominant movement phase); Atypical healthy motion (possibly noisy skeleton or edge-case style)
206_18_6_3_1_chair.txt,206,6,4,chair,3,Healthy,Compensated,0.8009759187698364,0.19902406632900238,0.8009759187698364,"SpineShoulder(0.803), SpineBase(0.787), WristRight(0.752)",3.2046,High attention entropy (model uncertain which joints are informative); Flat temporal attention (no dominant movement phase); Atypical healthy motion (possibly noisy skeleton or edge-case style)
206_18_6_4_1_chair.txt,206,6,4,chair,4,Healthy,Compensated,0.8680479526519775,0.13195201754570007,0.8680479526519775,"SpineShoulder(0.803), SpineBase(0.787), WristRight(0.754)",3.2047,High attention entropy (model uncertain which joints are informative); Flat temporal attention (no dominant movement phase); Atypical healthy motion (possibly noisy skeleton or edge-case style)
206_18_6_5_1_chair.txt,206,6,4,chair,5,Healthy,Compensated,0.804402768611908,0.19559729099273682,0.804402768611908,"SpineShoulder(0.803), SpineBase(0.786), WristRight(0.753)",3.2046,High attention entropy (model uncertain which joints are informative); Flat temporal attention (no dominant movement phase); Atypical healthy motion (possibly noisy skeleton or edge-case style)
206_18_6_6_1_chair.txt,206,6,4,chair,6,Healthy,Compensated,0.8181502819061279,0.1818496584892273,0.8181502819061279,"SpineShoulder(0.803), SpineBase(0.786), WristRight(0.753)",3.2047,High attention entropy (model uncertain which joints are informative); Flat temporal attention (no dominant movement phase); Atypical healthy motion (possibly noisy skeleton or edge-case style)
206_18_6_8_1_stand.txt,206,6,4,stand,8,Healthy,Compensated,0.9836530685424805,0.016346989199519157,0.9836530685424805,"SpineShoulder(0.806), SpineBase(0.785), WristLeft(0.755)",3.2046,High attention entropy (model uncertain which joints are informative); Flat temporal attention (no dominant movement phase); Atypical healthy motion (possibly noisy skeleton or edge-case style)
206_18_6_9_1_stand.txt,206,6,4,stand,9,Healthy,Compensated,0.9823087453842163,0.017691271379590034,0.9823087453842163,"SpineShoulder(0.806), SpineBase(0.784), WristLeft(0.754)",3.2046,High attention entropy (model uncertain which joints are informative); Flat temporal attention (no dominant movement phase); Atypical healthy motion (possibly noisy skeleton or edge-case style)
206_18_7_1_1_chair.txt,206,7,4,chair,1,Healthy,Compensated,0.6057266592979431,0.3942733407020569,0.6057266592979431,"SpineShoulder(0.808), SpineBase(0.793), WristRight(0.759)",3.2015,Low confidence (borderline prediction); High attention entropy (model uncertain which joints are informative); Flat temporal attention (no dominant movement phase); Atypical healthy motion (possibly noisy skeleton or edge-case style)
206_18_7_3_1_chair.txt,206,7,4,chair,3,Healthy,Compensated,0.6020255088806152,0.39797452092170715,0.6020255088806152,"SpineShoulder(0.808), SpineBase(0.793), WristRight(0.757)",3.2017,Low confidence (borderline prediction); High attention entropy (model uncertain which joints are informative); Flat temporal attention (no dominant movement phase); Atypical healthy motion (possibly noisy skeleton or edge-case style)
206_18_7_4_1_chair.txt,206,7,4,chair,4,Healthy,Compensated,0.5261075496673584,0.4738924205303192,0.5261075496673584,"SpineShoulder(0.809), SpineBase(0.793), WristRight(0.756)",3.2012,Low confidence (borderline prediction); Near-equal class probabilities (ambiguous motion); High attention entropy (model uncertain which joints are informative); Flat temporal attention (no dominant movement phase); Atypical healthy motion (possibly noisy skeleton or edge-case style)
206_18_7_5_1_chair.txt,206,7,4,chair,5,Healthy,Compensated,0.5402563810348511,0.4597436487674713,0.5402563810348511,"SpineShoulder(0.808), SpineBase(0.793), WristRight(0.755)",3.2011,Low confidence (borderline prediction); Near-equal class probabilities (ambiguous motion); High attention entropy (model uncertain which joints are informative); Flat temporal attention (no dominant movement phase); Atypical healthy motion (possibly noisy skeleton or edge-case style)
206_18_7_6_1_chair.txt,206,7,4,chair,6,Healthy,Compensated,0.5344058275222778,0.46559420228004456,0.5344058275222778,"SpineShoulder(0.808), SpineBase(0.793), WristRight(0.757)",3.2011,Low confidence (borderline prediction); Near-equal class probabilities (ambiguous motion); High attention entropy (model uncertain which joints are informative); Flat temporal attention (no dominant movement phase); Atypical healthy motion (possibly noisy skeleton or edge-case style)
207_18_1_10_1_stand.txt,207,1,0,stand,10,Healthy,Compensated,0.8822845220565796,0.1177155002951622,0.8822845220565796,"SpineShoulder(0.808), SpineBase(0.792), WristRight(0.751)",3.2033,High attention entropy (model uncertain which joints are informative); Flat temporal attention (no dominant movement phase); Atypical healthy motion (possibly noisy skeleton or edge-case style)
207_18_1_1_1_stand.txt,207,1,0,stand,1,Healthy,Compensated,0.8511136770248413,0.1488862931728363,0.8511136770248413,"SpineShoulder(0.809), SpineBase(0.789), WristRight(0.752)",3.2041,High attention entropy (model uncertain which joints are informative); Flat temporal attention (no dominant movement phase); Atypical healthy motion (possibly noisy skeleton or edge-case style)
207_18_7_9_1_stand.txt,207,7,0,stand,9,Healthy,Compensated,0.8479976058006287,0.15200231969356537,0.8479976058006287,"SpineShoulder(0.804), SpineBase(0.776), WristLeft(0.758)",3.2045,High attention entropy (model uncertain which joints are informative); Flat temporal attention (no dominant movement phase); Atypical healthy motion (possibly noisy skeleton or edge-case style)
207_18_8_1_1_stand.txt,207,8,0,stand,1,Healthy,Compensated,0.7961242198944092,0.20387576520442963,0.7961242198944092,"SpineShoulder(0.808), SpineBase(0.780), WristRight(0.757)",3.2029,High attention entropy (model uncertain which joints are informative); Flat temporal attention (no dominant movement phase); Atypical healthy motion (possibly noisy skeleton or edge-case style)
209_18_0_2_1_wheelchair.txt,209,0,1,wheelchair,2,Healthy,Compensated,0.6533253192901611,0.3466746509075165,0.6533253192901611,"SpineShoulder(0.805), SpineBase(0.791), WristLeft(0.752)",3.202,High attention entropy (model uncertain which joints are informative); Flat temporal attention (no dominant movement phase); Atypical healthy motion (possibly noisy skeleton or edge-case style)
209_18_0_3_1_wheelchair.txt,209,0,1,wheelchair,3,Healthy,Compensated,0.7244775295257568,0.2755224406719208,0.7244775295257568,"SpineShoulder(0.805), SpineBase(0.791), WristLeft(0.751)",3.2018,High attention entropy (model uncertain which joints are informative); Flat temporal attention (no dominant movement phase); Atypical healthy motion (possibly noisy skeleton or edge-case style)
209_18_0_4_1_wheelchair.txt,209,0,1,wheelchair,4,Healthy,Compensated,0.7605250477790833,0.23947499692440033,0.7605250477790833,"SpineShoulder(0.805), SpineBase(0.791), WristLeft(0.751)",3.2019,High attention entropy (model uncertain which joints are informative); Flat temporal attention (no dominant movement phase); Atypical healthy motion (possibly noisy skeleton or edge-case style)
209_18_0_5_1_wheelchair.txt,209,0,1,wheelchair,5,Healthy,Compensated,0.753194272518158,0.24680566787719727,0.753194272518158,"SpineShoulder(0.806), SpineBase(0.790), WristLeft(0.751)",3.2018,High attention entropy (model uncertain which joints are informative); Flat temporal attention (no dominant movement phase); Atypical healthy motion (possibly noisy skeleton or edge-case style)
209_18_0_6_1_wheelchair.txt,209,0,1,wheelchair,6,Healthy,Compensated,0.6977618336677551,0.3022381663322449,0.6977618336677551,"SpineShoulder(0.806), SpineBase(0.790), WristLeft(0.751)",3.2018,High attention entropy (model uncertain which joints are informative); Flat temporal attention (no dominant movement phase); Atypical healthy motion (possibly noisy skeleton or edge-case style)
209_18_2_10_1_wheelchair.txt,209,2,1,wheelchair,10,Healthy,Compensated,0.6345248818397522,0.3654751181602478,0.6345248818397522,"SpineShoulder(0.805), SpineBase(0.791), WristRight(0.752)",3.2024,Low confidence (borderline prediction); High attention entropy (model uncertain which joints are informative); Flat temporal attention (no dominant movement phase); Atypical healthy motion (possibly noisy skeleton or edge-case style)
209_18_2_11_1_wheelchair.txt,209,2,1,wheelchair,11,Healthy,Compensated,0.7224000692367554,0.27759993076324463,0.7224000692367554,"SpineShoulder(0.805), SpineBase(0.791), WristRight(0.752)",3.2025,High attention entropy (model uncertain which joints are informative); Flat temporal attention (no dominant movement phase); Atypical healthy motion (possibly noisy skeleton or edge-case style)
209_18_2_12_1_wheelchair.txt,209,2,1,wheelchair,12,Healthy,Compensated,0.7297713756561279,0.27022868394851685,0.7297713756561279,"SpineShoulder(0.805), SpineBase(0.790), WristRight(0.752)",3.2025,High attention entropy (model uncertain which joints are informative); Flat temporal attention (no dominant movement phase); Atypical healthy motion (possibly noisy skeleton or edge-case style)
209_18_2_2_1_wheelchair.txt,209,2,1,wheelchair,2,Healthy,Compensated,0.6970580220222473,0.30294203758239746,0.6970580220222473,"SpineShoulder(0.808), SpineBase(0.783), WristRight(0.760)",3.2022,High attention entropy (model uncertain which joints are informative); Flat temporal attention (no dominant movement phase); Atypical healthy motion (possibly noisy skeleton or edge-case style)
209_18_2_7_1_wheelchair.txt,209,2,1,wheelchair,7,Healthy,Compensated,0.6725561618804932,0.32744383811950684,0.6725561618804932,"SpineShoulder(0.805), SpineBase(0.788), WristRight(0.751)",3.2031,High attention entropy (model uncertain which joints are informative); Flat temporal attention (no dominant movement phase); Atypical healthy motion (possibly noisy skeleton or edge-case style)
209_18_2_8_1_wheelchair.txt,209,2,1,wheelchair,8,Healthy,Compensated,0.6498984098434448,0.3501015305519104,0.6498984098434448,"SpineShoulder(0.805), SpineBase(0.790), WristRight(0.753)",3.2024,Low confidence (borderline prediction); High attention entropy (model uncertain which joints are informative); Flat temporal attention (no dominant movement phase); Atypical healthy motion (possibly noisy skeleton or edge-case style)
209_18_2_9_1_wheelchair.txt,209,2,1,wheelchair,9,Healthy,Compensated,0.625436544418335,0.37456339597702026,0.625436544418335,"SpineShoulder(0.805), SpineBase(0.790), WristRight(0.752)",3.2023,Low confidence (borderline prediction); High attention entropy (model uncertain which joints are informative); Flat temporal attention (no dominant movement phase); Atypical healthy motion (possibly noisy skeleton or edge-case style)
209_18_5_1_1_wheelchair.txt,209,5,1,wheelchair,1,Healthy,Compensated,0.6972036361694336,0.302796334028244,0.6972036361694336,"SpineShoulder(0.803), SpineBase(0.778), WristRight(0.752)",3.2054,High attention entropy (model uncertain which joints are informative); Flat temporal attention (no dominant movement phase); Atypical healthy motion (possibly noisy skeleton or edge-case style)
209_18_5_2_1_wheelchair.txt,209,5,1,wheelchair,2,Healthy,Compensated,0.5418683886528015,0.4581315815448761,0.5418683886528015,"SpineShoulder(0.803), SpineBase(0.778), WristRight(0.753)",3.2053,Low confidence (borderline prediction); Near-equal class probabilities (ambiguous motion); High attention entropy (model uncertain which joints are informative); Flat temporal attention (no dominant movement phase); Atypical healthy motion (possibly noisy skeleton or edge-case style)
209_18_6_1_1_wheelchair.txt,209,6,1,wheelchair,1,Healthy,Compensated,0.8759217262268066,0.12407830357551575,0.8759217262268066,"SpineShoulder(0.799), SpineBase(0.786), WristRight(0.754)",3.2042,High attention entropy (model uncertain which joints are informative); Flat temporal attention (no dominant movement phase); Atypical healthy motion (possibly noisy skeleton or edge-case style)
209_18_6_2_1_wheelchair.txt,209,6,1,wheelchair,2,Healthy,Compensated,0.8946470618247986,0.10535289347171783,0.8946470618247986,"SpineShoulder(0.799), SpineBase(0.787), WristRight(0.755)",3.204,High attention entropy (model uncertain which joints are informative); Flat temporal attention (no dominant movement phase); Atypical healthy motion (possibly noisy skeleton or edge-case style)
209_18_6_3_1_wheelchair.txt,209,6,1,wheelchair,3,Healthy,Compensated,0.8874975442886353,0.11250248551368713,0.8874975442886353,"SpineShoulder(0.800), SpineBase(0.788), WristRight(0.755)",3.2043,High attention entropy (model uncertain which joints are informative); Flat temporal attention (no dominant movement phase); Atypical healthy motion (possibly noisy skeleton or edge-case style)
209_18_6_4_1_wheelchair.txt,209,6,1,wheelchair,4,Healthy,Compensated,0.8129948973655701,0.18700510263442993,0.8129948973655701,"SpineShoulder(0.800), SpineBase(0.789), WristRight(0.753)",3.2042,High attention entropy (model uncertain which joints are informative); Flat temporal attention (no dominant movement phase); Atypical healthy motion (possibly noisy skeleton or edge-case style)
209_18_6_5_1_wheelchair.txt,209,6,1,wheelchair,5,Healthy,Compensated,0.8366234302520752,0.1633765995502472,0.8366234302520752,"SpineShoulder(0.799), SpineBase(0.789), WristRight(0.754)",3.2039,High attention entropy (model uncertain which joints are informative); Flat temporal attention (no dominant movement phase); Atypical healthy motion (possibly noisy skeleton or edge-case style)
209_18_6_6_1_wheelchair.txt,209,6,1,wheelchair,6,Healthy,Compensated,0.7739736437797546,0.22602634131908417,0.7739736437797546,"SpineShoulder(0.800), SpineBase(0.790), WristRight(0.753)",3.204,High attention entropy (model uncertain which joints are informative); Flat temporal attention (no dominant movement phase); Atypical healthy motion (possibly noisy skeleton or edge-case style)
209_18_8_2_1_wheelchair.txt,209,8,1,wheelchair,2,Healthy,Compensated,0.5230902433395386,0.4769097864627838,0.5230902433395386,"SpineShoulder(0.807), SpineBase(0.783), WristLeft(0.756)",3.2023,Low confidence (borderline prediction); Near-equal class probabilities (ambiguous motion); High attention entropy (model uncertain which joints are informative); Flat temporal attention (no dominant movement phase); Atypical healthy motion (possibly noisy skeleton or edge-case style)
210_18_1_1_1_wheelchair.txt,210,1,0,wheelchair,1,Healthy,Compensated,0.612716794013977,0.38728323578834534,0.612716794013977,"SpineShoulder(0.807), SpineBase(0.792), WristRight(0.751)",3.202,Low confidence (borderline prediction); High attention entropy (model uncertain which joints are informative); Flat temporal attention (no dominant movement phase); Atypical healthy motion (possibly noisy skeleton or edge-case style)
210_18_1_2_1_wheelchair.txt,210,1,0,wheelchair,2,Healthy,Compensated,0.597073495388031,0.4029264748096466,0.597073495388031,"SpineShoulder(0.807), SpineBase(0.792), WristRight(0.752)",3.2019,Low confidence (borderline prediction); High attention entropy (model uncertain which joints are informative); Flat temporal attention (no dominant movement phase); Atypical healthy motion (possibly noisy skeleton or edge-case style)
210_18_1_3_1_wheelchair.txt,210,1,0,wheelchair,3,Healthy,Compensated,0.5958239436149597,0.4041760265827179,0.5958239436149597,"SpineShoulder(0.807), SpineBase(0.792), WristRight(0.751)",3.2019,Low confidence (borderline prediction); High attention entropy (model uncertain which joints are informative); Flat temporal attention (no dominant movement phase); Atypical healthy motion (possibly noisy skeleton or edge-case style)
210_18_1_4_1_wheelchair.txt,210,1,0,wheelchair,4,Healthy,Compensated,0.5005605816841125,0.49943941831588745,0.5005605816841125,"SpineShoulder(0.807), SpineBase(0.791), WristLeft(0.750)",3.2022,Low confidence (borderline prediction); Near-equal class probabilities (ambiguous motion); High attention entropy (model uncertain which joints are informative); Flat temporal attention (no dominant movement phase); Atypical healthy motion (possibly noisy skeleton or edge-case style)
210_18_2_1_1_wheelchair.txt,210,2,0,wheelchair,1,Healthy,Compensated,0.7988656163215637,0.2011343538761139,0.7988656163215637,"SpineShoulder(0.805), SpineBase(0.802), WristRight(0.756)",3.2034,High attention entropy (model uncertain which joints are informative); Flat temporal attention (no dominant movement phase); Atypical healthy motion (possibly noisy skeleton or edge-case style)
210_18_2_2_1_wheelchair.txt,210,2,0,wheelchair,2,Healthy,Compensated,0.760787308216095,0.2392127364873886,0.760787308216095,"SpineShoulder(0.805), SpineBase(0.800), WristRight(0.757)",3.2035,High attention entropy (model uncertain which joints are informative); Flat temporal attention (no dominant movement phase); Atypical healthy motion (possibly noisy skeleton or edge-case style)
210_18_2_3_1_wheelchair.txt,210,2,0,wheelchair,3,Healthy,Compensated,0.8023068904876709,0.19769315421581268,0.8023068904876709,"SpineShoulder(0.805), SpineBase(0.802), WristRight(0.757)",3.2033,High attention entropy (model uncertain which joints are informative); Flat temporal attention (no dominant movement phase); Atypical healthy motion (possibly noisy skeleton or edge-case style)
210_18_2_4_1_wheelchair.txt,210,2,0,wheelchair,4,Healthy,Compensated,0.6718388795852661,0.3281610906124115,0.6718388795852661,"SpineShoulder(0.805), SpineBase(0.802), WristRight(0.757)",3.2031,High attention entropy (model uncertain which joints are informative); Flat temporal attention (no dominant movement phase); Atypical healthy motion (possibly noisy skeleton or edge-case style)
210_18_2_5_1_wheelchair.txt,210,2,0,wheelchair,5,Healthy,Compensated,0.657527506351471,0.34247246384620667,0.657527506351471,"SpineShoulder(0.805), SpineBase(0.803), WristRight(0.757)",3.2028,High attention entropy (model uncertain which joints are informative); Flat temporal attention (no dominant movement phase); Atypical healthy motion (possibly noisy skeleton or edge-case style)
210_18_3_1_1_wheelchair.txt,210,3,0,wheelchair,1,Healthy,Compensated,0.8685736656188965,0.13142630457878113,0.8685736656188965,"SpineShoulder(0.804), SpineBase(0.803), WristRight(0.769)",3.202,High attention entropy (model uncertain which joints are informative); Flat temporal attention (no dominant movement phase); Atypical healthy motion (possibly noisy skeleton or edge-case style)
210_18_3_2_1_wheelchair.txt,210,3,0,wheelchair,2,Healthy,Compensated,0.7872563004493713,0.21274371445178986,0.7872563004493713,"SpineShoulder(0.804), SpineBase(0.804), WristRight(0.771)",3.2019,High attention entropy (model uncertain which joints are informative); Flat temporal attention (no dominant movement phase); Atypical healthy motion (possibly noisy skeleton or edge-case style)
210_18_3_3_1_wheelchair.txt,210,3,0,wheelchair,3,Healthy,Compensated,0.7359558343887329,0.2640441656112671,0.7359558343887329,"SpineShoulder(0.804), SpineBase(0.803), WristRight(0.771)",3.2019,High attention entropy (model uncertain which joints are informative); Flat temporal attention (no dominant movement phase); Atypical healthy motion (possibly noisy skeleton or edge-case style)
210_18_3_4_1_wheelchair.txt,210,3,0,wheelchair,4,Healthy,Compensated,0.8338907957077026,0.16610917448997498,0.8338907957077026,"SpineShoulder(0.804), SpineBase(0.801), WristRight(0.766)",3.2025,High attention entropy (model uncertain which joints are informative); Flat temporal attention (no dominant movement phase); Atypical healthy motion (possibly noisy skeleton or edge-case style)
210_18_3_5_1_wheelchair.txt,210,3,0,wheelchair,5,Healthy,Compensated,0.8414016366004944,0.15859834849834442,0.8414016366004944,"SpineShoulder(0.804), SpineBase(0.804), WristRight(0.769)",3.2019,High attention entropy (model uncertain which joints are informative); Flat temporal attention (no dominant movement phase); Atypical healthy motion (possibly noisy skeleton or edge-case style)
210_18_4_1_1_wheelchair.txt,210,4,0,wheelchair,1,Healthy,Compensated,0.8457395434379578,0.15426044166088104,0.8457395434379578,"SpineShoulder(0.807), SpineBase(0.788), WristRight(0.759)",3.203,High attention entropy (model uncertain which joints are informative); Flat temporal attention (no dominant movement phase); Atypical healthy motion (possibly noisy skeleton or edge-case style)
210_18_4_2_1_wheelchair.txt,210,4,0,wheelchair,2,Healthy,Compensated,0.8818372488021851,0.11816277354955673,0.8818372488021851,"SpineShoulder(0.807), SpineBase(0.787), WristRight(0.757)",3.203,High attention entropy (model uncertain which joints are informative); Flat temporal attention (no dominant movement phase); Atypical healthy motion (possibly noisy skeleton or edge-case style)
210_18_4_3_1_wheelchair.txt,210,4,0,wheelchair,3,Healthy,Compensated,0.8374408483505249,0.16255921125411987,0.8374408483505249,"SpineShoulder(0.807), SpineBase(0.788), WristRight(0.757)",3.203,High attention entropy (model uncertain which joints are informative); Flat temporal attention (no dominant movement phase); Atypical healthy motion (possibly noisy skeleton or edge-case style)
210_18_4_4_1_wheelchair.txt,210,4,0,wheelchair,4,Healthy,Compensated,0.8703624606132507,0.12963752448558807,0.8703624606132507,"SpineShoulder(0.807), SpineBase(0.788), WristRight(0.758)",3.2031,High attention entropy (model uncertain which joints are informative); Flat temporal attention (no dominant movement phase); Atypical healthy motion (possibly noisy skeleton or edge-case style)
210_18_4_5_1_wheelchair.txt,210,4,0,wheelchair,5,Healthy,Compensated,0.8512023091316223,0.14879769086837769,0.8512023091316223,"SpineShoulder(0.807), SpineBase(0.788), WristRight(0.758)",3.203,High attention entropy (model uncertain which joints are informative); Flat temporal attention (no dominant movement phase); Atypical healthy motion (possibly noisy skeleton or edge-case style)
210_18_5_1_1_wheelchair.txt,210,5,0,wheelchair,1,Healthy,Compensated,0.8486863970756531,0.15131357312202454,0.8486863970756531,"SpineShoulder(0.805), SpineBase(0.790), WristRight(0.767)",3.2026,High attention entropy (model uncertain which joints are informative); Flat temporal attention (no dominant movement phase); Atypical healthy motion (possibly noisy skeleton or edge-case style)
210_18_5_2_1_wheelchair.txt,210,5,0,wheelchair,2,Healthy,Compensated,0.8945364952087402,0.10546356439590454,0.8945364952087402,"SpineShoulder(0.804), SpineBase(0.799), WristRight(0.770)",3.2027,High attention entropy (model uncertain which joints are informative); Flat temporal attention (no dominant movement phase); Atypical healthy motion (possibly noisy skeleton or edge-case style)
210_18_5_3_1_wheelchair.txt,210,5,0,wheelchair,3,Healthy,Compensated,0.8743228316307068,0.1256771981716156,0.8743228316307068,"SpineShoulder(0.804), SpineBase(0.799), WristRight(0.770)",3.2026,High attention entropy (model uncertain which joints are informative); Flat temporal attention (no dominant movement phase); Atypical healthy motion (possibly noisy skeleton or edge-case style)
210_18_5_4_1_wheelchair.txt,210,5,0,wheelchair,4,Healthy,Compensated,0.8949030041694641,0.10509702563285828,0.8949030041694641,"SpineShoulder(0.804), SpineBase(0.799), WristRight(0.770)",3.2026,High attention entropy (model uncertain which joints are informative); Flat temporal attention (no dominant movement phase); Atypical healthy motion (possibly noisy skeleton or edge-case style)
210_18_5_5_1_wheelchair.txt,210,5,0,wheelchair,5,Healthy,Compensated,0.8859063982963562,0.1140935942530632,0.8859063982963562,"SpineShoulder(0.804), SpineBase(0.799), WristRight(0.770)",3.2025,High attention entropy (model uncertain which joints are informative); Flat temporal attention (no dominant movement phase); Atypical healthy motion (possibly noisy skeleton or edge-case style)
211_18_6_1_1_stand.txt,211,6,0,stand,1,Healthy,Compensated,0.8053579926490784,0.19464199244976044,0.8053579926490784,"SpineShoulder(0.802), SpineBase(0.786), WristLeft(0.754)",3.2058,High attention entropy (model uncertain which joints are informative); Flat temporal attention (no dominant movement phase); Atypical healthy motion (possibly noisy skeleton or edge-case style)
211_18_6_2_1_stand.txt,211,6,0,stand,2,Healthy,Compensated,0.6511459946632385,0.3488539755344391,0.6511459946632385,"SpineShoulder(0.802), SpineBase(0.785), WristLeft(0.755)",3.2058,High attention entropy (model uncertain which joints are informative); Flat temporal attention (no dominant movement phase); Atypical healthy motion (possibly noisy skeleton or edge-case style)
211_18_6_3_1_stand.txt,211,6,0,stand,3,Healthy,Compensated,0.7131878733634949,0.28681209683418274,0.7131878733634949,"SpineShoulder(0.802), SpineBase(0.785), WristLeft(0.753)",3.2058,High attention entropy (model uncertain which joints are informative); Flat temporal attention (no dominant movement phase); Atypical healthy motion (possibly noisy skeleton or edge-case style)
211_18_6_4_1_stand.txt,211,6,0,stand,4,Healthy,Compensated,0.5791907906532288,0.42080917954444885,0.5791907906532288,"SpineShoulder(0.803), SpineBase(0.785), WristLeft(0.754)",3.2059,Low confidence (borderline prediction); High attention entropy (model uncertain which joints are informative); Flat temporal attention (no dominant movement phase); Atypical healthy motion (possibly noisy skeleton or edge-case style)
211_18_6_5_3_stand.txt,211,6,0,stand,5,Healthy,Compensated,0.6613247990608215,0.33867520093917847,0.6613247990608215,"SpineShoulder(0.810), SpineBase(0.793), WristLeft(0.761)",3.2039,High attention entropy (model uncertain which joints are informative); Flat temporal attention (no dominant movement phase); Atypical healthy motion (possibly noisy skeleton or edge-case style)
211_18_6_6_1_stand.txt,211,6,0,stand,6,Healthy,Compensated,0.7391785383224487,0.26082146167755127,0.7391785383224487,"SpineShoulder(0.804), SpineBase(0.787), WristLeft(0.754)",3.2057,High attention entropy (model uncertain which joints are informative); Flat temporal attention (no dominant movement phase); Atypical healthy motion (possibly noisy skeleton or edge-case style)
211_18_7_5_3_stand.txt,211,7,0,stand,5,Healthy,Compensated,0.842246949672699,0.15775297582149506,0.842246949672699,"SpineShoulder(0.804), SpineBase(0.769), WristLeft(0.754)",3.2061,High attention entropy (model uncertain which joints are informative); Flat temporal attention (no dominant movement phase); Atypical healthy motion (possibly noisy skeleton or edge-case style)
211_18_7_6_3_stand.txt,211,7,0,stand,6,Healthy,Compensated,0.8458836674690247,0.15411631762981415,0.8458836674690247,"SpineShoulder(0.804), SpineBase(0.770), WristLeft(0.756)",3.2059,High attention entropy (model uncertain which joints are informative); Flat temporal attention (no dominant movement phase); Atypical healthy motion (possibly noisy skeleton or edge-case style)
211_18_8_1_1_stand.txt,211,8,0,stand,1,Healthy,Compensated,0.8341982364654541,0.16580182313919067,0.8341982364654541,"SpineShoulder(0.810), SpineBase(0.789), WristLeft(0.758)",3.2036,High attention entropy (model uncertain which joints are informative); Flat temporal attention (no dominant movement phase); Atypical healthy motion (possibly noisy skeleton or edge-case style)
211_18_8_2_1_stand.txt,211,8,0,stand,2,Healthy,Compensated,0.5918608903884888,0.40813905000686646,0.5918608903884888,"SpineShoulder(0.808), SpineBase(0.784), WristLeft(0.756)",3.2044,Low confidence (borderline prediction); High attention entropy (model uncertain which joints are informative); Flat temporal attention (no dominant movement phase); Atypical healthy motion (possibly noisy skeleton or edge-case style)
211_18_8_3_1_stand.txt,211,8,0,stand,3,Healthy,Compensated,0.5614538788795471,0.43854615092277527,0.5614538788795471,"SpineShoulder(0.807), SpineBase(0.781), WristLeft(0.755)",3.2047,Low confidence (borderline prediction); Near-equal class probabilities (ambiguous motion); High attention entropy (model uncertain which joints are informative); Flat temporal attention (no dominant movement phase); Atypical healthy motion (possibly noisy skeleton or edge-case style)
211_18_8_4_1_stand.txt,211,8,0,stand,4,Healthy,Compensated,0.5307024121284485,0.4692975580692291,0.5307024121284485,"SpineShoulder(0.807), SpineBase(0.780), WristLeft(0.755)",3.2048,Low confidence (borderline prediction); Near-equal class probabilities (ambiguous motion); High attention entropy (model uncertain which joints are informative); Flat temporal attention (no dominant movement phase); Atypical healthy motion (possibly noisy skeleton or edge-case style)
211_18_8_5_1_stand.txt,211,8,0,stand,5,Healthy,Compensated,0.5038729310035706,0.49612703919410706,0.5038729310035706,"SpineShoulder(0.807), SpineBase(0.779), WristLeft(0.755)",3.2049,Low confidence (borderline prediction); Near-equal class probabilities (ambiguous motion); High attention entropy (model uncertain which joints are informative); Flat temporal attention (no dominant movement phase); Atypical healthy motion (possibly noisy skeleton or edge-case style)
211_18_8_6_1_stand.txt,211,8,0,stand,6,Healthy,Compensated,0.5218732357025146,0.47812676429748535,0.5218732357025146,"SpineShoulder(0.807), SpineBase(0.779), WristLeft(0.755)",3.205,Low confidence (borderline prediction); Near-equal class probabilities (ambiguous motion); High attention entropy (model uncertain which joints are informative); Flat temporal attention (no dominant movement phase); Atypical healthy motion (possibly noisy skeleton or edge-case style)
212_18_0_1_1_wheelchair.txt,212,0,3,wheelchair,1,Healthy,Compensated,0.6276129484176636,0.3723871111869812,0.6276129484176636,"SpineShoulder(0.804), SpineBase(0.779), WristRight(0.751)",3.2046,Low confidence (borderline prediction); High attention entropy (model uncertain which joints are informative); Flat temporal attention (no dominant movement phase); Atypical healthy motion (possibly noisy skeleton or edge-case style)
212_18_0_2_1_wheelchair.txt,212,0,3,wheelchair,2,Healthy,Compensated,0.624690055847168,0.37530991435050964,0.624690055847168,"SpineShoulder(0.804), SpineBase(0.780), WristRight(0.751)",3.2046,Low confidence (borderline prediction); High attention entropy (model uncertain which joints are informative); Flat temporal attention (no dominant movement phase); Atypical healthy motion (possibly noisy skeleton or edge-case style)
212_18_0_4_1_wheelchair.txt,212,0,3,wheelchair,4,Healthy,Compensated,0.6218307614326477,0.3781692683696747,0.6218307614326477,"SpineShoulder(0.803), SpineBase(0.776), WristRight(0.752)",3.2049,Low confidence (borderline prediction); High attention entropy (model uncertain which joints are informative); Flat temporal attention (no dominant movement phase); Atypical healthy motion (possibly noisy skeleton or edge-case style)
212_18_0_5_1_wheelchair.txt,212,0,3,wheelchair,5,Healthy,Compensated,0.5559996962547302,0.444000244140625,0.5559996962547302,"SpineShoulder(0.804), SpineBase(0.776), WristRight(0.752)",3.2047,Low confidence (borderline prediction); Near-equal class probabilities (ambiguous motion); High attention entropy (model uncertain which joints are informative); Flat temporal attention (no dominant movement phase); Atypical healthy motion (possibly noisy skeleton or edge-case style)
212_18_1_5_1_wheelchair.txt,212,1,3,wheelchair,5,Healthy,Compensated,0.5238919258117676,0.4761081039905548,0.5238919258117676,"SpineShoulder(0.803), SpineBase(0.769), WristRight(0.751)",3.2053,Low confidence (borderline prediction); Near-equal class probabilities (ambiguous motion); High attention entropy (model uncertain which joints are informative); Flat temporal attention (no dominant movement phase); Atypical healthy motion (possibly noisy skeleton or edge-case style)
212_18_4_4_1_wheelchair.txt,212,4,3,wheelchair,4,Healthy,Compensated,0.5346511602401733,0.46534889936447144,0.5346511602401733,"SpineShoulder(0.804), SpineBase(0.777), WristRight(0.758)",3.2043,Low confidence (borderline prediction); Near-equal class probabilities (ambiguous motion); High attention entropy (model uncertain which joints are informative); Flat temporal attention (no dominant movement phase); Atypical healthy motion (possibly noisy skeleton or edge-case style)
213_18_1_3_1_stand.txt,213,1,1,stand,3,Healthy,Compensated,0.8560307025909424,0.14396929740905762,0.8560307025909424,"SpineShoulder(0.809), SpineBase(0.794), WristRight(0.760)",3.2033,High attention entropy (model uncertain which joints are informative); Flat temporal attention (no dominant movement phase); Atypical healthy motion (possibly noisy skeleton or edge-case style)
213_18_1_4_1_stand.txt,213,1,1,stand,4,Healthy,Compensated,0.6580780148506165,0.34192198514938354,0.6580780148506165,"SpineShoulder(0.809), SpineBase(0.795), WristRight(0.760)",3.2035,High attention entropy (model uncertain which joints are informative); Flat temporal attention (no dominant movement phase); Atypical healthy motion (possibly noisy skeleton or edge-case style)
213_18_1_5_1_stand.txt,213,1,1,stand,5,Healthy,Compensated,0.9025225639343262,0.09747738391160965,0.9025225639343262,"SpineShoulder(0.808), SpineBase(0.793), WristRight(0.759)",3.2034,High attention entropy (model uncertain which joints are informative); Flat temporal attention (no dominant movement phase); Atypical healthy motion (possibly noisy skeleton or edge-case style)
213_18_6_1_1_stand.txt,213,6,1,stand,1,Healthy,Compensated,0.64832603931427,0.3516739308834076,0.64832603931427,"SpineShoulder(0.805), SpineBase(0.789), WristLeft(0.752)",3.2055,Low confidence (borderline prediction); High attention entropy (model uncertain which joints are informative); Flat temporal attention (no dominant movement phase); Atypical healthy motion (possibly noisy skeleton or edge-case style)
213_18_6_3_1_stand.txt,213,6,1,stand,3,Healthy,Compensated,0.5539302825927734,0.44606977701187134,0.5539302825927734,"SpineShoulder(0.803), SpineBase(0.788), WristLeft(0.754)",3.2054,Low confidence (borderline prediction); Near-equal class probabilities (ambiguous motion); High attention entropy (model uncertain which joints are informative); Flat temporal attention (no dominant movement phase); Atypical healthy motion (possibly noisy skeleton or edge-case style)
213_18_6_4_1_stand.txt,213,6,1,stand,4,Healthy,Compensated,0.6006553173065186,0.39934468269348145,0.6006553173065186,"SpineShoulder(0.802), SpineBase(0.786), WristLeft(0.753)",3.2058,Low confidence (borderline prediction); High attention entropy (model uncertain which joints are informative); Flat temporal attention (no dominant movement phase); Atypical healthy motion (possibly noisy skeleton or edge-case style)
213_18_6_5_1_stand.txt,213,6,1,stand,5,Healthy,Compensated,0.5043832659721375,0.49561676383018494,0.5043832659721375,"SpineShoulder(0.802), SpineBase(0.785), WristLeft(0.753)",3.2058,Low confidence (borderline prediction); Near-equal class probabilities (ambiguous motion); High attention entropy (model uncertain which joints are informative); Flat temporal attention (no dominant movement phase); Atypical healthy motion (possibly noisy skeleton or edge-case style)
213_18_6_6_1_stand.txt,213,6,1,stand,6,Healthy,Compensated,0.5428874492645264,0.457112580537796,0.5428874492645264,"SpineShoulder(0.802), SpineBase(0.784), WristLeft(0.754)",3.206,Low confidence (borderline prediction); Near-equal class probabilities (ambiguous motion); High attention entropy (model uncertain which joints are informative); Flat temporal attention (no dominant movement phase); Atypical healthy motion (possibly noisy skeleton or edge-case style)
214_18_2_2_1_Stand-frame.txt,214,2,4,Stand-frame,2,Healthy,Compensated,0.6193930506706238,0.3806069493293762,0.6193930506706238,"SpineShoulder(0.805), SpineBase(0.778), WristRight(0.753)",3.2047,Low confidence (borderline prediction); High attention entropy (model uncertain which joints are informative); Flat temporal attention (no dominant movement phase); Atypical healthy motion (possibly noisy skeleton or edge-case style)
214_18_6_1_1_Stand-frame.txt,214,6,4,Stand-frame,1,Healthy,Compensated,0.9515427947044373,0.048457179218530655,0.9515427947044373,"SpineShoulder(0.803), SpineBase(0.781), WristLeft(0.752)",3.2055,High attention entropy (model uncertain which joints are informative); Flat temporal attention (no dominant movement phase); Atypical healthy motion (possibly noisy skeleton or edge-case style)
214_18_6_2_1_Stand-frame.txt,214,6,4,Stand-frame,2,Healthy,Compensated,0.9140130281448364,0.0859869047999382,0.9140130281448364,"SpineShoulder(0.802), SpineBase(0.780), WristLeft(0.751)",3.2058,High attention entropy (model uncertain which joints are informative); Flat temporal attention (no dominant movement phase); Atypical healthy motion (possibly noisy skeleton or edge-case style)
214_18_6_3_1_Stand-frame.txt,214,6,4,Stand-frame,3,Healthy,Compensated,0.900128185749054,0.09987179189920425,0.900128185749054,"SpineShoulder(0.802), SpineBase(0.779), WristLeft(0.751)",3.2058,High attention entropy (model uncertain which joints are informative); Flat temporal attention (no dominant movement phase); Atypical healthy motion (possibly noisy skeleton or edge-case style)
214_18_6_4_1_Stand-frame.txt,214,6,4,Stand-frame,4,Healthy,Compensated,0.8883270025253296,0.11167300492525101,0.8883270025253296,"SpineShoulder(0.803), SpineBase(0.782), WristLeft(0.753)",3.2054,High attention entropy (model uncertain which joints are informative); Flat temporal attention (no dominant movement phase); Atypical healthy motion (possibly noisy skeleton or edge-case style)
214_18_7_1_1_Stand-frame.txt,214,7,4,Stand-frame,1,Healthy,Compensated,0.6568819284439087,0.3431181013584137,0.6568819284439087,"SpineShoulder(0.808), SpineBase(0.786), WristLeft(0.761)",3.2015,High attention entropy (model uncertain which joints are informative); Flat temporal attention (no dominant movement phase); Atypical healthy motion (possibly noisy skeleton or edge-case style)
214_18_7_2_1_Stand-frame.txt,214,7,4,Stand-frame,2,Healthy,Compensated,0.6303275227546692,0.3696725070476532,0.6303275227546692,"SpineShoulder(0.808), SpineBase(0.785), WristLeft(0.759)",3.2018,Low confidence (borderline prediction); High attention entropy (model uncertain which joints are informative); Flat temporal attention (no dominant movement phase); Atypical healthy motion (possibly noisy skeleton or edge-case style)
214_18_7_3_1_Stand-frame.txt,214,7,4,Stand-frame,3,Healthy,Compensated,0.5673648715019226,0.4326350688934326,0.5673648715019226,"SpineShoulder(0.807), SpineBase(0.782), WristLeft(0.758)",3.2021,Low confidence (borderline prediction); Near-equal class probabilities (ambiguous motion); High attention entropy (model uncertain which joints are informative); Flat temporal attention (no dominant movement phase); Atypical healthy motion (possibly noisy skeleton or edge-case style)
214_18_7_4_1_Stand-frame.txt,214,7,4,Stand-frame,4,Healthy,Compensated,0.592564046382904,0.40743598341941833,0.592564046382904,"SpineShoulder(0.806), SpineBase(0.783), WristLeft(0.760)",3.202,Low confidence (borderline prediction); High attention entropy (model uncertain which joints are informative); Flat temporal attention (no dominant movement phase); Atypical healthy motion (possibly noisy skeleton or edge-case style)
214_18_7_5_1_Stand-frame.txt,214,7,4,Stand-frame,5,Healthy,Compensated,0.5576682090759277,0.44233182072639465,0.5576682090759277,"SpineShoulder(0.806), SpineBase(0.783), WristLeft(0.759)",3.2022,Low confidence (borderline prediction); Near-equal class probabilities (ambiguous motion); High attention entropy (model uncertain which joints are informative); Flat temporal attention (no dominant movement phase); Atypical healthy motion (possibly noisy skeleton or edge-case style)
214_18_7_6_1_Stand-frame.txt,214,7,4,Stand-frame,6,Healthy,Compensated,0.5370712280273438,0.46292880177497864,0.5370712280273438,"SpineShoulder(0.807), SpineBase(0.783), WristLeft(0.759)",3.2022,Low confidence (borderline prediction); Near-equal class probabilities (ambiguous motion); High attention entropy (model uncertain which joints are informative); Flat temporal attention (no dominant movement phase); Atypical healthy motion (possibly noisy skeleton or edge-case style)
214_18_8_5_1_Stand-frame.txt,214,8,4,Stand-frame,5,Healthy,Compensated,0.5740876793861389,0.42591238021850586,0.5740876793861389,"SpineShoulder(0.808), SpineBase(0.784), WristLeft(0.758)",3.2026,Low confidence (borderline prediction); Near-equal class probabilities (ambiguous motion); High attention entropy (model uncertain which joints are informative); Flat temporal attention (no dominant movement phase); Atypical healthy motion (possibly noisy skeleton or edge-case style)
214_18_8_6_1_Stand-frame.txt,214,8,4,Stand-frame,6,Healthy,Compensated,0.6495220065116882,0.35047802329063416,0.6495220065116882,"SpineShoulder(0.807), SpineBase(0.785), WristLeft(0.759)",3.2025,Low confidence (borderline prediction); High attention entropy (model uncertain which joints are informative); Flat temporal attention (no dominant movement phase); Atypical healthy motion (possibly noisy skeleton or edge-case style)
216_18_5_1_1_stand.txt,216,5,5,stand,1,Healthy,Compensated,0.7808685302734375,0.2191314697265625,0.7808685302734375,"SpineShoulder(0.807), SpineBase(0.777), WristRight(0.755)",3.2054,High attention entropy (model uncertain which joints are informative); Flat temporal attention (no dominant movement phase); Atypical healthy motion (possibly noisy skeleton or edge-case style)
216_18_6_1_1_stand.txt,216,6,5,stand,1,Healthy,Compensated,0.7366129159927368,0.26338714361190796,0.7366129159927368,"SpineShoulder(0.801), SpineBase(0.779), WristLeft(0.752)",3.2062,High attention entropy (model uncertain which joints are informative); Flat temporal attention (no dominant movement phase); Atypical healthy motion (possibly noisy skeleton or edge-case style)
216_18_6_2_1_stand.txt,216,6,5,stand,2,Healthy,Compensated,0.8258277773857117,0.17417223751544952,0.8258277773857117,"SpineShoulder(0.804), SpineBase(0.784), WristLeft(0.754)",3.2058,High attention entropy (model uncertain which joints are informative); Flat temporal attention (no dominant movement phase); Atypical healthy motion (possibly noisy skeleton or edge-case style)
216_18_6_3_1_stand.txt,216,6,5,stand,3,Healthy,Compensated,0.6441653966903687,0.35583457350730896,0.6441653966903687,"SpineShoulder(0.803), SpineBase(0.779), WristLeft(0.753)",3.2061,Low confidence (borderline prediction); High attention entropy (model uncertain which joints are informative); Flat temporal attention (no dominant movement phase); Atypical healthy motion (possibly noisy skeleton or edge-case style)
216_18_6_4_1_stand.txt,216,6,5,stand,4,Healthy,Compensated,0.6587806344032288,0.34121933579444885,0.6587806344032288,"SpineShoulder(0.804), SpineBase(0.781), WristLeft(0.754)",3.206,High attention entropy (model uncertain which joints are informative); Flat temporal attention (no dominant movement phase); Atypical healthy motion (possibly noisy skeleton or edge-case style)
216_18_6_6_1_stand.txt,216,6,5,stand,6,Healthy,Compensated,0.6455459594726562,0.35445407032966614,0.6455459594726562,"SpineShoulder(0.804), SpineBase(0.782), WristLeft(0.754)",3.2058,Low confidence (borderline prediction); High attention entropy (model uncertain which joints are informative); Flat temporal attention (no dominant movement phase); Atypical healthy motion (possibly noisy skeleton or edge-case style)
216_18_7_1_1_stand.txt,216,7,5,stand,1,Healthy,Compensated,0.9130594730377197,0.08694048225879669,0.9130594730377197,"SpineShoulder(0.806), SpineBase(0.783), WristLeft(0.755)",3.2032,High attention entropy (model uncertain which joints are informative); Flat temporal attention (no dominant movement phase); Atypical healthy motion (possibly noisy skeleton or edge-case style)
216_18_7_2_1_stand.txt,216,7,5,stand,2,Healthy,Compensated,0.9125499129295349,0.08745011687278748,0.9125499129295349,"SpineShoulder(0.807), SpineBase(0.785), WristLeft(0.755)",3.2029,High attention entropy (model uncertain which joints are informative); Flat temporal attention (no dominant movement phase); Atypical healthy motion (possibly noisy skeleton or edge-case style)
216_18_7_3_1_stand.txt,216,7,5,stand,3,Healthy,Compensated,0.917861819267273,0.08213815093040466,0.917861819267273,"SpineShoulder(0.806), SpineBase(0.785), WristLeft(0.754)",3.203,High attention entropy (model uncertain which joints are informative); Flat temporal attention (no dominant movement phase); Atypical healthy motion (possibly noisy skeleton or edge-case style)
216_18_7_4_1_stand.txt,216,7,5,stand,4,Healthy,Compensated,0.9101150035858154,0.08988502621650696,0.9101150035858154,"SpineShoulder(0.807), SpineBase(0.786), WristLeft(0.755)",3.2028,High attention entropy (model uncertain which joints are informative); Flat temporal attention (no dominant movement phase); Atypical healthy motion (possibly noisy skeleton or edge-case style)
216_18_7_5_1_stand.txt,216,7,5,stand,5,Healthy,Compensated,0.9079569578170776,0.09204304963350296,0.9079569578170776,"SpineShoulder(0.807), SpineBase(0.786), WristLeft(0.755)",3.2031,High attention entropy (model uncertain which joints are informative); Flat temporal attention (no dominant movement phase); Atypical healthy motion (possibly noisy skeleton or edge-case style)
216_18_7_6_1_stand.txt,216,7,5,stand,6,Healthy,Compensated,0.8765335083007812,0.12346649169921875,0.8765335083007812,"SpineShoulder(0.807), SpineBase(0.787), WristLeft(0.756)",3.2032,High attention entropy (model uncertain which joints are informative); Flat temporal attention (no dominant movement phase); Atypical healthy motion (possibly noisy skeleton or edge-case style)
216_18_8_1_1_stand.txt,216,8,5,stand,1,Healthy,Compensated,0.8231458067893982,0.176854208111763,0.8231458067893982,"SpineShoulder(0.811), SpineBase(0.787), WristLeft(0.758)",3.2033,High attention entropy (model uncertain which joints are informative); Flat temporal attention (no dominant movement phase); Atypical healthy motion (possibly noisy skeleton or edge-case style)
216_18_8_2_1_stand.txt,216,8,5,stand,2,Healthy,Compensated,0.8113723993301392,0.18862764537334442,0.8113723993301392,"SpineShoulder(0.811), SpineBase(0.788), WristLeft(0.758)",3.2032,High attention entropy (model uncertain which joints are informative); Flat temporal attention (no dominant movement phase); Atypical healthy motion (possibly noisy skeleton or edge-case style)
216_18_8_3_1_stand.txt,216,8,5,stand,3,Healthy,Compensated,0.8051910996437073,0.1948089301586151,0.8051910996437073,"SpineShoulder(0.810), SpineBase(0.788), WristLeft(0.759)",3.2032,High attention entropy (model uncertain which joints are informative); Flat temporal attention (no dominant movement phase); Atypical healthy motion (possibly noisy skeleton or edge-case style)
216_18_8_4_1_stand.txt,216,8,5,stand,4,Healthy,Compensated,0.7921167016029358,0.2078832983970642,0.7921167016029358,"SpineShoulder(0.809), SpineBase(0.791), WristLeft(0.759)",3.2033,High attention entropy (model uncertain which joints are informative); Flat temporal attention (no dominant movement phase); Atypical healthy motion (possibly noisy skeleton or edge-case style)
216_18_8_5_1_stand.txt,216,8,5,stand,5,Healthy,Compensated,0.8077542781829834,0.19224576652050018,0.8077542781829834,"SpineShoulder(0.809), SpineBase(0.790), WristLeft(0.757)",3.2034,High attention entropy (model uncertain which joints are informative); Flat temporal attention (no dominant movement phase); Atypical healthy motion (possibly noisy skeleton or edge-case style)
216_18_8_6_1_stand.txt,216,8,5,stand,6,Healthy,Compensated,0.8056727051734924,0.19432727992534637,0.8056727051734924,"SpineShoulder(0.809), SpineBase(0.791), WristLeft(0.758)",3.2032,High attention entropy (model uncertain which joints are informative); Flat temporal attention (no dominant movement phase); Atypical healthy motion (possibly noisy skeleton or edge-case style)
217_18_0_8_1_wheelchair.txt,217,0,3,wheelchair,8,Healthy,Compensated,0.5418745279312134,0.45812544226646423,0.5418745279312134,"SpineShoulder(0.807), SpineBase(0.800), WristRight(0.750)",3.2029,Low confidence (borderline prediction); Near-equal class probabilities (ambiguous motion); High attention entropy (model uncertain which joints are informative); Flat temporal attention (no dominant movement phase); Atypical healthy motion (possibly noisy skeleton or edge-case style)
217_18_1_1_1_wheelchair.txt,217,1,1,wheelchair,1,Healthy,Compensated,0.7632272243499756,0.236772820353508,0.7632272243499756,"SpineShoulder(0.804), SpineBase(0.772), WristRight(0.752)",3.2051,High attention entropy (model uncertain which joints are informative); Flat temporal attention (no dominant movement phase); Atypical healthy motion (possibly noisy skeleton or edge-case style)
217_18_4_1_1_wheelchair.txt,217,4,3,wheelchair,1,Healthy,Compensated,0.6740753650665283,0.3259246349334717,0.6740753650665283,"SpineShoulder(0.807), SpineBase(0.785), WristRight(0.757)",3.2047,High attention entropy (model uncertain which joints are informative); Flat temporal attention (no dominant movement phase); Atypical healthy motion (possibly noisy skeleton or edge-case style)
217_18_4_2_1_wheelchair.txt,217,4,3,wheelchair,2,Healthy,Compensated,0.5916005969047546,0.40839943289756775,0.5916005969047546,"SpineShoulder(0.808), SpineBase(0.785), WristRight(0.759)",3.2047,Low confidence (borderline prediction); High attention entropy (model uncertain which joints are informative); Flat temporal attention (no dominant movement phase); Atypical healthy motion (possibly noisy skeleton or edge-case style)
217_18_4_3_1_wheelchair.txt,217,4,3,wheelchair,3,Healthy,Compensated,0.5970179438591003,0.40298202633857727,0.5970179438591003,"SpineShoulder(0.808), SpineBase(0.785), WristRight(0.759)",3.2047,Low confidence (borderline prediction); High attention entropy (model uncertain which joints are informative); Flat temporal attention (no dominant movement phase); Atypical healthy motion (possibly noisy skeleton or edge-case style)
217_18_7_2_1_wheelchair.txt,217,7,3,wheelchair,2,Healthy,Compensated,0.6740908622741699,0.3259091377258301,0.6740908622741699,"SpineShoulder(0.808), SpineBase(0.794), WristRight(0.755)",3.2024,High attention entropy (model uncertain which joints are informative); Flat temporal attention (no dominant movement phase); Atypical healthy motion (possibly noisy skeleton or edge-case style)
217_18_7_4_1_wheelchair.txt,217,7,3,wheelchair,4,Healthy,Compensated,0.5296309590339661,0.47036901116371155,0.5296309590339661,"SpineShoulder(0.807), SpineBase(0.794), WristRight(0.755)",3.2018,Low confidence (borderline prediction); Near-equal class probabilities (ambiguous motion); High attention entropy (model uncertain which joints are informative); Flat temporal attention (no dominant movement phase); Atypical healthy motion (possibly noisy skeleton or edge-case style)
217_18_8_1_1_wheelchair.txt,217,8,3,wheelchair,1,Healthy,Compensated,0.5096442103385925,0.4903557598590851,0.5096442103385925,"SpineShoulder(0.808), SpineBase(0.794), WristRight(0.755)",3.2026,Low confidence (borderline prediction); Near-equal class probabilities (ambiguous motion); High attention entropy (model uncertain which joints are informative); Flat temporal attention (no dominant movement phase); Atypical healthy motion (possibly noisy skeleton or edge-case style)
217_18_8_2_1_wheelchair.txt,217,8,3,wheelchair,2,Healthy,Compensated,0.601862370967865,0.398137629032135,0.601862370967865,"SpineShoulder(0.808), SpineBase(0.794), WristRight(0.757)",3.2028,Low confidence (borderline prediction); High attention entropy (model uncertain which joints are informative); Flat temporal attention (no dominant movement phase); Atypical healthy motion (possibly noisy skeleton or edge-case style)
217_18_8_4_1_wheelchair.txt,217,8,3,wheelchair,4,Healthy,Compensated,0.6336160898208618,0.3663838803768158,0.6336160898208618,"SpineShoulder(0.809), SpineBase(0.793), WristRight(0.755)",3.2031,Low confidence (borderline prediction); High attention entropy (model uncertain which joints are informative); Flat temporal attention (no dominant movement phase); Atypical healthy motion (possibly noisy skeleton or edge-case style)
301_18_0_1_1_chair.txt,301,0,5,chair,1,Healthy,Compensated,0.5970041751861572,0.4029958248138428,0.5970041751861572,"SpineShoulder(0.804), SpineBase(0.772), WristRight(0.752)",3.2056,Low confidence (borderline prediction); High attention entropy (model uncertain which joints are informative); Flat temporal attention (no dominant movement phase); Atypical healthy motion (possibly noisy skeleton or edge-case style)
302_18_0_5_1_chair.txt,302,0,5,chair,5,Healthy,Compensated,0.5374061465263367,0.46259385347366333,0.5374061465263367,"SpineShoulder(0.809), SpineBase(0.789), WristLeft(0.758)",3.2012,Low confidence (borderline prediction); Near-equal class probabilities (ambiguous motion); High attention entropy (model uncertain which joints are informative); Flat temporal attention (no dominant movement phase); Atypical healthy motion (possibly noisy skeleton or edge-case style)
304_18_1_1_1_chair.txt,304,1,3,chair,1,Healthy,Compensated,0.5697462558746338,0.43025368452072144,0.5697462558746338,"SpineShoulder(0.804), SpineBase(0.765), WristLeft(0.750)",3.2053,Low confidence (borderline prediction); Near-equal class probabilities (ambiguous motion); High attention entropy (model uncertain which joints are informative); Flat temporal attention (no dominant movement phase); Atypical healthy motion (possibly noisy skeleton or edge-case style)
304_18_1_2_1_chair.txt,304,1,3,chair,2,Healthy,Compensated,0.5124897956848145,0.48751017451286316,0.5124897956848145,"SpineShoulder(0.804), SpineBase(0.765), WristLeft(0.751)",3.2054,Low confidence (borderline prediction); Near-equal class probabilities (ambiguous motion); High attention entropy (model uncertain which joints are informative); Flat temporal attention (no dominant movement phase); Atypical healthy motion (possibly noisy skeleton or edge-case style)
305_18_0_1_1_chair.txt,305,0,3,chair,1,Healthy,Compensated,0.805441677570343,0.19455832242965698,0.805441677570343,"SpineShoulder(0.806), SpineBase(0.778), WristRight(0.756)",3.2041,High attention entropy (model uncertain which joints are informative); Flat temporal attention (no dominant movement phase); Atypical healthy motion (possibly noisy skeleton or edge-case style)
305_18_0_2_1_chair.txt,305,0,3,chair,2,Healthy,Compensated,0.8421320915222168,0.15786795318126678,0.8421320915222168,"SpineShoulder(0.806), SpineBase(0.776), WristRight(0.756)",3.2045,High attention entropy (model uncertain which joints are informative); Flat temporal attention (no dominant movement phase); Atypical healthy motion (possibly noisy skeleton or edge-case style)
305_18_0_3_1_chair.txt,305,0,3,chair,3,Healthy,Compensated,0.713420033454895,0.2865799367427826,0.713420033454895,"SpineShoulder(0.807), SpineBase(0.783), WristRight(0.758)",3.2032,High attention entropy (model uncertain which joints are informative); Flat temporal attention (no dominant movement phase); Atypical healthy motion (possibly noisy skeleton or edge-case style)
305_18_0_4_1_chair.txt,305,0,3,chair,4,Healthy,Compensated,0.6901270747184753,0.30987295508384705,0.6901270747184753,"SpineShoulder(0.807), SpineBase(0.782), WristRight(0.756)",3.2034,High attention entropy (model uncertain which joints are informative); Flat temporal attention (no dominant movement phase); Atypical healthy motion (possibly noisy skeleton or edge-case style)
305_18_0_5_1_chair.txt,305,0,3,chair,5,Healthy,Compensated,0.8083033561706543,0.1916966438293457,0.8083033561706543,"SpineShoulder(0.806), SpineBase(0.777), WristRight(0.755)",3.2043,High attention entropy (model uncertain which joints are informative); Flat temporal attention (no dominant movement phase); Atypical healthy motion (possibly noisy skeleton or edge-case style)
305_18_0_6_1_chair.txt,305,0,3,chair,6,Healthy,Compensated,0.7278160452842712,0.27218392491340637,0.7278160452842712,"SpineShoulder(0.806), SpineBase(0.780), WristRight(0.755)",3.2037,High attention entropy (model uncertain which joints are informative); Flat temporal attention (no dominant movement phase); Atypical healthy motion (possibly noisy skeleton or edge-case style)
305_18_1_1_1_chair.txt,305,1,3,chair,1,Healthy,Compensated,0.5538205504417419,0.44617941975593567,0.5538205504417419,"SpineShoulder(0.806), SpineBase(0.778), WristRight(0.756)",3.2041,Low confidence (borderline prediction); Near-equal class probabilities (ambiguous motion); High attention entropy (model uncertain which joints are informative); Flat temporal attention (no dominant movement phase); Atypical healthy motion (possibly noisy skeleton or edge-case style)
305_18_1_4_1_chair.txt,305,1,3,chair,4,Healthy,Compensated,0.5078801512718201,0.49211984872817993,0.5078801512718201,"SpineShoulder(0.807), SpineBase(0.781), WristRight(0.758)",3.2036,Low confidence (borderline prediction); Near-equal class probabilities (ambiguous motion); High attention entropy (model uncertain which joints are informative); Flat temporal attention (no dominant movement phase); Atypical healthy motion (possibly noisy skeleton or edge-case style)
305_18_1_6_1_chair.txt,305,1,3,chair,6,Healthy,Compensated,0.5774084329605103,0.4225916266441345,0.5774084329605103,"SpineShoulder(0.806), SpineBase(0.780), WristRight(0.756)",3.2041,Low confidence (borderline prediction); High attention entropy (model uncertain which joints are informative); Flat temporal attention (no dominant movement phase); Atypical healthy motion (possibly noisy skeleton or edge-case style)
307_18_1_3_1_sit.txt,307,1,5,sit,3,Healthy,Compensated,0.5004671216011047,0.49953287839889526,0.5004671216011047,"SpineShoulder(0.809), SpineBase(0.781), WristRight(0.758)",3.203,Low confidence (borderline prediction); Near-equal class probabilities (ambiguous motion); High attention entropy (model uncertain which joints are informative); Flat temporal attention (no dominant movement phase); Atypical healthy motion (possibly noisy skeleton or edge-case style)
105_18_0_12_2_stand.txt,105,0,0,stand,12,Compensated,Healthy,0.9506616592407227,0.9506616592407227,0.04933836683630943,"SpineShoulder(0.809), SpineBase(0.794), WristLeft(0.757)",3.2039,High attention entropy (model uncertain which joints are informative); Flat temporal attention (no dominant movement phase); Subtle compensatory pattern (compensation resembles healthy motion)
105_18_0_1_2_stand.txt,105,0,0,stand,1,Compensated,Healthy,0.6440849900245667,0.6440849900245667,0.35591503977775574,"SpineShoulder(0.803), SpineBase(0.768), WristRight(0.753)",3.2063,Low confidence (borderline prediction); High attention entropy (model uncertain which joints are informative); Flat temporal attention (no dominant movement phase); Subtle compensatory pattern (compensation resembles healthy motion)
202_18_4_16_2_stand.txt,202,4,5,stand,16,Compensated,Healthy,0.8135054707527161,0.8135054707527161,0.18649452924728394,"SpineShoulder(0.805), SpineBase(0.786), WristRight(0.754)",3.2055,High attention entropy (model uncertain which joints are informative); Flat temporal attention (no dominant movement phase); Subtle compensatory pattern (compensation resembles healthy motion)
202_18_4_19_2_stand.txt,202,4,5,stand,19,Compensated,Healthy,0.5478243827819824,0.5478243827819824,0.4521755874156952,"SpineShoulder(0.807), SpineBase(0.783), WristRight(0.754)",3.2059,Low confidence (borderline prediction); Near-equal class probabilities (ambiguous motion); High attention entropy (model uncertain which joints are informative); Flat temporal attention (no dominant movement phase); Subtle compensatory pattern (compensation resembles healthy motion)
202_18_4_31_2_stand.txt,202,4,5,stand,31,Compensated,Healthy,0.8068870902061462,0.8068870902061462,0.19311286509037018,"SpineShoulder(0.805), SpineBase(0.775), WristRight(0.754)",3.2062,High attention entropy (model uncertain which joints are informative); Flat temporal attention (no dominant movement phase); Subtle compensatory pattern (compensation resembles healthy motion)
202_18_4_32_2_stand.txt,202,4,5,stand,32,Compensated,Healthy,0.6840017437934875,0.6840017437934875,0.3159983158111572,"SpineShoulder(0.805), SpineBase(0.775), WristRight(0.756)",3.2061,High attention entropy (model uncertain which joints are informative); Flat temporal attention (no dominant movement phase); Subtle compensatory pattern (compensation resembles healthy motion)
202_18_7_22_2_stand.txt,202,7,3,stand,22,Compensated,Healthy,0.6734039783477783,0.6734039783477783,0.3265959918498993,"SpineShoulder(0.808), SpineBase(0.792), WristLeft(0.757)",3.203,High attention entropy (model uncertain which joints are informative); Flat temporal attention (no dominant movement phase); Subtle compensatory pattern (compensation resembles healthy motion)
202_18_7_23_2_stand.txt,202,7,3,stand,23,Compensated,Healthy,0.7006821036338806,0.7006821036338806,0.299317866563797,"SpineShoulder(0.808), SpineBase(0.789), WristLeft(0.756)",3.2031,High attention entropy (model uncertain which joints are informative); Flat temporal attention (no dominant movement phase); Subtle compensatory pattern (compensation resembles healthy motion)
202_18_8_22_2_stand.txt,202,8,3,stand,22,Compensated,Healthy,0.9262522459030151,0.9262522459030151,0.07374778389930725,"SpineShoulder(0.806), SpineBase(0.785), WristRight(0.760)",3.2048,High attention entropy (model uncertain which joints are informative); Flat temporal attention (no dominant movement phase); Subtle compensatory pattern (compensation resembles healthy motion)
202_18_8_28_2_stand.txt,202,8,3,stand,28,Compensated,Healthy,0.6255188584327698,0.6255188584327698,0.37448111176490784,"SpineShoulder(0.808), SpineBase(0.796), WristLeft(0.755)",3.2032,Low confidence (borderline prediction); High attention entropy (model uncertain which joints are informative); Flat temporal attention (no dominant movement phase); Subtle compensatory pattern (compensation resembles healthy motion)
203_18_2_27_2_wheelchair.txt,203,2,3,wheelchair,27,Compensated,Healthy,0.7052661180496216,0.7052661180496216,0.2947338819503784,"SpineShoulder(0.806), SpineBase(0.782), WristLeft(0.750)",3.2048,High attention entropy (model uncertain which joints are informative); Flat temporal attention (no dominant movement phase); Subtle compensatory pattern (compensation resembles healthy motion)
203_18_2_28_2_wheelchair.txt,203,2,3,wheelchair,28,Compensated,Healthy,0.5286028385162354,0.5286028385162354,0.47139719128608704,"SpineShoulder(0.803), SpineBase(0.770), WristLeft(0.750)",3.2062,Low confidence (borderline prediction); Near-equal class probabilities (ambiguous motion); High attention entropy (model uncertain which joints are informative); Flat temporal attention (no dominant movement phase); Subtle compensatory pattern (compensation resembles healthy motion)
203_18_2_29_2_wheelchair.txt,203,2,3,wheelchair,29,Compensated,Healthy,0.5334093570709229,0.5334093570709229,0.46659067273139954,"SpineShoulder(0.804), SpineBase(0.771), WristLeft(0.750)",3.2061,Low confidence (borderline prediction); Near-equal class probabilities (ambiguous motion); High attention entropy (model uncertain which joints are informative); Flat temporal attention (no dominant movement phase); Subtle compensatory pattern (compensation resembles healthy motion)
203_18_2_30_2_wheelchair.txt,203,2,3,wheelchair,30,Compensated,Healthy,0.7399376630783081,0.7399376630783081,0.2600623667240143,"SpineShoulder(0.806), SpineBase(0.785), WristLeft(0.755)",3.2035,High attention entropy (model uncertain which joints are informative); Flat temporal attention (no dominant movement phase); Subtle compensatory pattern (compensation resembles healthy motion)
203_18_5_12_2_wheelchair.txt,203,5,3,wheelchair,12,Compensated,Healthy,0.6598198413848877,0.6598198413848877,0.3401801288127899,"SpineShoulder(0.805), SpineBase(0.785), WristRight(0.753)",3.2039,High attention entropy (model uncertain which joints are informative); Flat temporal attention (no dominant movement phase); Subtle compensatory pattern (compensation resembles healthy motion)
204_18_2_54_2_chair.txt,204,2,0,chair,54,Compensated,Healthy,0.860573947429657,0.860573947429657,0.1394260674715042,"SpineShoulder(0.806), SpineBase(0.774), WristRight(0.752)",3.2053,High attention entropy (model uncertain which joints are informative); Flat temporal attention (no dominant movement phase); Subtle compensatory pattern (compensation resembles healthy motion)
204_18_2_64_2_chair.txt,204,2,0,chair,64,Compensated,Healthy,0.6309929490089417,0.6309929490089417,0.36900702118873596,"SpineShoulder(0.805), SpineBase(0.773), WristRight(0.749)",3.2059,Low confidence (borderline prediction); High attention entropy (model uncertain which joints are informative); Flat temporal attention (no dominant movement phase); Subtle compensatory pattern (compensation resembles healthy motion)
204_18_3_1_2_chair.txt,204,3,0,chair,1,Compensated,Healthy,0.8663638830184937,0.8663638830184937,0.13363608717918396,"SpineShoulder(0.806), SpineBase(0.779), WristRight(0.752)",3.2046,High attention entropy (model uncertain which joints are informative); Flat temporal attention (no dominant movement phase); Subtle compensatory pattern (compensation resembles healthy motion)
204_18_3_2_2_chair.txt,204,3,0,chair,2,Compensated,Healthy,0.8706528544425964,0.8706528544425964,0.12934719026088715,"SpineShoulder(0.808), SpineBase(0.787), WristRight(0.753)",3.2033,High attention entropy (model uncertain which joints are informative); Flat temporal attention (no dominant movement phase); Subtle compensatory pattern (compensation resembles healthy motion)
204_18_3_36_2_chair.txt,204,3,0,chair,36,Compensated,Healthy,0.6785969734191895,0.6785969734191895,0.3214030861854553,"SpineShoulder(0.808), SpineBase(0.782), WristRight(0.754)",3.2041,High attention entropy (model uncertain which joints are informative); Flat temporal attention (no dominant movement phase); Subtle compensatory pattern (compensation resembles healthy motion)
204_18_3_3_2_chair.txt,204,3,0,chair,3,Compensated,Healthy,0.9372845888137817,0.9372845888137817,0.06271546334028244,"SpineShoulder(0.806), SpineBase(0.778), WristRight(0.752)",3.2047,High attention entropy (model uncertain which joints are informative); Flat temporal attention (no dominant movement phase); Subtle compensatory pattern (compensation resembles healthy motion)
204_18_3_4_2_chair.txt,204,3,0,chair,4,Compensated,Healthy,0.9517526626586914,0.9517526626586914,0.0482473149895668,"SpineShoulder(0.807), SpineBase(0.783), WristRight(0.752)",3.204,High attention entropy (model uncertain which joints are informative); Flat temporal attention (no dominant movement phase); Subtle compensatory pattern (compensation resembles healthy motion)
204_18_3_5_2_chair.txt,204,3,0,chair,5,Compensated,Healthy,0.9323806166648865,0.9323806166648865,0.06761939823627472,"SpineShoulder(0.807), SpineBase(0.782), WristRight(0.753)",3.2041,High attention entropy (model uncertain which joints are informative); Flat temporal attention (no dominant movement phase); Subtle compensatory pattern (compensation resembles healthy motion)
204_18_3_6_2_chair.txt,204,3,0,chair,6,Compensated,Healthy,0.8839014768600464,0.8839014768600464,0.11609853804111481,"SpineShoulder(0.808), SpineBase(0.787), WristRight(0.753)",3.2034,High attention entropy (model uncertain which joints are informative); Flat temporal attention (no dominant movement phase); Subtle compensatory pattern (compensation resembles healthy motion)
204_18_3_7_2_chair.txt,204,3,0,chair,7,Compensated,Healthy,0.8439919352531433,0.8439919352531433,0.1560080498456955,"SpineShoulder(0.806), SpineBase(0.780), WristRight(0.752)",3.2043,High attention entropy (model uncertain which joints are informative); Flat temporal attention (no dominant movement phase); Subtle compensatory pattern (compensation resembles healthy motion)
204_18_5_6_2_chair.txt,204,5,0,chair,6,Compensated,Healthy,0.8106269240379333,0.8106269240379333,0.18937306106090546,"SpineShoulder(0.806), SpineBase(0.775), WristLeft(0.752)",3.2056,High attention entropy (model uncertain which joints are informative); Flat temporal attention (no dominant movement phase); Subtle compensatory pattern (compensation resembles healthy motion)
204_18_5_7_2_chair.txt,204,5,0,chair,7,Compensated,Healthy,0.8266167044639587,0.8266167044639587,0.17338332533836365,"SpineShoulder(0.806), SpineBase(0.775), WristLeft(0.751)",3.2056,High attention entropy (model uncertain which joints are informative); Flat temporal attention (no dominant movement phase); Subtle compensatory pattern (compensation resembles healthy motion)
204_18_8_3_2_chair.txt,204,8,0,chair,3,Compensated,Healthy,0.5289129018783569,0.5289129018783569,0.47108709812164307,"SpineShoulder(0.806), SpineBase(0.778), WristRight(0.753)",3.2047,Low confidence (borderline prediction); Near-equal class probabilities (ambiguous motion); High attention entropy (model uncertain which joints are informative); Flat temporal attention (no dominant movement phase); Subtle compensatory pattern (compensation resembles healthy motion)
205_18_1_16_2_stand.txt,205,1,4,stand,16,Compensated,Healthy,0.5608543753623962,0.5608543753623962,0.43914562463760376,"SpineShoulder(0.803), SpineBase(0.767), WristRight(0.754)",3.2066,Low confidence (borderline prediction); Near-equal class probabilities (ambiguous motion); High attention entropy (model uncertain which joints are informative); Flat temporal attention (no dominant movement phase); Subtle compensatory pattern (compensation resembles healthy motion)
206_18_1_3_2_chair.txt,206,1,4,chair,3,Compensated,Healthy,0.7059972286224365,0.7059972286224365,0.29400280117988586,"SpineShoulder(0.808), SpineBase(0.793), WristLeft(0.753)",3.2024,High attention entropy (model uncertain which joints are informative); Flat temporal attention (no dominant movement phase); Subtle compensatory pattern (compensation resembles healthy motion)
206_18_2_16_2_stand.txt,206,2,2,stand,16,Compensated,Healthy,0.6223492622375488,0.6223492622375488,0.37765076756477356,"SpineShoulder(0.809), SpineBase(0.787), WristLeft(0.754)",3.2034,Low confidence (borderline prediction); High attention entropy (model uncertain which joints are informative); Flat temporal attention (no dominant movement phase); Subtle compensatory pattern (compensation resembles healthy motion)
206_18_2_1_2_chair.txt,206,2,4,chair,1,Compensated,Healthy,0.6515838503837585,0.6515838503837585,0.3484160900115967,"SpineShoulder(0.805), SpineBase(0.784), WristLeft(0.755)",3.2031,High attention entropy (model uncertain which joints are informative); Flat temporal attention (no dominant movement phase); Subtle compensatory pattern (compensation resembles healthy motion)
206_18_3_10_2_stand.txt,206,3,4,stand,10,Compensated,Healthy,0.6836982369422913,0.6836982369422913,0.31630179286003113,"SpineShoulder(0.808), SpineBase(0.790), WristLeft(0.760)",3.2018,High attention entropy (model uncertain which joints are informative); Flat temporal attention (no dominant movement phase); Subtle compensatory pattern (compensation resembles healthy motion)
206_18_3_11_2_stand.txt,206,3,4,stand,11,Compensated,Healthy,0.5896937251091003,0.5896937251091003,0.41030630469322205,"SpineShoulder(0.808), SpineBase(0.790), WristLeft(0.760)",3.2019,Low confidence (borderline prediction); High attention entropy (model uncertain which joints are informative); Flat temporal attention (no dominant movement phase); Subtle compensatory pattern (compensation resembles healthy motion)
206_18_3_12_2_stand.txt,206,3,4,stand,12,Compensated,Healthy,0.5742138624191284,0.5742138624191284,0.4257861375808716,"SpineShoulder(0.809), SpineBase(0.790), WristLeft(0.760)",3.202,Low confidence (borderline prediction); Near-equal class probabilities (ambiguous motion); High attention entropy (model uncertain which joints are informative); Flat temporal attention (no dominant movement phase); Subtle compensatory pattern (compensation resembles healthy motion)
206_18_3_13_2_stand.txt,206,3,4,stand,13,Compensated,Healthy,0.9656908512115479,0.9656908512115479,0.03430914506316185,"SpineShoulder(0.807), SpineBase(0.784), WristRight(0.758)",3.203,High attention entropy (model uncertain which joints are informative); Flat temporal attention (no dominant movement phase); Subtle compensatory pattern (compensation resembles healthy motion)
206_18_3_14_2_chair.txt,206,3,4,chair,14,Compensated,Healthy,0.8905569314956665,0.8905569314956665,0.10944309830665588,"SpineShoulder(0.806), SpineBase(0.790), WristLeft(0.750)",3.204,High attention entropy (model uncertain which joints are informative); Flat temporal attention (no dominant movement phase); Subtle compensatory pattern (compensation resembles healthy motion)
206_18_5_11_2_chair.txt,206,5,0,chair,11,Compensated,Healthy,0.7671578526496887,0.7671578526496887,0.23284216225147247,"SpineShoulder(0.807), SpineBase(0.782), WristLeft(0.759)",3.2031,High attention entropy (model uncertain which joints are informative); Flat temporal attention (no dominant movement phase); Subtle compensatory pattern (compensation resembles healthy motion)
206_18_5_12_2_chair.txt,206,5,0,chair,12,Compensated,Healthy,0.5759525299072266,0.5759525299072266,0.42404747009277344,"SpineShoulder(0.806), SpineBase(0.776), WristLeft(0.756)",3.2043,Low confidence (borderline prediction); High attention entropy (model uncertain which joints are informative); Flat temporal attention (no dominant movement phase); Subtle compensatory pattern (compensation resembles healthy motion)
206_18_5_15_2_chair.txt,206,5,3,chair,15,Compensated,Healthy,0.8802499771118164,0.8802499771118164,0.11974998563528061,"SpineShoulder(0.805), SpineBase(0.781), WristLeft(0.757)",3.2023,High attention entropy (model uncertain which joints are informative); Flat temporal attention (no dominant movement phase); Subtle compensatory pattern (compensation resembles healthy motion)
206_18_5_16_2_chair.txt,206,5,3,chair,16,Compensated,Healthy,0.6518486142158508,0.6518486142158508,0.34815138578414917,"SpineShoulder(0.806), SpineBase(0.790), WristLeft(0.756)",3.2006,High attention entropy (model uncertain which joints are informative); Flat temporal attention (no dominant movement phase); Subtle compensatory pattern (compensation resembles healthy motion)
206_18_5_17_2_chair.txt,206,5,3,chair,17,Compensated,Healthy,0.5286415815353394,0.5286415815353394,0.47135841846466064,"SpineShoulder(0.806), SpineBase(0.790), WristLeft(0.757)",3.2008,Low confidence (borderline prediction); Near-equal class probabilities (ambiguous motion); High attention entropy (model uncertain which joints are informative); Flat temporal attention (no dominant movement phase); Subtle compensatory pattern (compensation resembles healthy motion)
206_18_6_12_2_chair.txt,206,6,3,chair,12,Compensated,Healthy,0.647457480430603,0.647457480430603,0.3525424897670746,"SpineShoulder(0.804), SpineBase(0.789), WristLeft(0.752)",3.204,Low confidence (borderline prediction); High attention entropy (model uncertain which joints are informative); Flat temporal attention (no dominant movement phase); Subtle compensatory pattern (compensation resembles healthy motion)
206_18_6_13_2_chair.txt,206,6,3,chair,13,Compensated,Healthy,0.8786904215812683,0.8786904215812683,0.12130952626466751,"SpineShoulder(0.805), SpineBase(0.789), WristLeft(0.753)",3.2041,High attention entropy (model uncertain which joints are informative); Flat temporal attention (no dominant movement phase); Subtle compensatory pattern (compensation resembles healthy motion)
206_18_7_14_2_chair.txt,206,7,4,chair,14,Compensated,Healthy,0.8808299899101257,0.8808299899101257,0.11917006969451904,"SpineShoulder(0.805), SpineBase(0.776), WristLeft(0.752)",3.2042,High attention entropy (model uncertain which joints are informative); Flat temporal attention (no dominant movement phase); Subtle compensatory pattern (compensation resembles healthy motion)
206_18_7_25_2_stand.txt,206,7,4,stand,25,Compensated,Healthy,0.5698991417884827,0.5698991417884827,0.43010085821151733,"SpineShoulder(0.807), SpineBase(0.786), WristRight(0.763)",3.202,Low confidence (borderline prediction); Near-equal class probabilities (ambiguous motion); High attention entropy (model uncertain which joints are informative); Flat temporal attention (no dominant movement phase); Subtle compensatory pattern (compensation resembles healthy motion)
206_18_7_8_2_chair.txt,206,7,4,chair,8,Compensated,Healthy,0.7363731265068054,0.7363731265068054,0.26362690329551697,"SpineShoulder(0.808), SpineBase(0.790), WristLeft(0.756)",3.2014,High attention entropy (model uncertain which joints are informative); Flat temporal attention (no dominant movement phase); Subtle compensatory pattern (compensation resembles healthy motion)
206_18_8_10_2_stand.txt,206,8,4,stand,10,Compensated,Healthy,0.7889918088912964,0.7889918088912964,0.211008220911026,"SpineShoulder(0.809), SpineBase(0.794), WristRight(0.754)",3.2024,High attention entropy (model uncertain which joints are informative); Flat temporal attention (no dominant movement phase); Subtle compensatory pattern (compensation resembles healthy motion)
206_18_8_8_2_stand.txt,206,8,4,stand,8,Compensated,Healthy,0.7854941487312317,0.7854941487312317,0.21450583636760712,"SpineShoulder(0.810), SpineBase(0.794), WristRight(0.761)",3.2023,High attention entropy (model uncertain which joints are informative); Flat temporal attention (no dominant movement phase); Subtle compensatory pattern (compensation resembles healthy motion)
206_18_8_9_2_stand.txt,206,8,4,stand,9,Compensated,Healthy,0.9657958149909973,0.9657958149909973,0.03420417383313179,"SpineShoulder(0.806), SpineBase(0.775), WristRight(0.752)",3.2052,High attention entropy (model uncertain which joints are informative); Flat temporal attention (no dominant movement phase); Subtle compensatory pattern (compensation resembles healthy motion)
207_18_0_19_2_stand.txt,207,0,0,stand,19,Compensated,Healthy,0.9406558275222778,0.9406558275222778,0.05934411659836769,"SpineShoulder(0.806), SpineBase(0.778), WristLeft(0.755)",3.2047,High attention entropy (model uncertain which joints are informative); Flat temporal attention (no dominant movement phase); Subtle compensatory pattern (compensation resembles healthy motion)
207_18_0_5_2_stand.txt,207,0,0,stand,5,Compensated,Healthy,0.6318756937980652,0.6318756937980652,0.3681243062019348,"SpineShoulder(0.809), SpineBase(0.783), WristLeft(0.755)",3.2039,Low confidence (borderline prediction); High attention entropy (model uncertain which joints are informative); Flat temporal attention (no dominant movement phase); Subtle compensatory pattern (compensation resembles healthy motion)
207_18_3_15_2_stand.txt,207,3,0,stand,15,Compensated,Healthy,0.9595608711242676,0.9595608711242676,0.040439069271087646,"SpineShoulder(0.805), SpineBase(0.769), WristLeft(0.752)",3.205,High attention entropy (model uncertain which joints are informative); Flat temporal attention (no dominant movement phase); Subtle compensatory pattern (compensation resembles healthy motion)
207_18_3_16_2_stand.txt,207,3,0,stand,16,Compensated,Healthy,0.9885459542274475,0.9885459542274475,0.011454069055616856,"SpineShoulder(0.807), SpineBase(0.781), WristLeft(0.752)",3.2049,High attention entropy (model uncertain which joints are informative); Flat temporal attention (no dominant movement phase); Subtle compensatory pattern (compensation resembles healthy motion)
207_18_3_1_2_stand.txt,207,3,0,stand,1,Compensated,Healthy,0.5771029591560364,0.5771029591560364,0.4228971004486084,"SpineShoulder(0.808), SpineBase(0.788), WristLeft(0.755)",3.2032,Low confidence (borderline prediction); High attention entropy (model uncertain which joints are informative); Flat temporal attention (no dominant movement phase); Subtle compensatory pattern (compensation resembles healthy motion)
207_18_8_7_2_stand.txt,207,8,0,stand,7,Compensated,Healthy,0.6181488633155823,0.6181488633155823,0.3818511664867401,"SpineShoulder(0.808), SpineBase(0.778), WristLeft(0.755)",3.2034,Low confidence (borderline prediction); High attention entropy (model uncertain which joints are informative); Flat temporal attention (no dominant movement phase); Subtle compensatory pattern (compensation resembles healthy motion)
210_18_1_6_2_wheelchair.txt,210,1,0,wheelchair,6,Compensated,Healthy,0.6756462454795837,0.6756462454795837,0.32435378432273865,"SpineShoulder(0.807), SpineBase(0.792), WristRight(0.750)",3.202,High attention entropy (model uncertain which joints are informative); Flat temporal attention (no dominant movement phase); Subtle compensatory pattern (compensation resembles healthy motion)
211_18_7_4_2_stand.txt,211,7,0,stand,4,Compensated,Healthy,0.9692419767379761,0.9692419767379761,0.030758000910282135,"SpineShoulder(0.806), SpineBase(0.778), WristLeft(0.755)",3.2053,High attention entropy (model uncertain which joints are informative); Flat temporal attention (no dominant movement phase); Subtle compensatory pattern (compensation resembles healthy motion)
211_18_7_7_2_stand.txt,211,7,0,stand,7,Compensated,Healthy,0.571684718132019,0.571684718132019,0.42831525206565857,"SpineShoulder(0.808), SpineBase(0.790), WristLeft(0.756)",3.2035,Low confidence (borderline prediction); Near-equal class probabilities (ambiguous motion); High attention entropy (model uncertain which joints are informative); Flat temporal attention (no dominant movement phase); Subtle compensatory pattern (compensation resembles healthy motion)
211_18_7_8_2_stand.txt,211,7,0,stand,8,Compensated,Healthy,0.5847301483154297,0.5847301483154297,0.4152698814868927,"SpineShoulder(0.809), SpineBase(0.789), WristLeft(0.757)",3.204,Low confidence (borderline prediction); High attention entropy (model uncertain which joints are informative); Flat temporal attention (no dominant movement phase); Subtle compensatory pattern (compensation resembles healthy motion)
211_18_7_9_2_stand.txt,211,7,0,stand,9,Compensated,Healthy,0.6847984194755554,0.6847984194755554,0.3152015507221222,"SpineShoulder(0.809), SpineBase(0.792), WristLeft(0.758)",3.2038,High attention entropy (model uncertain which joints are informative); Flat temporal attention (no dominant movement phase); Subtle compensatory pattern (compensation resembles healthy motion)
212_18_1_2_2_wheelchair.txt,212,1,3,wheelchair,2,Compensated,Healthy,0.7227215766906738,0.7227215766906738,0.27727842330932617,"SpineShoulder(0.804), SpineBase(0.780), WristRight(0.753)",3.2031,High attention entropy (model uncertain which joints are informative); Flat temporal attention (no dominant movement phase); Subtle compensatory pattern (compensation resembles healthy motion)
212_18_2_1_2_wheelchair.txt,212,2,3,wheelchair,1,Compensated,Healthy,0.7527533173561096,0.7527533173561096,0.2472466379404068,"SpineShoulder(0.805), SpineBase(0.784), WristRight(0.752)",3.203,High attention entropy (model uncertain which joints are informative); Flat temporal attention (no dominant movement phase); Subtle compensatory pattern (compensation resembles healthy motion)
212_18_3_1_2_wheelchair.txt,212,3,3,wheelchair,1,Compensated,Healthy,0.5332455039024353,0.5332455039024353,0.4667544662952423,"SpineShoulder(0.804), SpineBase(0.773), WristRight(0.755)",3.2047,Low confidence (borderline prediction); Near-equal class probabilities (ambiguous motion); High attention entropy (model uncertain which joints are informative); Flat temporal attention (no dominant movement phase); Subtle compensatory pattern (compensation resembles healthy motion)
212_18_3_6_2_wheelchair.txt,212,3,3,wheelchair,6,Compensated,Healthy,0.7039445638656616,0.7039445638656616,0.29605546593666077,"SpineShoulder(0.804), SpineBase(0.781), WristRight(0.757)",3.2038,High attention entropy (model uncertain which joints are informative); Flat temporal attention (no dominant movement phase); Subtle compensatory pattern (compensation resembles healthy motion)
212_18_5_1_2_wheelchair.txt,212,5,3,wheelchair,1,Compensated,Healthy,0.6342366337776184,0.6342366337776184,0.365763396024704,"SpineShoulder(0.804), SpineBase(0.782), WristRight(0.754)",3.203,Low confidence (borderline prediction); High attention entropy (model uncertain which joints are informative); Flat temporal attention (no dominant movement phase); Subtle compensatory pattern (compensation resembles healthy motion)
212_18_5_2_2_wheelchair.txt,212,5,3,wheelchair,2,Compensated,Healthy,0.6720368266105652,0.6720368266105652,0.3279631435871124,"SpineShoulder(0.804), SpineBase(0.781), WristRight(0.754)",3.2033,High attention entropy (model uncertain which joints are informative); Flat temporal attention (no dominant movement phase); Subtle compensatory pattern (compensation resembles healthy motion)
212_18_6_1_2_wheelchair.txt,212,6,3,wheelchair,1,Compensated,Healthy,0.736298680305481,0.736298680305481,0.26370131969451904,"SpineShoulder(0.805), SpineBase(0.783), WristLeft(0.752)",3.204,High attention entropy (model uncertain which joints are informative); Flat temporal attention (no dominant movement phase); Subtle compensatory pattern (compensation resembles healthy motion)
212_18_6_2_2_wheelchair.txt,212,6,3,wheelchair,2,Compensated,Healthy,0.9300393462181091,0.9300393462181091,0.06996066123247147,"SpineShoulder(0.805), SpineBase(0.785), WristLeft(0.754)",3.2036,High attention entropy (model uncertain which joints are informative); Flat temporal attention (no dominant movement phase); Subtle compensatory pattern (compensation resembles healthy motion)
212_18_6_3_2_wheelchair.txt,212,6,3,wheelchair,3,Compensated,Healthy,0.6243838667869568,0.6243838667869568,0.3756161332130432,"SpineShoulder(0.803), SpineBase(0.775), WristLeft(0.753)",3.2052,Low confidence (borderline prediction); High attention entropy (model uncertain which joints are informative); Flat temporal attention (no dominant movement phase); Subtle compensatory pattern (compensation resembles healthy motion)
212_18_6_4_2_wheelchair.txt,212,6,3,wheelchair,4,Compensated,Healthy,0.7390113472938538,0.7390113472938538,0.26098859310150146,"SpineShoulder(0.803), SpineBase(0.776), WristLeft(0.753)",3.2052,High attention entropy (model uncertain which joints are informative); Flat temporal attention (no dominant movement phase); Subtle compensatory pattern (compensation resembles healthy motion)
212_18_7_1_2_wheelchair.txt,212,7,0,wheelchair,1,Compensated,Healthy,0.6662136316299438,0.6662136316299438,0.33378639817237854,"SpineShoulder(0.806), SpineBase(0.781), WristRight(0.754)",3.2004,High attention entropy (model uncertain which joints are informative); Flat temporal attention (no dominant movement phase); Subtle compensatory pattern (compensation resembles healthy motion)
212_18_7_2_2_wheelchair.txt,212,7,0,wheelchair,2,Compensated,Healthy,0.6523069739341736,0.6523069739341736,0.34769299626350403,"SpineShoulder(0.806), SpineBase(0.780), WristRight(0.754)",3.2002,High attention entropy (model uncertain which joints are informative); Flat temporal attention (no dominant movement phase); Subtle compensatory pattern (compensation resembles healthy motion)
212_18_7_3_2_wheelchair.txt,212,7,0,wheelchair,3,Compensated,Healthy,0.6534612774848938,0.6534612774848938,0.3465386629104614,"SpineShoulder(0.806), SpineBase(0.779), WristRight(0.753)",3.2002,High attention entropy (model uncertain which joints are informative); Flat temporal attention (no dominant movement phase); Subtle compensatory pattern (compensation resembles healthy motion)
212_18_7_4_2_wheelchair.txt,212,7,0,wheelchair,4,Compensated,Healthy,0.5506413578987122,0.5506413578987122,0.44935861229896545,"SpineShoulder(0.808), SpineBase(0.780), WristRight(0.754)",3.2005,Low confidence (borderline prediction); Near-equal class probabilities (ambiguous motion); High attention entropy (model uncertain which joints are informative); Flat temporal attention (no dominant movement phase); Subtle compensatory pattern (compensation resembles healthy motion)
212_18_7_5_2_wheelchair.txt,212,7,0,wheelchair,5,Compensated,Healthy,0.6262834072113037,0.6262834072113037,0.3737165629863739,"SpineShoulder(0.804), SpineBase(0.776), WristRight(0.762)",3.1998,Low confidence (borderline prediction); High attention entropy (model uncertain which joints are informative); Flat temporal attention (no dominant movement phase); Subtle compensatory pattern (compensation resembles healthy motion)
212_18_8_1_2_wheelchair.txt,212,8,0,wheelchair,1,Compensated,Healthy,0.6334546208381653,0.6334546208381653,0.3665454089641571,"SpineShoulder(0.806), SpineBase(0.779), WristRight(0.753)",3.2015,Low confidence (borderline prediction); High attention entropy (model uncertain which joints are informative); Flat temporal attention (no dominant movement phase); Subtle compensatory pattern (compensation resembles healthy motion)
212_18_8_2_2_wheelchair.txt,212,8,0,wheelchair,2,Compensated,Healthy,0.6310873031616211,0.6310873031616211,0.3689126670360565,"SpineShoulder(0.807), SpineBase(0.782), WristRight(0.758)",3.201,Low confidence (borderline prediction); High attention entropy (model uncertain which joints are informative); Flat temporal attention (no dominant movement phase); Subtle compensatory pattern (compensation resembles healthy motion)
212_18_8_3_2_wheelchair.txt,212,8,0,wheelchair,3,Compensated,Healthy,0.6234807372093201,0.6234807372093201,0.3765192925930023,"SpineShoulder(0.808), SpineBase(0.779), WristRight(0.756)",3.201,Low confidence (borderline prediction); High attention entropy (model uncertain which joints are informative); Flat temporal attention (no dominant movement phase); Subtle compensatory pattern (compensation resembles healthy motion)
212_18_8_4_2_wheelchair.txt,212,8,0,wheelchair,4,Compensated,Healthy,0.5950140357017517,0.5950140357017517,0.4049859642982483,"SpineShoulder(0.808), SpineBase(0.779), WristRight(0.758)",3.2009,Low confidence (borderline prediction); High attention entropy (model uncertain which joints are informative); Flat temporal attention (no dominant movement phase); Subtle compensatory pattern (compensation resembles healthy motion)
212_18_8_5_2_wheelchair.txt,212,8,0,wheelchair,5,Compensated,Healthy,0.6225004196166992,0.6225004196166992,0.37749961018562317,"SpineShoulder(0.807), SpineBase(0.778), WristLeft(0.755)",3.2012,Low confidence (borderline prediction); High attention entropy (model uncertain which joints are informative); Flat temporal attention (no dominant movement phase); Subtle compensatory pattern (compensation resembles healthy motion)
212_18_8_6_2_wheelchair.txt,212,8,0,wheelchair,6,Compensated,Healthy,0.6178015470504761,0.6178015470504761,0.3821985125541687,"SpineShoulder(0.807), SpineBase(0.781), WristRight(0.757)",3.2005,Low confidence (borderline prediction); High attention entropy (model uncertain which joints are informative); Flat temporal attention (no dominant movement phase); Subtle compensatory pattern (compensation resembles healthy motion)
213_18_5_6_2_stand.txt,213,5,1,stand,6,Compensated,Healthy,0.802187979221344,0.802187979221344,0.1978120654821396,"SpineShoulder(0.807), SpineBase(0.787), WristRight(0.757)",3.2044,High attention entropy (model uncertain which joints are informative); Flat temporal attention (no dominant movement phase); Subtle compensatory pattern (compensation resembles healthy motion)
213_18_8_3_2_stand.txt,213,8,1,stand,3,Compensated,Healthy,0.5151573419570923,0.5151573419570923,0.4848426580429077,"SpineShoulder(0.809), SpineBase(0.798), WristLeft(0.755)",3.2033,Low confidence (borderline prediction); Near-equal class probabilities (ambiguous motion); High attention entropy (model uncertain which joints are informative); Flat temporal attention (no dominant movement phase); Subtle compensatory pattern (compensation resembles healthy motion)
213_18_8_4_2_stand.txt,213,8,1,stand,4,Compensated,Healthy,0.6170774698257446,0.6170774698257446,0.38292255997657776,"SpineShoulder(0.809), SpineBase(0.795), WristLeft(0.756)",3.2031,Low confidence (borderline prediction); High attention entropy (model uncertain which joints are informative); Flat temporal attention (no dominant movement phase); Subtle compensatory pattern (compensation resembles healthy motion)
213_18_8_5_2_stand.txt,213,8,1,stand,5,Compensated,Healthy,0.6570205092430115,0.6570205092430115,0.34297943115234375,"SpineShoulder(0.809), SpineBase(0.796), WristRight(0.757)",3.203,High attention entropy (model uncertain which joints are informative); Flat temporal attention (no dominant movement phase); Subtle compensatory pattern (compensation resembles healthy motion)
213_18_8_6_2_stand.txt,213,8,1,stand,6,Compensated,Healthy,0.6860483288764954,0.6860483288764954,0.31395167112350464,"SpineShoulder(0.810), SpineBase(0.797), WristRight(0.758)",3.203,High attention entropy (model uncertain which joints are informative); Flat temporal attention (no dominant movement phase); Subtle compensatory pattern (compensation resembles healthy motion)
214_18_2_6_2_Stand-frame.txt,214,2,4,Stand-frame,6,Compensated,Healthy,0.8485735654830933,0.8485735654830933,0.15142646431922913,"SpineShoulder(0.804), SpineBase(0.774), WristRight(0.753)",3.2052,High attention entropy (model uncertain which joints are informative); Flat temporal attention (no dominant movement phase); Subtle compensatory pattern (compensation resembles healthy motion)
214_18_8_7_2_Stand-frame.txt,214,8,4,Stand-frame,7,Compensated,Healthy,0.6228827834129333,0.6228827834129333,0.37711724638938904,"SpineShoulder(0.806), SpineBase(0.780), WristLeft(0.757)",3.2037,Low confidence (borderline prediction); High attention entropy (model uncertain which joints are informative); Flat temporal attention (no dominant movement phase); Subtle compensatory pattern (compensation resembles healthy motion)
215_18_1_1_2_stand.txt,215,1,5,stand,1,Compensated,Healthy,0.7557516098022461,0.7557516098022461,0.2442483901977539,"SpineShoulder(0.804), SpineBase(0.773), WristRight(0.760)",3.2056,High attention entropy (model uncertain which joints are informative); Flat temporal attention (no dominant movement phase); Subtle compensatory pattern (compensation resembles healthy motion)
215_18_1_2_2_stand.txt,215,1,5,stand,2,Compensated,Healthy,0.8049110174179077,0.8049110174179077,0.19508901238441467,"SpineShoulder(0.804), SpineBase(0.773), WristRight(0.761)",3.2057,High attention entropy (model uncertain which joints are informative); Flat temporal attention (no dominant movement phase); Subtle compensatory pattern (compensation resembles healthy motion)
215_18_1_4_2_stand.txt,215,1,5,stand,4,Compensated,Healthy,0.6031244993209839,0.6031244993209839,0.39687544107437134,"SpineShoulder(0.804), SpineBase(0.772), WristRight(0.759)",3.2058,Low confidence (borderline prediction); High attention entropy (model uncertain which joints are informative); Flat temporal attention (no dominant movement phase); Subtle compensatory pattern (compensation resembles healthy motion)
215_18_2_10_2_stand.txt,215,2,5,stand,10,Compensated,Healthy,0.8507288098335266,0.8507288098335266,0.14927124977111816,"SpineShoulder(0.804), SpineBase(0.775), WristLeft(0.755)",3.2056,High attention entropy (model uncertain which joints are informative); Flat temporal attention (no dominant movement phase); Subtle compensatory pattern (compensation resembles healthy motion)
215_18_2_9_2_stand.txt,215,2,5,stand,9,Compensated,Healthy,0.5981915593147278,0.5981915593147278,0.4018084704875946,"SpineShoulder(0.803), SpineBase(0.768), WristLeft(0.753)",3.2064,Low confidence (borderline prediction); High attention entropy (model uncertain which joints are informative); Flat temporal attention (no dominant movement phase); Subtle compensatory pattern (compensation resembles healthy motion)
215_18_3_6_2_stand.txt,215,3,5,stand,6,Compensated,Healthy,0.9627000093460083,0.9627000093460083,0.03729992359876633,"SpineShoulder(0.803), SpineBase(0.778), WristRight(0.755)",3.2054,High attention entropy (model uncertain which joints are informative); Flat temporal attention (no dominant movement phase); Subtle compensatory pattern (compensation resembles healthy motion)
215_18_3_7_2_stand.txt,215,3,5,stand,7,Compensated,Healthy,0.8955574631690979,0.8955574631690979,0.10444248467683792,"SpineShoulder(0.802), SpineBase(0.768), WristRight(0.755)",3.2065,High attention entropy (model uncertain which joints are informative); Flat temporal attention (no dominant movement phase); Subtle compensatory pattern (compensation resembles healthy motion)
215_18_4_1_2_stand.txt,215,4,5,stand,1,Compensated,Healthy,0.5463417768478394,0.5463417768478394,0.45365819334983826,"SpineShoulder(0.802), SpineBase(0.764), WristRight(0.753)",3.2067,Low confidence (borderline prediction); Near-equal class probabilities (ambiguous motion); High attention entropy (model uncertain which joints are informative); Flat temporal attention (no dominant movement phase); Subtle compensatory pattern (compensation resembles healthy motion)
215_18_4_3_2_stand.txt,215,4,5,stand,3,Compensated,Healthy,0.5611492395401001,0.5611492395401001,0.4388507008552551,"SpineShoulder(0.802), SpineBase(0.765), WristRight(0.753)",3.2066,Low confidence (borderline prediction); Near-equal class probabilities (ambiguous motion); High attention entropy (model uncertain which joints are informative); Flat temporal attention (no dominant movement phase); Subtle compensatory pattern (compensation resembles healthy motion)
215_18_4_4_2_stand.txt,215,4,5,stand,4,Compensated,Healthy,0.6533562541007996,0.6533562541007996,0.3466437757015228,"SpineShoulder(0.802), SpineBase(0.764), WristRight(0.753)",3.2068,High attention entropy (model uncertain which joints are informative); Flat temporal attention (no dominant movement phase); Subtle compensatory pattern (compensation resembles healthy motion)
215_18_6_9_2_stand.txt,215,6,5,stand,9,Compensated,Healthy,0.9251238107681274,0.9251238107681274,0.07487618178129196,"SpineShoulder(0.802), SpineBase(0.781), WristLeft(0.754)",3.2057,High attention entropy (model uncertain which joints are informative); Flat temporal attention (no dominant movement phase); Subtle compensatory pattern (compensation resembles healthy motion)
217_18_7_7_2_wheelchair.txt,217,7,3,wheelchair,7,Compensated,Healthy,0.6620575189590454,0.6620575189590454,0.3379424214363098,"SpineShoulder(0.808), SpineBase(0.791), WristLeft(0.756)",3.2013,High attention entropy (model uncertain which joints are informative); Flat temporal attention (no dominant movement phase); Subtle compensatory pattern (compensation resembles healthy motion)
302_18_4_13_2_chair.txt,302,4,5,chair,13,Compensated,Healthy,0.5460013151168823,0.5460013151168823,0.4539986848831177,"SpineShoulder(0.802), SpineBase(0.762), WristRight(0.752)",3.2065,Low confidence (borderline prediction); Near-equal class probabilities (ambiguous motion); High attention entropy (model uncertain which joints are informative); Flat temporal attention (no dominant movement phase); Subtle compensatory pattern (compensation resembles healthy motion)
