file_path,subject_id,exercise_type,true_label,pred_label,prob_healthy,prob_compensated,confidence,top3_joints
SkeletonData\SkeletonData\RawData\101_18_0_1_1_stand.txt,101,4,0,0,0.8464028239250183,0.1535971462726593,0.8464028239250183,"['SpineShoulder', 'SpineBase', 'WristLeft']"
SkeletonData\SkeletonData\RawData\101_18_0_2_1_stand.txt,101,4,0,0,0.9377275705337524,0.06227242574095726,0.9377275705337524,"['SpineShoulder', 'SpineBase', 'WristLeft']"
SkeletonData\SkeletonData\RawData\101_18_0_2_2_stand.txt,101,stand,1,1,0.14714066684246063,0.8528593182563782,0.8528593182563782,"['SpineShoulder', 'WristLeft', 'SpineBase']"
SkeletonData\SkeletonData\RawData\101_18_0_3_1_stand.txt,101,4,0,0,0.9836037158966064,0.016396325081586838,0.9836037158966064,"['SpineShoulder', 'SpineBase', 'WristLeft']"
SkeletonData\SkeletonData\RawData\101_18_0_4_1_stand.txt,101,4,0,0,0.9788593053817749,0.02114069275557995,0.9788593053817749,"['SpineShoulder', 'SpineBase', 'WristLeft']"
SkeletonData\SkeletonData\RawData\101_18_0_5_1_stand.txt,101,4,0,0,0.972595751285553,0.02740432322025299,0.972595751285553,"['SpineShoulder', 'SpineBase', 'WristLeft']"
SkeletonData\SkeletonData\RawData\101_18_0_6_1_chair.txt,101,4,0,1,0.46913912892341614,0.5308609008789062,0.5308609008789062,"['SpineShoulder', 'SpineBase', 'WristRight']"
SkeletonData\SkeletonData\RawData\101_18_0_7_1_chair.txt,101,4,0,0,0.6777337789535522,0.322266161441803,0.6777337789535522,"['SpineShoulder', 'SpineBase', 'WristRight']"
SkeletonData\SkeletonData\RawData\101_18_0_8_1_chair.txt,101,4,0,0,0.8433031439781189,0.1566968709230423,0.8433031439781189,"['SpineShoulder', 'SpineBase', 'WristRight']"
SkeletonData\SkeletonData\RawData\101_18_0_9_1_stand.txt,101,4,0,0,0.825977623462677,0.174022376537323,0.825977623462677,"['SpineShoulder', 'SpineBase', 'WristLeft']"
SkeletonData\SkeletonData\RawData\101_18_1_10_1_chair.txt,101,4,0,0,0.8585100173950195,0.14148995280265808,0.8585100173950195,"['SpineShoulder', 'SpineBase', 'WristRight']"
SkeletonData\SkeletonData\RawData\101_18_1_11_1_chair.txt,101,4,0,0,0.8560971021652222,0.14390292763710022,0.8560971021652222,"['SpineShoulder', 'SpineBase', 'WristRight']"
SkeletonData\SkeletonData\RawData\101_18_1_12_1_chair.txt,101,4,0,0,0.8676102757453918,0.13238976895809174,0.8676102757453918,"['SpineShoulder', 'SpineBase', 'WristRight']"
SkeletonData\SkeletonData\RawData\101_18_1_13_1_chair.txt,101,4,0,0,0.8509374856948853,0.14906252920627594,0.8509374856948853,"['SpineShoulder', 'SpineBase', 'WristRight']"
SkeletonData\SkeletonData\RawData\101_18_1_1_1_stand.txt,101,4,0,0,0.9016266465187073,0.09837338328361511,0.9016266465187073,"['SpineShoulder', 'SpineBase', 'WristRight']"
SkeletonData\SkeletonData\RawData\101_18_1_2_1_stand.txt,101,4,0,0,0.9872211813926697,0.012778831645846367,0.9872211813926697,"['SpineShoulder', 'SpineBase', 'WristRight']"
SkeletonData\SkeletonData\RawData\101_18_1_3_1_stand.txt,101,4,0,0,0.931747317314148,0.06825265288352966,0.931747317314148,"['SpineShoulder', 'SpineBase', 'WristRight']"
SkeletonData\SkeletonData\RawData\101_18_1_4_1_stand.txt,101,4,0,0,0.9363375902175903,0.06366238743066788,0.9363375902175903,"['SpineShoulder', 'SpineBase', 'WristRight']"
SkeletonData\SkeletonData\RawData\101_18_1_5_1_stand.txt,101,4,0,0,0.9299935698509216,0.07000638544559479,0.9299935698509216,"['SpineShoulder', 'SpineBase', 'WristRight']"
SkeletonData\SkeletonData\RawData\101_18_1_6_1_stand.txt,101,4,0,0,0.9295620918273926,0.07043793797492981,0.9295620918273926,"['SpineShoulder', 'SpineBase', 'WristRight']"
SkeletonData\SkeletonData\RawData\101_18_1_7_1_stand.txt,101,4,0,0,0.9275311827659607,0.0724688321352005,0.9275311827659607,"['SpineShoulder', 'SpineBase', 'WristRight']"
SkeletonData\SkeletonData\RawData\101_18_1_8_1_chair.txt,101,4,0,0,0.8511600494384766,0.14883995056152344,0.8511600494384766,"['SpineShoulder', 'SpineBase', 'WristRight']"
SkeletonData\SkeletonData\RawData\101_18_1_9_1_chair.txt,101,4,0,0,0.8391817808151245,0.1608182191848755,0.8391817808151245,"['SpineShoulder', 'SpineBase', 'WristRight']"
SkeletonData\SkeletonData\RawData\101_18_2_10_1_chair.txt,101,4,0,0,0.9676916003227234,0.03230839967727661,0.9676916003227234,"['SpineShoulder', 'SpineBase', 'WristRight']"
SkeletonData\SkeletonData\RawData\101_18_2_11_1_chair.txt,101,4,0,0,0.9692028760910034,0.030797090381383896,0.9692028760910034,"['SpineShoulder', 'SpineBase', 'WristRight']"
SkeletonData\SkeletonData\RawData\101_18_2_12_1_chair.txt,101,4,0,0,0.9653769135475159,0.034623026847839355,0.9653769135475159,"['SpineShoulder', 'SpineBase', 'WristRight']"
SkeletonData\SkeletonData\RawData\101_18_2_1_1_stand.txt,101,4,0,0,0.9730604290962219,0.02693953365087509,0.9730604290962219,"['SpineShoulder', 'SpineBase', 'WristRight']"
SkeletonData\SkeletonData\RawData\101_18_2_2_1_stand.txt,101,4,0,0,0.975074052810669,0.024925949051976204,0.975074052810669,"['SpineShoulder', 'SpineBase', 'WristRight']"
SkeletonData\SkeletonData\RawData\101_18_2_3_1_stand.txt,101,4,0,0,0.9774772524833679,0.02252272702753544,0.9774772524833679,"['SpineShoulder', 'SpineBase', 'WristLeft']"
SkeletonData\SkeletonData\RawData\101_18_2_4_1_stand.txt,101,4,0,0,0.9716612100601196,0.0283387191593647,0.9716612100601196,"['SpineShoulder', 'SpineBase', 'WristLeft']"
SkeletonData\SkeletonData\RawData\101_18_2_5_1_stand.txt,101,4,0,0,0.9733397364616394,0.02666022628545761,0.9733397364616394,"['SpineShoulder', 'SpineBase', 'WristLeft']"
SkeletonData\SkeletonData\RawData\101_18_2_6_1_stand.txt,101,4,0,0,0.9728086590766907,0.02719135396182537,0.9728086590766907,"['SpineShoulder', 'SpineBase', 'WristRight']"
SkeletonData\SkeletonData\RawData\101_18_2_7_1_chair.txt,101,4,0,0,0.9715386629104614,0.028461270034313202,0.9715386629104614,"['SpineShoulder', 'SpineBase', 'WristRight']"
SkeletonData\SkeletonData\RawData\101_18_2_8_1_chair.txt,101,4,0,0,0.9742314219474792,0.02576853521168232,0.9742314219474792,"['SpineShoulder', 'SpineBase', 'WristRight']"
SkeletonData\SkeletonData\RawData\101_18_2_9_1_chair.txt,101,4,0,0,0.9723233580589294,0.027676640078425407,0.9723233580589294,"['SpineShoulder', 'SpineBase', 'WristRight']"
SkeletonData\SkeletonData\RawData\101_18_3_10_1_chair.txt,101,4,0,0,0.987133800983429,0.012866218574345112,0.987133800983429,"['SpineShoulder', 'SpineBase', 'WristLeft']"
SkeletonData\SkeletonData\RawData\101_18_3_11_1_chair.txt,101,4,0,0,0.9860401153564453,0.013959883712232113,0.9860401153564453,"['SpineShoulder', 'SpineBase', 'WristLeft']"
SkeletonData\SkeletonData\RawData\101_18_3_12_1_chair.txt,101,4,0,0,0.9871401190757751,0.012859879061579704,0.9871401190757751,"['SpineShoulder', 'SpineBase', 'WristLeft']"
SkeletonData\SkeletonData\RawData\101_18_3_1_1_stand.txt,101,4,0,0,0.9866607189178467,0.013339272700250149,0.9866607189178467,"['SpineShoulder', 'SpineBase', 'WristRight']"
SkeletonData\SkeletonData\RawData\101_18_3_2_1_stand.txt,101,4,0,0,0.9876621961593628,0.012337760999798775,0.9876621961593628,"['SpineShoulder', 'SpineBase', 'WristRight']"
SkeletonData\SkeletonData\RawData\101_18_3_3_1_stand.txt,101,4,0,0,0.9878098964691162,0.012190118432044983,0.9878098964691162,"['SpineShoulder', 'SpineBase', 'WristRight']"
SkeletonData\SkeletonData\RawData\101_18_3_4_1_stand.txt,101,4,0,0,0.986639678478241,0.013360314071178436,0.986639678478241,"['SpineShoulder', 'SpineBase', 'WristRight']"
SkeletonData\SkeletonData\RawData\101_18_3_5_1_stand.txt,101,4,0,0,0.9859778881072998,0.014022186398506165,0.9859778881072998,"['SpineShoulder', 'SpineBase', 'WristRight']"
SkeletonData\SkeletonData\RawData\101_18_3_6_1_stand.txt,101,4,0,0,0.9840874075889587,0.015912611037492752,0.9840874075889587,"['SpineShoulder', 'SpineBase', 'WristRight']"
SkeletonData\SkeletonData\RawData\101_18_3_7_1_chair.txt,101,4,0,0,0.9866762757301331,0.013323725201189518,0.9866762757301331,"['SpineShoulder', 'SpineBase', 'WristLeft']"
SkeletonData\SkeletonData\RawData\101_18_3_8_1_chair.txt,101,4,0,0,0.9875539541244507,0.0124460244551301,0.9875539541244507,"['SpineShoulder', 'SpineBase', 'WristLeft']"
SkeletonData\SkeletonData\RawData\101_18_3_9_1_chair.txt,101,4,0,0,0.9872878789901733,0.01271206233650446,0.9872878789901733,"['SpineShoulder', 'SpineBase', 'WristLeft']"
SkeletonData\SkeletonData\RawData\101_18_4_10_1_chair.txt,101,4,0,0,0.9437357187271118,0.05626426637172699,0.9437357187271118,"['SpineShoulder', 'SpineBase', 'WristRight']"
SkeletonData\SkeletonData\RawData\101_18_4_11_2_stand.txt,101,4,1,1,0.4578765630722046,0.5421233773231506,0.5421233773231506,"['SpineShoulder', 'SpineBase', 'WristRight']"
SkeletonData\SkeletonData\RawData\101_18_4_12_1_chair.txt,101,4,0,1,0.3327338695526123,0.6672661304473877,0.6672661304473877,"['SpineShoulder', 'SpineBase', 'WristRight']"
SkeletonData\SkeletonData\RawData\101_18_4_1_1_stand.txt,101,4,0,0,0.9320647716522217,0.0679352879524231,0.9320647716522217,"['SpineShoulder', 'SpineBase', 'WristRight']"
SkeletonData\SkeletonData\RawData\101_18_4_2_1_stand.txt,101,4,0,0,0.9320343136787415,0.06796564906835556,0.9320343136787415,"['SpineShoulder', 'SpineBase', 'WristRight']"
SkeletonData\SkeletonData\RawData\101_18_4_3_1_stand.txt,101,4,0,0,0.9194929003715515,0.08050715178251266,0.9194929003715515,"['SpineShoulder', 'SpineBase', 'WristRight']"
SkeletonData\SkeletonData\RawData\101_18_4_4_1_stand.txt,101,4,0,0,0.9332214593887329,0.0667785108089447,0.9332214593887329,"['SpineShoulder', 'SpineBase', 'WristRight']"
SkeletonData\SkeletonData\RawData\101_18_4_5_1_stand.txt,101,4,0,0,0.9325829744338989,0.06741698086261749,0.9325829744338989,"['SpineShoulder', 'SpineBase', 'WristRight']"
SkeletonData\SkeletonData\RawData\101_18_4_6_1_chair.txt,101,4,0,0,0.9123976826667786,0.08760236948728561,0.9123976826667786,"['SpineShoulder', 'SpineBase', 'WristRight']"
SkeletonData\SkeletonData\RawData\101_18_4_7_1_chair.txt,101,4,0,0,0.9239823818206787,0.0760175958275795,0.9239823818206787,"['SpineShoulder', 'SpineBase', 'WristRight']"
SkeletonData\SkeletonData\RawData\101_18_4_8_1_chair.txt,101,4,0,0,0.9447615742683411,0.05523845553398132,0.9447615742683411,"['SpineShoulder', 'SpineBase', 'WristRight']"
SkeletonData\SkeletonData\RawData\101_18_4_9_1_chair.txt,101,4,0,0,0.9193490743637085,0.0806509479880333,0.9193490743637085,"['SpineShoulder', 'SpineBase', 'WristRight']"
SkeletonData\SkeletonData\RawData\101_18_5_10_1_chair.txt,101,4,0,0,0.9833359718322754,0.016664007678627968,0.9833359718322754,"['SpineShoulder', 'SpineBase', 'WristLeft']"
SkeletonData\SkeletonData\RawData\101_18_5_11_1_chair.txt,101,4,0,0,0.9825980067253113,0.01740202121436596,0.9825980067253113,"['SpineShoulder', 'SpineBase', 'WristLeft']"
SkeletonData\SkeletonData\RawData\101_18_5_12_1_chair.txt,101,4,0,0,0.9824748635292053,0.017525101080536842,0.9824748635292053,"['SpineShoulder', 'SpineBase', 'WristLeft']"
SkeletonData\SkeletonData\RawData\101_18_5_13_1_chair.txt,101,4,0,0,0.98456871509552,0.01543134730309248,0.98456871509552,"['SpineShoulder', 'SpineBase', 'WristLeft']"
SkeletonData\SkeletonData\RawData\101_18_5_1_1_stand.txt,101,4,0,0,0.9828698039054871,0.017130203545093536,0.9828698039054871,"['SpineShoulder', 'SpineBase', 'WristRight']"
SkeletonData\SkeletonData\RawData\101_18_5_2_1_stand.txt,101,4,0,0,0.9833216667175293,0.01667831465601921,0.9833216667175293,"['SpineShoulder', 'SpineBase', 'WristLeft']"
SkeletonData\SkeletonData\RawData\101_18_5_3_1_stand.txt,101,4,0,0,0.9838414192199707,0.01615852490067482,0.9838414192199707,"['SpineShoulder', 'SpineBase', 'WristLeft']"
SkeletonData\SkeletonData\RawData\101_18_5_4_1_stand.txt,101,4,0,0,0.9837289452552795,0.016270995140075684,0.9837289452552795,"['SpineShoulder', 'SpineBase', 'WristLeft']"
SkeletonData\SkeletonData\RawData\101_18_5_5_1_stand.txt,101,4,0,0,0.9836561679840088,0.016343876719474792,0.9836561679840088,"['SpineShoulder', 'SpineBase', 'WristLeft']"
SkeletonData\SkeletonData\RawData\101_18_5_6_1_stand.txt,101,4,0,0,0.9807184934616089,0.019281504675745964,0.9807184934616089,"['SpineShoulder', 'SpineBase', 'WristLeft']"
SkeletonData\SkeletonData\RawData\101_18_5_7_2_stand.txt,101,4,1,1,0.27053549885749817,0.7294645309448242,0.7294645309448242,"['SpineShoulder', 'SpineBase', 'WristLeft']"
SkeletonData\SkeletonData\RawData\101_18_5_8_1_chair.txt,101,4,0,0,0.9814148545265198,0.018585167825222015,0.9814148545265198,"['SpineShoulder', 'SpineBase', 'WristLeft']"
SkeletonData\SkeletonData\RawData\101_18_5_9_1_chair.txt,101,4,0,0,0.9837069511413574,0.01629302091896534,0.9837069511413574,"['SpineShoulder', 'SpineBase', 'WristLeft']"
SkeletonData\SkeletonData\RawData\101_18_6_10_1_chair.txt,101,4,0,0,0.9889724850654602,0.011027504689991474,0.9889724850654602,"['SpineShoulder', 'SpineBase', 'WristLeft']"
SkeletonData\SkeletonData\RawData\101_18_6_11_1_chair.txt,101,4,0,0,0.9897764921188354,0.010223514400422573,0.9897764921188354,"['SpineShoulder', 'SpineBase', 'WristLeft']"
SkeletonData\SkeletonData\RawData\101_18_6_12_1_chair.txt,101,4,0,0,0.9882878661155701,0.011712179519236088,0.9882878661155701,"['SpineShoulder', 'SpineBase', 'WristLeft']"
SkeletonData\SkeletonData\RawData\101_18_6_1_1_stand.txt,101,4,0,0,0.9485305547714233,0.051469460129737854,0.9485305547714233,"['SpineShoulder', 'SpineBase', 'WristLeft']"
SkeletonData\SkeletonData\RawData\101_18_6_2_1_stand.txt,101,4,0,0,0.9843127131462097,0.015687311068177223,0.9843127131462097,"['SpineShoulder', 'SpineBase', 'WristLeft']"
SkeletonData\SkeletonData\RawData\101_18_6_3_1_stand.txt,101,4,0,0,0.9878107905387878,0.012189211323857307,0.9878107905387878,"['SpineShoulder', 'SpineBase', 'WristLeft']"
SkeletonData\SkeletonData\RawData\101_18_6_4_1_stand.txt,101,4,0,0,0.9750588536262512,0.024941112846136093,0.9750588536262512,"['SpineShoulder', 'SpineBase', 'WristLeft']"
SkeletonData\SkeletonData\RawData\101_18_6_5_1_stand.txt,101,4,0,0,0.9629406929016113,0.03705926239490509,0.9629406929016113,"['SpineShoulder', 'SpineBase', 'WristLeft']"
SkeletonData\SkeletonData\RawData\101_18_6_6_1_stand.txt,101,4,0,0,0.9841582775115967,0.01584172621369362,0.9841582775115967,"['SpineShoulder', 'SpineBase', 'WristLeft']"
SkeletonData\SkeletonData\RawData\101_18_6_7_1_chair.txt,101,4,0,0,0.9903552532196045,0.009644758887588978,0.9903552532196045,"['SpineShoulder', 'SpineBase', 'WristLeft']"
SkeletonData\SkeletonData\RawData\101_18_6_8_1_chair.txt,101,4,0,0,0.9909926652908325,0.009007357060909271,0.9909926652908325,"['SpineShoulder', 'SpineBase', 'WristLeft']"
SkeletonData\SkeletonData\RawData\101_18_6_9_1_chair.txt,101,4,0,0,0.9908483028411865,0.009151747450232506,0.9908483028411865,"['SpineShoulder', 'SpineBase', 'WristLeft']"
SkeletonData\SkeletonData\RawData\101_18_7_10_1_chair.txt,101,4,0,0,0.8565798401832581,0.14342020452022552,0.8565798401832581,"['SpineShoulder', 'SpineBase', 'WristRight']"
SkeletonData\SkeletonData\RawData\101_18_7_11_1_chair.txt,101,4,0,0,0.7476307153701782,0.2523692548274994,0.7476307153701782,"['SpineShoulder', 'SpineBase', 'WristRight']"
SkeletonData\SkeletonData\RawData\101_18_7_12_1_chair.txt,101,4,0,0,0.9038745164871216,0.09612547606229782,0.9038745164871216,"['SpineShoulder', 'SpineBase', 'WristRight']"
SkeletonData\SkeletonData\RawData\101_18_7_1_1_stand.txt,101,4,0,0,0.9722734093666077,0.02772650681436062,0.9722734093666077,"['SpineShoulder', 'SpineBase', 'WristLeft']"
SkeletonData\SkeletonData\RawData\101_18_7_2_1_stand.txt,101,4,0,0,0.8150385022163391,0.1849614828824997,0.8150385022163391,"['SpineShoulder', 'SpineBase', 'WristLeft']"
SkeletonData\SkeletonData\RawData\101_18_7_3_1_stand.txt,101,4,0,0,0.8567920923233032,0.14320793747901917,0.8567920923233032,"['SpineShoulder', 'SpineBase', 'WristLeft']"
SkeletonData\SkeletonData\RawData\101_18_7_4_1_stand.txt,101,4,0,0,0.8174182772636414,0.18258176743984222,0.8174182772636414,"['SpineShoulder', 'SpineBase', 'WristLeft']"
SkeletonData\SkeletonData\RawData\101_18_7_5_1_stand.txt,101,4,0,0,0.824068009853363,0.17593194544315338,0.824068009853363,"['SpineShoulder', 'SpineBase', 'WristLeft']"
SkeletonData\SkeletonData\RawData\101_18_7_6_1_stand.txt,101,4,0,0,0.8274410963058472,0.17255890369415283,0.8274410963058472,"['SpineShoulder', 'SpineBase', 'WristLeft']"
SkeletonData\SkeletonData\RawData\101_18_7_7_1_chair.txt,101,4,0,0,0.7378019690513611,0.26219794154167175,0.7378019690513611,"['SpineShoulder', 'SpineBase', 'WristRight']"
SkeletonData\SkeletonData\RawData\101_18_7_8_1_chair.txt,101,4,0,0,0.7369141578674316,0.26308587193489075,0.7369141578674316,"['SpineShoulder', 'SpineBase', 'WristRight']"
SkeletonData\SkeletonData\RawData\101_18_7_9_1_chair.txt,101,4,0,0,0.9558513760566711,0.04414868354797363,0.9558513760566711,"['SpineShoulder', 'SpineBase', 'WristRight']"
SkeletonData\SkeletonData\RawData\101_18_8_10_1_chair.txt,101,4,0,0,0.7032872438430786,0.296712726354599,0.7032872438430786,"['SpineShoulder', 'SpineBase', 'WristRight']"
SkeletonData\SkeletonData\RawData\101_18_8_11_1_chair.txt,101,4,0,0,0.7036391496658325,0.2963608503341675,0.7036391496658325,"['SpineShoulder', 'SpineBase', 'WristLeft']"
SkeletonData\SkeletonData\RawData\101_18_8_12_1_chair.txt,101,4,0,0,0.6825326085090637,0.3174673616886139,0.6825326085090637,"['SpineShoulder', 'SpineBase', 'WristRight']"
SkeletonData\SkeletonData\RawData\101_18_8_1_1_stand.txt,101,4,0,0,0.9770415425300598,0.0229584239423275,0.9770415425300598,"['SpineShoulder', 'SpineBase', 'WristLeft']"
SkeletonData\SkeletonData\RawData\101_18_8_2_1_stand.txt,101,4,0,0,0.8213686347007751,0.17863139510154724,0.8213686347007751,"['SpineShoulder', 'SpineBase', 'WristRight']"
SkeletonData\SkeletonData\RawData\101_18_8_3_1_stand.txt,101,4,0,0,0.9664502143859863,0.03354974836111069,0.9664502143859863,"['SpineShoulder', 'SpineBase', 'WristLeft']"
SkeletonData\SkeletonData\RawData\101_18_8_4_1_stand.txt,101,4,0,0,0.8056327104568481,0.19436725974082947,0.8056327104568481,"['SpineShoulder', 'SpineBase', 'WristLeft']"
SkeletonData\SkeletonData\RawData\101_18_8_5_1_stand.txt,101,4,0,0,0.7501095533370972,0.24989041686058044,0.7501095533370972,"['SpineShoulder', 'SpineBase', 'WristLeft']"
SkeletonData\SkeletonData\RawData\101_18_8_6_1_stand.txt,101,4,0,0,0.7608140707015991,0.2391858994960785,0.7608140707015991,"['SpineShoulder', 'SpineBase', 'WristLeft']"
SkeletonData\SkeletonData\RawData\101_18_8_7_1_chair.txt,101,4,0,0,0.6426379680633545,0.3573620319366455,0.6426379680633545,"['SpineShoulder', 'SpineBase', 'WristLeft']"
SkeletonData\SkeletonData\RawData\101_18_8_8_1_chair.txt,101,4,0,0,0.6502004861831665,0.3497994840145111,0.6502004861831665,"['SpineShoulder', 'SpineBase', 'WristLeft']"
SkeletonData\SkeletonData\RawData\101_18_8_9_1_chair.txt,101,4,0,0,0.7287363409996033,0.27126359939575195,0.7287363409996033,"['SpineShoulder', 'SpineBase', 'WristLeft']"
SkeletonData\SkeletonData\RawData\102_18_0_10_1_chair.txt,102,0,0,0,0.7709822654724121,0.22901766002178192,0.7709822654724121,"['SpineShoulder', 'SpineBase', 'WristLeft']"
SkeletonData\SkeletonData\RawData\102_18_0_11_1_chair.txt,102,0,0,0,0.969617486000061,0.030382508412003517,0.969617486000061,"['SpineShoulder', 'SpineBase', 'WristLeft']"
SkeletonData\SkeletonData\RawData\102_18_0_12_1_chair.txt,102,0,0,0,0.9643967151641846,0.03560333326458931,0.9643967151641846,"['SpineShoulder', 'SpineBase', 'WristLeft']"
SkeletonData\SkeletonData\RawData\102_18_0_1_1_stand.txt,102,3,0,0,0.7931756973266602,0.20682428777217865,0.7931756973266602,"['SpineShoulder', 'SpineBase', 'WristLeft']"
SkeletonData\SkeletonData\RawData\102_18_0_2_1_stand.txt,102,3,0,0,0.7582443952560425,0.2417556345462799,0.7582443952560425,"['SpineShoulder', 'SpineBase', 'WristLeft']"
SkeletonData\SkeletonData\RawData\102_18_0_2_2_stand.txt,102,stand,1,1,0.15337669849395752,0.8466233015060425,0.8466233015060425,"['SpineShoulder', 'WristLeft', 'SpineBase']"
SkeletonData\SkeletonData\RawData\102_18_0_3_1_stand.txt,102,3,0,0,0.9837949275970459,0.0162050761282444,0.9837949275970459,"['SpineShoulder', 'SpineBase', 'WristLeft']"
SkeletonData\SkeletonData\RawData\102_18_0_4_1_stand.txt,102,3,0,0,0.9752416014671326,0.024758361279964447,0.9752416014671326,"['SpineShoulder', 'SpineBase', 'WristLeft']"
SkeletonData\SkeletonData\RawData\102_18_0_5_1_stand.txt,102,3,0,0,0.8789845108985901,0.12101546674966812,0.8789845108985901,"['SpineShoulder', 'SpineBase', 'WristLeft']"
SkeletonData\SkeletonData\RawData\102_18_0_6_1_stand.txt,102,3,0,0,0.9691938161849976,0.030806200578808784,0.9691938161849976,"['SpineShoulder', 'SpineBase', 'WristLeft']"
SkeletonData\SkeletonData\RawData\102_18_0_7_1_stand.txt,102,3,0,0,0.9819600582122803,0.0180398877710104,0.9819600582122803,"['SpineShoulder', 'SpineBase', 'WristLeft']"
SkeletonData\SkeletonData\RawData\102_18_0_8_1_chair.txt,102,0,0,0,0.9584728479385376,0.041527170687913895,0.9584728479385376,"['SpineShoulder', 'SpineBase', 'WristLeft']"
SkeletonData\SkeletonData\RawData\102_18_0_9_1_chair.txt,102,0,0,0,0.9587671756744385,0.04123277962207794,0.9587671756744385,"['SpineShoulder', 'SpineBase', 'WristLeft']"
SkeletonData\SkeletonData\RawData\102_18_1_10_1_chair.txt,102,0,0,0,0.8703959584236145,0.1296040415763855,0.8703959584236145,"['SpineShoulder', 'SpineBase', 'WristRight']"
SkeletonData\SkeletonData\RawData\102_18_1_11_1_chair.txt,102,0,0,0,0.7061870098114014,0.2938130497932434,0.7061870098114014,"['SpineShoulder', 'SpineBase', 'WristRight']"
SkeletonData\SkeletonData\RawData\102_18_1_12_1_stand.txt,102,3,0,0,0.9555468559265137,0.04445313662290573,0.9555468559265137,"['SpineShoulder', 'SpineBase', 'WristRight']"
SkeletonData\SkeletonData\RawData\102_18_1_1_1_stand.txt,102,3,0,0,0.9876964688301086,0.012303467839956284,0.9876964688301086,"['SpineShoulder', 'SpineBase', 'WristRight']"
SkeletonData\SkeletonData\RawData\102_18_1_2_1_stand.txt,102,3,0,0,0.9912815093994141,0.008718469180166721,0.9912815093994141,"['SpineShoulder', 'SpineBase', 'WristRight']"
SkeletonData\SkeletonData\RawData\102_18_1_3_1_stand.txt,102,3,0,0,0.9913966059684753,0.008603427559137344,0.9913966059684753,"['SpineShoulder', 'SpineBase', 'WristRight']"
SkeletonData\SkeletonData\RawData\102_18_1_4_1_stand.txt,102,3,0,0,0.9750831127166748,0.02491685189306736,0.9750831127166748,"['SpineShoulder', 'SpineBase', 'WristRight']"
SkeletonData\SkeletonData\RawData\102_18_1_5_1_stand.txt,102,3,0,0,0.9470744729042053,0.052925530821084976,0.9470744729042053,"['SpineShoulder', 'SpineBase', 'WristRight']"
SkeletonData\SkeletonData\RawData\102_18_1_6_1_chair.txt,102,0,0,0,0.9527252912521362,0.04727470874786377,0.9527252912521362,"['SpineShoulder', 'SpineBase', 'WristRight']"
SkeletonData\SkeletonData\RawData\102_18_1_7_1_chair.txt,102,0,0,0,0.9735244512557983,0.02647555060684681,0.9735244512557983,"['SpineShoulder', 'SpineBase', 'WristRight']"
SkeletonData\SkeletonData\RawData\102_18_1_8_1_chair.txt,102,0,0,0,0.9668025374412537,0.03319747373461723,0.9668025374412537,"['SpineShoulder', 'SpineBase', 'WristLeft']"
SkeletonData\SkeletonData\RawData\102_18_1_9_1_chair.txt,102,0,0,0,0.9764938950538635,0.023506077006459236,0.9764938950538635,"['SpineShoulder', 'SpineBase', 'WristLeft']"
SkeletonData\SkeletonData\RawData\102_18_2_10_1_chair.txt,102,0,0,0,0.9899014234542847,0.010098563507199287,0.9899014234542847,"['SpineShoulder', 'SpineBase', 'WristRight']"
SkeletonData\SkeletonData\RawData\102_18_2_11_1_chair.txt,102,0,0,0,0.9901490211486816,0.009850944392383099,0.9901490211486816,"['SpineShoulder', 'SpineBase', 'WristRight']"
SkeletonData\SkeletonData\RawData\102_18_2_12_1_chair.txt,102,0,0,0,0.9846867918968201,0.015313168987631798,0.9846867918968201,"['SpineShoulder', 'SpineBase', 'WristRight']"
SkeletonData\SkeletonData\RawData\102_18_2_13_1_chair.txt,102,0,0,0,0.9655382633209229,0.03446171060204506,0.9655382633209229,"['SpineShoulder', 'SpineBase', 'WristRight']"
SkeletonData\SkeletonData\RawData\102_18_2_1_1_stand.txt,102,3,0,0,0.5577854514122009,0.4422145485877991,0.5577854514122009,"['SpineShoulder', 'SpineBase', 'WristLeft']"
SkeletonData\SkeletonData\RawData\102_18_2_2_1_stand.txt,102,3,0,0,0.9874005913734436,0.012599403038620949,0.9874005913734436,"['SpineShoulder', 'SpineBase', 'WristLeft']"
SkeletonData\SkeletonData\RawData\102_18_2_3_1_stand.txt,102,3,0,0,0.9740695357322693,0.025930430740118027,0.9740695357322693,"['SpineShoulder', 'SpineBase', 'WristLeft']"
SkeletonData\SkeletonData\RawData\102_18_2_4_1_stand.txt,102,3,0,0,0.9694981575012207,0.030501870438456535,0.9694981575012207,"['SpineShoulder', 'SpineBase', 'WristLeft']"
SkeletonData\SkeletonData\RawData\102_18_2_5_1_stand.txt,102,3,0,0,0.9821640253067017,0.01783602125942707,0.9821640253067017,"['SpineShoulder', 'SpineBase', 'WristLeft']"
SkeletonData\SkeletonData\RawData\102_18_2_6_1_stand.txt,102,3,0,0,0.9729524254798889,0.027047565206885338,0.9729524254798889,"['SpineShoulder', 'SpineBase', 'WristLeft']"
SkeletonData\SkeletonData\RawData\102_18_2_7_1_stand.txt,102,3,0,0,0.9753063321113586,0.02469368651509285,0.9753063321113586,"['SpineShoulder', 'SpineBase', 'WristLeft']"
SkeletonData\SkeletonData\RawData\102_18_2_8_1_chair.txt,102,0,0,0,0.9874861836433411,0.012513871304690838,0.9874861836433411,"['SpineShoulder', 'SpineBase', 'WristRight']"
SkeletonData\SkeletonData\RawData\102_18_2_9_1_chair.txt,102,0,0,0,0.9885667562484741,0.011433230713009834,0.9885667562484741,"['SpineShoulder', 'SpineBase', 'WristRight']"
SkeletonData\SkeletonData\RawData\102_18_3_10_1_chair.txt,102,0,0,0,0.978958249092102,0.021041762083768845,0.978958249092102,"['SpineShoulder', 'SpineBase', 'WristRight']"
SkeletonData\SkeletonData\RawData\102_18_3_11_1_chair.txt,102,0,0,0,0.9876196384429932,0.012380355969071388,0.9876196384429932,"['SpineShoulder', 'SpineBase', 'WristRight']"
SkeletonData\SkeletonData\RawData\102_18_3_12_1_chair.txt,102,0,0,0,0.9867066740989685,0.01329333707690239,0.9867066740989685,"['SpineShoulder', 'SpineBase', 'WristRight']"
SkeletonData\SkeletonData\RawData\102_18_3_1_1_stand.txt,102,3,0,0,0.989071249961853,0.010928758420050144,0.989071249961853,"['SpineShoulder', 'SpineBase', 'WristLeft']"
SkeletonData\SkeletonData\RawData\102_18_3_2_1_stand.txt,102,3,0,0,0.9878486394882202,0.012151387520134449,0.9878486394882202,"['SpineShoulder', 'SpineBase', 'WristRight']"
SkeletonData\SkeletonData\RawData\102_18_3_3_1_stand.txt,102,3,0,0,0.986589789390564,0.013410231098532677,0.986589789390564,"['SpineShoulder', 'SpineBase', 'WristRight']"
SkeletonData\SkeletonData\RawData\102_18_3_4_1_stand.txt,102,3,0,0,0.9868749976158142,0.013125007040798664,0.9868749976158142,"['SpineShoulder', 'SpineBase', 'WristRight']"
SkeletonData\SkeletonData\RawData\102_18_3_5_1_stand.txt,102,3,0,0,0.98415607213974,0.015843940898776054,0.98415607213974,"['SpineShoulder', 'SpineBase', 'WristRight']"
SkeletonData\SkeletonData\RawData\102_18_3_6_1_stand.txt,102,3,0,0,0.9864290952682495,0.013570885173976421,0.9864290952682495,"['SpineShoulder', 'SpineBase', 'WristRight']"
SkeletonData\SkeletonData\RawData\102_18_3_7_1_chair.txt,102,0,0,0,0.9769395589828491,0.023060418665409088,0.9769395589828491,"['SpineShoulder', 'SpineBase', 'WristRight']"
SkeletonData\SkeletonData\RawData\102_18_3_8_1_chair.txt,102,0,0,0,0.9505419731140137,0.049458008259534836,0.9505419731140137,"['SpineShoulder', 'SpineBase', 'WristRight']"
SkeletonData\SkeletonData\RawData\102_18_3_9_1_chair.txt,102,0,0,0,0.9849441647529602,0.01505584642291069,0.9849441647529602,"['SpineShoulder', 'SpineBase', 'WristRight']"
SkeletonData\SkeletonData\RawData\102_18_4_10_1_chair.txt,102,0,0,0,0.9899716377258301,0.010028311051428318,0.9899716377258301,"['SpineShoulder', 'SpineBase', 'WristRight']"
SkeletonData\SkeletonData\RawData\102_18_4_11_1_chair.txt,102,0,0,0,0.9903081059455872,0.00969184935092926,0.9903081059455872,"['SpineShoulder', 'SpineBase', 'WristRight']"
SkeletonData\SkeletonData\RawData\102_18_4_12_1_chair.txt,102,0,0,0,0.990338146686554,0.009661780670285225,0.990338146686554,"['SpineShoulder', 'SpineBase', 'WristRight']"
SkeletonData\SkeletonData\RawData\102_18_4_13_2_stand.txt,102,3,1,1,0.33800846338272095,0.6619914770126343,0.6619914770126343,"['SpineShoulder', 'SpineBase', 'WristLeft']"
SkeletonData\SkeletonData\RawData\102_18_4_1_1_stand.txt,102,3,0,0,0.8893504738807678,0.11064952611923218,0.8893504738807678,"['SpineShoulder', 'SpineBase', 'WristRight']"
SkeletonData\SkeletonData\RawData\102_18_4_2_1_stand.txt,102,3,0,0,0.9348064064979553,0.06519357115030289,0.9348064064979553,"['SpineShoulder', 'SpineBase', 'WristRight']"
SkeletonData\SkeletonData\RawData\102_18_4_3_1_stand.txt,102,3,0,0,0.9450886845588684,0.05491127446293831,0.9450886845588684,"['SpineShoulder', 'SpineBase', 'WristRight']"
SkeletonData\SkeletonData\RawData\102_18_4_4_1_stand.txt,102,3,0,0,0.941794753074646,0.058205317705869675,0.941794753074646,"['SpineShoulder', 'SpineBase', 'WristRight']"
SkeletonData\SkeletonData\RawData\102_18_4_5_1_stand.txt,102,3,0,0,0.9349800944328308,0.06501992046833038,0.9349800944328308,"['SpineShoulder', 'SpineBase', 'WristRight']"
SkeletonData\SkeletonData\RawData\102_18_4_6_1_stand.txt,102,3,0,0,0.9510926008224487,0.04890738055109978,0.9510926008224487,"['SpineShoulder', 'SpineBase', 'WristRight']"
SkeletonData\SkeletonData\RawData\102_18_4_7_1_chair.txt,102,0,0,0,0.97940993309021,0.02059002034366131,0.97940993309021,"['SpineShoulder', 'SpineBase', 'WristRight']"
SkeletonData\SkeletonData\RawData\102_18_4_8_1_chair.txt,102,0,0,0,0.9909024834632874,0.009097489528357983,0.9909024834632874,"['SpineShoulder', 'SpineBase', 'WristRight']"
SkeletonData\SkeletonData\RawData\102_18_4_9_1_chair.txt,102,0,0,0,0.9891525506973267,0.010847450233995914,0.9891525506973267,"['SpineShoulder', 'SpineBase', 'WristRight']"
SkeletonData\SkeletonData\RawData\102_18_5_10_1_chair.txt,102,0,0,0,0.9875230193138123,0.01247703842818737,0.9875230193138123,"['SpineShoulder', 'SpineBase', 'WristLeft']"
SkeletonData\SkeletonData\RawData\102_18_5_11_1_chair.txt,102,0,0,0,0.9872978925704956,0.012702169828116894,0.9872978925704956,"['SpineShoulder', 'SpineBase', 'WristLeft']"
SkeletonData\SkeletonData\RawData\102_18_5_12_1_chair.txt,102,0,0,0,0.9854280352592468,0.014571920037269592,0.9854280352592468,"['SpineShoulder', 'SpineBase', 'WristLeft']"
SkeletonData\SkeletonData\RawData\102_18_5_1_1_stand.txt,102,3,0,0,0.9807333946228027,0.019266586750745773,0.9807333946228027,"['SpineShoulder', 'SpineBase', 'WristLeft']"
SkeletonData\SkeletonData\RawData\102_18_5_2_1_stand.txt,102,3,0,0,0.9801476001739502,0.019852370023727417,0.9801476001739502,"['SpineShoulder', 'SpineBase', 'WristRight']"
SkeletonData\SkeletonData\RawData\102_18_5_3_1_stand.txt,102,3,0,0,0.9812020063400269,0.018798023462295532,0.9812020063400269,"['SpineShoulder', 'SpineBase', 'WristRight']"
SkeletonData\SkeletonData\RawData\102_18_5_4_1_stand.txt,102,3,0,0,0.9817204475402832,0.01827954687178135,0.9817204475402832,"['SpineShoulder', 'SpineBase', 'WristRight']"
SkeletonData\SkeletonData\RawData\102_18_5_5_1_stand.txt,102,3,0,0,0.9831851124763489,0.016814909875392914,0.9831851124763489,"['SpineShoulder', 'SpineBase', 'WristLeft']"
SkeletonData\SkeletonData\RawData\102_18_5_6_1_stand.txt,102,3,0,0,0.9841940999031067,0.01580594852566719,0.9841940999031067,"['SpineShoulder', 'SpineBase', 'WristLeft']"
SkeletonData\SkeletonData\RawData\102_18_5_7_1_chair.txt,102,0,0,0,0.9902766942977905,0.009723309427499771,0.9902766942977905,"['SpineShoulder', 'SpineBase', 'WristLeft']"
SkeletonData\SkeletonData\RawData\102_18_5_8_1_chair.txt,102,0,0,0,0.9890329837799072,0.010967043228447437,0.9890329837799072,"['SpineShoulder', 'SpineBase', 'WristLeft']"
SkeletonData\SkeletonData\RawData\102_18_5_9_1_chair.txt,102,0,0,0,0.9754829406738281,0.024517066776752472,0.9754829406738281,"['SpineShoulder', 'SpineBase', 'WristLeft']"
SkeletonData\SkeletonData\RawData\102_18_6_10_1_chair.txt,102,0,0,0,0.9847325682640076,0.015267457813024521,0.9847325682640076,"['SpineShoulder', 'SpineBase', 'WristLeft']"
SkeletonData\SkeletonData\RawData\102_18_6_11_1_chair.txt,102,0,0,0,0.9799229502677917,0.02007703110575676,0.9799229502677917,"['SpineShoulder', 'SpineBase', 'WristLeft']"
SkeletonData\SkeletonData\RawData\102_18_6_12_1_chair.txt,102,0,0,0,0.9774463772773743,0.02255365438759327,0.9774463772773743,"['SpineShoulder', 'SpineBase', 'WristLeft']"
SkeletonData\SkeletonData\RawData\102_18_6_1_1_stand.txt,102,3,0,0,0.988250732421875,0.011749334633350372,0.988250732421875,"['SpineShoulder', 'SpineBase', 'WristLeft']"
SkeletonData\SkeletonData\RawData\102_18_6_2_1_stand.txt,102,3,0,0,0.9894015192985535,0.010598493739962578,0.9894015192985535,"['SpineShoulder', 'SpineBase', 'WristLeft']"
SkeletonData\SkeletonData\RawData\102_18_6_3_1_stand.txt,102,3,0,0,0.9863660335540771,0.013634007424116135,0.9863660335540771,"['SpineShoulder', 'SpineBase', 'WristLeft']"
SkeletonData\SkeletonData\RawData\102_18_6_4_1_stand.txt,102,3,0,0,0.9888705015182495,0.011129488237202168,0.9888705015182495,"['SpineShoulder', 'SpineBase', 'WristLeft']"
SkeletonData\SkeletonData\RawData\102_18_6_5_1_stand.txt,102,3,0,0,0.9890387058258057,0.010961293242871761,0.9890387058258057,"['SpineShoulder', 'SpineBase', 'WristLeft']"
SkeletonData\SkeletonData\RawData\102_18_6_6_1_stand.txt,102,3,0,0,0.9883032441139221,0.011696835048496723,0.9883032441139221,"['SpineShoulder', 'SpineBase', 'WristLeft']"
SkeletonData\SkeletonData\RawData\102_18_6_7_1_chair.txt,102,0,0,0,0.9823867082595825,0.01761331409215927,0.9823867082595825,"['SpineShoulder', 'SpineBase', 'WristLeft']"
SkeletonData\SkeletonData\RawData\102_18_6_8_1_chair.txt,102,0,0,0,0.9855420589447021,0.014457938261330128,0.9855420589447021,"['SpineShoulder', 'SpineBase', 'WristLeft']"
SkeletonData\SkeletonData\RawData\102_18_6_9_1_chair.txt,102,0,0,0,0.9855170845985413,0.014482888393104076,0.9855170845985413,"['SpineShoulder', 'SpineBase', 'WristLeft']"
SkeletonData\SkeletonData\RawData\102_18_7_10_1_chair.txt,102,0,0,0,0.9222012162208557,0.07779882103204727,0.9222012162208557,"['SpineShoulder', 'SpineBase', 'WristLeft']"
SkeletonData\SkeletonData\RawData\102_18_7_11_1_chair.txt,102,0,0,0,0.9595848321914673,0.040415164083242416,0.9595848321914673,"['SpineShoulder', 'SpineBase', 'WristRight']"
SkeletonData\SkeletonData\RawData\102_18_7_12_1_chair.txt,102,0,0,0,0.9573885798454285,0.04261140897870064,0.9573885798454285,"['SpineShoulder', 'SpineBase', 'WristRight']"
SkeletonData\SkeletonData\RawData\102_18_7_1_1_stand.txt,102,3,0,0,0.7037487030029297,0.2962512671947479,0.7037487030029297,"['SpineShoulder', 'SpineBase', 'WristLeft']"
SkeletonData\SkeletonData\RawData\102_18_7_2_1_stand.txt,102,3,0,0,0.672076404094696,0.32792356610298157,0.672076404094696,"['SpineShoulder', 'SpineBase', 'WristLeft']"
SkeletonData\SkeletonData\RawData\102_18_7_3_1_stand.txt,102,3,0,1,0.38050389289855957,0.6194961071014404,0.6194961071014404,"['SpineShoulder', 'SpineBase', 'WristRight']"
SkeletonData\SkeletonData\RawData\102_18_7_4_1_stand.txt,102,3,0,1,0.1022048145532608,0.8977952003479004,0.8977952003479004,"['SpineShoulder', 'SpineBase', 'WristLeft']"
SkeletonData\SkeletonData\RawData\102_18_7_5_1_stand.txt,102,3,0,1,0.0715121328830719,0.9284878373146057,0.9284878373146057,"['SpineShoulder', 'SpineBase', 'WristLeft']"
SkeletonData\SkeletonData\RawData\102_18_7_6_1_stand.txt,102,3,0,1,0.1993621587753296,0.8006378412246704,0.8006378412246704,"['SpineShoulder', 'SpineBase', 'WristLeft']"
SkeletonData\SkeletonData\RawData\102_18_7_7_1_chair.txt,102,0,0,0,0.9376474022865295,0.062352657318115234,0.9376474022865295,"['SpineShoulder', 'SpineBase', 'WristLeft']"
SkeletonData\SkeletonData\RawData\102_18_7_8_1_chair.txt,102,0,0,0,0.9255779981613159,0.07442201673984528,0.9255779981613159,"['SpineShoulder', 'SpineBase', 'WristLeft']"
SkeletonData\SkeletonData\RawData\102_18_7_9_1_chair.txt,102,0,0,0,0.9072969555854797,0.09270310401916504,0.9072969555854797,"['SpineShoulder', 'SpineBase', 'WristLeft']"
SkeletonData\SkeletonData\RawData\102_18_8_10_1_chair.txt,102,0,0,0,0.9563751220703125,0.043624915182590485,0.9563751220703125,"['SpineShoulder', 'SpineBase', 'WristRight']"
SkeletonData\SkeletonData\RawData\102_18_8_11_1_chair.txt,102,0,0,0,0.9303981065750122,0.06960190087556839,0.9303981065750122,"['SpineShoulder', 'SpineBase', 'WristLeft']"
SkeletonData\SkeletonData\RawData\102_18_8_12_1_chair.txt,102,0,0,0,0.9635096788406372,0.0364903025329113,0.9635096788406372,"['SpineShoulder', 'SpineBase', 'WristLeft']"
SkeletonData\SkeletonData\RawData\102_18_8_1_1_stand.txt,102,3,0,1,0.34462904930114746,0.6553709506988525,0.6553709506988525,"['SpineShoulder', 'SpineBase', 'WristLeft']"
SkeletonData\SkeletonData\RawData\102_18_8_2_1_stand.txt,102,3,0,1,0.4178689420223236,0.582131028175354,0.582131028175354,"['SpineShoulder', 'SpineBase', 'WristLeft']"
SkeletonData\SkeletonData\RawData\102_18_8_3_1_stand.txt,102,3,0,1,0.48154783248901367,0.5184521675109863,0.5184521675109863,"['SpineShoulder', 'SpineBase', 'WristLeft']"
SkeletonData\SkeletonData\RawData\102_18_8_4_1_stand.txt,102,3,0,1,0.48133525252342224,0.5186647772789001,0.5186647772789001,"['SpineShoulder', 'SpineBase', 'WristLeft']"
SkeletonData\SkeletonData\RawData\102_18_8_5_1_stand.txt,102,3,0,1,0.17885714769363403,0.821142852306366,0.821142852306366,"['SpineShoulder', 'SpineBase', 'WristLeft']"
SkeletonData\SkeletonData\RawData\102_18_8_6_1_stand.txt,102,3,0,1,0.4932139813899994,0.5067859888076782,0.5067859888076782,"['SpineShoulder', 'SpineBase', 'WristLeft']"
SkeletonData\SkeletonData\RawData\102_18_8_7_1_chair.txt,102,0,0,0,0.9614473581314087,0.03855269029736519,0.9614473581314087,"['SpineShoulder', 'SpineBase', 'WristLeft']"
SkeletonData\SkeletonData\RawData\102_18_8_8_1_chair.txt,102,0,0,0,0.9562336802482605,0.04376630485057831,0.9562336802482605,"['SpineShoulder', 'SpineBase', 'WristLeft']"
SkeletonData\SkeletonData\RawData\102_18_8_9_1_chair.txt,102,0,0,0,0.9552431106567383,0.04475689306855202,0.9552431106567383,"['SpineShoulder', 'SpineBase', 'WristRight']"
SkeletonData\SkeletonData\RawData\103_18_0_10_1_chair.txt,103,2,0,0,0.9445328712463379,0.05546712875366211,0.9445328712463379,"['SpineShoulder', 'SpineBase', 'WristRight']"
SkeletonData\SkeletonData\RawData\103_18_0_11_1_chair.txt,103,2,0,0,0.9314548373222351,0.06854517757892609,0.9314548373222351,"['SpineShoulder', 'SpineBase', 'WristRight']"
SkeletonData\SkeletonData\RawData\103_18_0_12_1_chair.txt,103,2,0,0,0.9522241353988647,0.04777587950229645,0.9522241353988647,"['SpineShoulder', 'SpineBase', 'WristRight']"
SkeletonData\SkeletonData\RawData\103_18_0_1_1_stand.txt,103,2,0,0,0.9844531416893005,0.015546808019280434,0.9844531416893005,"['SpineShoulder', 'SpineBase', 'WristLeft']"
SkeletonData\SkeletonData\RawData\103_18_0_2_1_stand.txt,103,2,0,0,0.7674090266227722,0.232590913772583,0.7674090266227722,"['SpineShoulder', 'SpineBase', 'WristLeft']"
SkeletonData\SkeletonData\RawData\103_18_0_2_2_stand.txt,103,stand,1,1,0.15087783336639404,0.849122166633606,0.849122166633606,"['SpineShoulder', 'WristLeft', 'SpineBase']"
SkeletonData\SkeletonData\RawData\103_18_0_3_1_stand.txt,103,2,0,0,0.9812031388282776,0.018796825781464577,0.9812031388282776,"['SpineShoulder', 'SpineBase', 'WristLeft']"
SkeletonData\SkeletonData\RawData\103_18_0_4_1_stand.txt,103,2,0,0,0.9709392189979553,0.029060766100883484,0.9709392189979553,"['SpineShoulder', 'SpineBase', 'WristLeft']"
SkeletonData\SkeletonData\RawData\103_18_0_5_1_stand.txt,103,2,0,0,0.7677292227745056,0.23227079212665558,0.7677292227745056,"['SpineShoulder', 'SpineBase', 'WristLeft']"
SkeletonData\SkeletonData\RawData\103_18_0_6_1_stand.txt,103,2,0,0,0.785502552986145,0.2144974172115326,0.785502552986145,"['SpineShoulder', 'SpineBase', 'WristLeft']"
SkeletonData\SkeletonData\RawData\103_18_0_7_1_chair.txt,103,2,0,0,0.8463114500045776,0.15368854999542236,0.8463114500045776,"['SpineShoulder', 'SpineBase', 'WristLeft']"
SkeletonData\SkeletonData\RawData\103_18_0_8_1_chair.txt,103,2,0,0,0.92933189868927,0.0706680566072464,0.92933189868927,"['SpineShoulder', 'SpineBase', 'WristLeft']"
SkeletonData\SkeletonData\RawData\103_18_0_9_1_chair.txt,103,2,0,0,0.8752488493919373,0.12475117295980453,0.8752488493919373,"['SpineShoulder', 'SpineBase', 'WristLeft']"
SkeletonData\SkeletonData\RawData\103_18_1_10_1_chair.txt,103,2,0,0,0.952522873878479,0.047477077692747116,0.952522873878479,"['SpineShoulder', 'SpineBase', 'WristRight']"
SkeletonData\SkeletonData\RawData\103_18_1_11_1_chair.txt,103,2,0,0,0.9567875266075134,0.04321243241429329,0.9567875266075134,"['SpineShoulder', 'SpineBase', 'WristRight']"
SkeletonData\SkeletonData\RawData\103_18_1_12_1_chair.txt,103,2,0,0,0.7692275643348694,0.2307724952697754,0.7692275643348694,"['SpineShoulder', 'SpineBase', 'WristRight']"
SkeletonData\SkeletonData\RawData\103_18_1_1_1_stand.txt,103,2,0,0,0.9830013513565063,0.016998708248138428,0.9830013513565063,"['SpineShoulder', 'SpineBase', 'WristRight']"
SkeletonData\SkeletonData\RawData\103_18_1_2_1_stand.txt,103,2,0,0,0.9901506900787354,0.009849359281361103,0.9901506900787354,"['SpineShoulder', 'SpineBase', 'WristRight']"
SkeletonData\SkeletonData\RawData\103_18_1_3_1_stand.txt,103,2,0,0,0.9896870255470276,0.010312926955521107,0.9896870255470276,"['SpineShoulder', 'SpineBase', 'WristRight']"
SkeletonData\SkeletonData\RawData\103_18_1_4_1_stand.txt,103,2,0,0,0.9833941459655762,0.016605786979198456,0.9833941459655762,"['SpineShoulder', 'SpineBase', 'WristRight']"
SkeletonData\SkeletonData\RawData\103_18_1_5_1_stand.txt,103,2,0,0,0.9883509874343872,0.01164901815354824,0.9883509874343872,"['SpineShoulder', 'SpineBase', 'WristRight']"
SkeletonData\SkeletonData\RawData\103_18_1_6_1_stand.txt,103,2,0,0,0.9593567848205566,0.04064324498176575,0.9593567848205566,"['SpineShoulder', 'SpineBase', 'WristRight']"
SkeletonData\SkeletonData\RawData\103_18_1_7_1_chair.txt,103,2,0,0,0.9630051851272583,0.03699478507041931,0.9630051851272583,"['SpineShoulder', 'SpineBase', 'WristRight']"
SkeletonData\SkeletonData\RawData\103_18_1_8_1_chair.txt,103,2,0,0,0.9581181406974792,0.04188179597258568,0.9581181406974792,"['SpineShoulder', 'SpineBase', 'WristRight']"
SkeletonData\SkeletonData\RawData\103_18_1_9_1_chair.txt,103,2,0,0,0.9612287878990173,0.038771215826272964,0.9612287878990173,"['SpineShoulder', 'SpineBase', 'WristRight']"
SkeletonData\SkeletonData\RawData\103_18_2_10_1_chair.txt,103,2,0,0,0.9530649781227112,0.04693501442670822,0.9530649781227112,"['SpineShoulder', 'SpineBase', 'WristRight']"
SkeletonData\SkeletonData\RawData\103_18_2_11_1_chair.txt,103,2,0,0,0.9300583004951477,0.0699416846036911,0.9300583004951477,"['SpineShoulder', 'SpineBase', 'WristRight']"
SkeletonData\SkeletonData\RawData\103_18_2_12_1_chair.txt,103,2,0,0,0.919590950012207,0.08040902018547058,0.919590950012207,"['SpineShoulder', 'SpineBase', 'WristRight']"
SkeletonData\SkeletonData\RawData\103_18_2_1_1_stand.txt,103,2,0,0,0.966793954372406,0.033206045627593994,0.966793954372406,"['SpineShoulder', 'SpineBase', 'WristLeft']"
SkeletonData\SkeletonData\RawData\103_18_2_2_1_stand.txt,103,2,0,0,0.968713641166687,0.031286317855119705,0.968713641166687,"['SpineShoulder', 'SpineBase', 'WristLeft']"
SkeletonData\SkeletonData\RawData\103_18_2_3_1_stand.txt,103,2,0,0,0.97181636095047,0.028183603659272194,0.97181636095047,"['SpineShoulder', 'SpineBase', 'WristRight']"
SkeletonData\SkeletonData\RawData\103_18_2_4_1_stand.txt,103,2,0,0,0.9719862937927246,0.0280136801302433,0.9719862937927246,"['SpineShoulder', 'SpineBase', 'WristRight']"
SkeletonData\SkeletonData\RawData\103_18_2_5_1_stand.txt,103,2,0,0,0.9740071296691895,0.025992849841713905,0.9740071296691895,"['SpineShoulder', 'SpineBase', 'WristRight']"
SkeletonData\SkeletonData\RawData\103_18_2_6_1_stand.txt,103,2,0,0,0.9721716046333313,0.027828402817249298,0.9721716046333313,"['SpineShoulder', 'SpineBase', 'WristRight']"
SkeletonData\SkeletonData\RawData\103_18_2_7_1_chair.txt,103,2,0,0,0.9697245359420776,0.03027544543147087,0.9697245359420776,"['SpineShoulder', 'SpineBase', 'WristRight']"
SkeletonData\SkeletonData\RawData\103_18_2_8_1_chair.txt,103,2,0,0,0.9591347575187683,0.04086526483297348,0.9591347575187683,"['SpineShoulder', 'SpineBase', 'WristRight']"
SkeletonData\SkeletonData\RawData\103_18_2_9_1_chair.txt,103,2,0,0,0.9555781483650208,0.04442177340388298,0.9555781483650208,"['SpineShoulder', 'SpineBase', 'WristRight']"
SkeletonData\SkeletonData\RawData\103_18_3_10_1_chair.txt,103,2,0,0,0.9490089416503906,0.05099103972315788,0.9490089416503906,"['SpineShoulder', 'SpineBase', 'WristRight']"
SkeletonData\SkeletonData\RawData\103_18_3_11_1_chair.txt,103,2,0,0,0.9603743553161621,0.03962559625506401,0.9603743553161621,"['SpineShoulder', 'SpineBase', 'WristRight']"
SkeletonData\SkeletonData\RawData\103_18_3_12_1_chair.txt,103,2,0,0,0.9576743841171265,0.04232557490468025,0.9576743841171265,"['SpineShoulder', 'SpineBase', 'WristRight']"
SkeletonData\SkeletonData\RawData\103_18_3_1_1_stand.txt,103,2,0,0,0.9881641864776611,0.011835779994726181,0.9881641864776611,"['SpineShoulder', 'SpineBase', 'WristRight']"
SkeletonData\SkeletonData\RawData\103_18_3_2_1_stand.txt,103,2,0,0,0.9880084991455078,0.011991487815976143,0.9880084991455078,"['SpineShoulder', 'SpineBase', 'WristRight']"
SkeletonData\SkeletonData\RawData\103_18_3_3_1_stand.txt,103,2,0,0,0.9877439141273499,0.012256113812327385,0.9877439141273499,"['SpineShoulder', 'SpineBase', 'WristRight']"
SkeletonData\SkeletonData\RawData\103_18_3_4_1_stand.txt,103,2,0,0,0.9881587624549866,0.011841213330626488,0.9881587624549866,"['SpineShoulder', 'SpineBase', 'WristRight']"
SkeletonData\SkeletonData\RawData\103_18_3_5_1_stand.txt,103,2,0,0,0.9873898029327393,0.012610204517841339,0.9873898029327393,"['SpineShoulder', 'SpineBase', 'WristRight']"
SkeletonData\SkeletonData\RawData\103_18_3_6_1_stand.txt,103,2,0,0,0.9879013299942017,0.012098652310669422,0.9879013299942017,"['SpineShoulder', 'SpineBase', 'WristRight']"
SkeletonData\SkeletonData\RawData\103_18_3_7_1_chair.txt,103,2,0,0,0.9646742939949036,0.035325661301612854,0.9646742939949036,"['SpineShoulder', 'SpineBase', 'WristRight']"
SkeletonData\SkeletonData\RawData\103_18_3_8_1_chair.txt,103,2,0,0,0.9645634889602661,0.03543652966618538,0.9645634889602661,"['SpineShoulder', 'SpineBase', 'WristRight']"
SkeletonData\SkeletonData\RawData\103_18_3_9_1_chair.txt,103,2,0,0,0.9666879773139954,0.03331201896071434,0.9666879773139954,"['SpineShoulder', 'SpineBase', 'WristRight']"
SkeletonData\SkeletonData\RawData\103_18_4_10_1_chair.txt,103,2,0,0,0.8549222946166992,0.145077645778656,0.8549222946166992,"['SpineShoulder', 'SpineBase', 'WristRight']"
SkeletonData\SkeletonData\RawData\103_18_4_11_1_chair.txt,103,2,0,0,0.8912307024002075,0.10876931995153427,0.8912307024002075,"['SpineShoulder', 'SpineBase', 'WristRight']"
SkeletonData\SkeletonData\RawData\103_18_4_12_1_chair.txt,103,2,0,0,0.9260891079902649,0.07391081750392914,0.9260891079902649,"['SpineShoulder', 'SpineBase', 'WristRight']"
SkeletonData\SkeletonData\RawData\103_18_4_13_2_stand.txt,103,2,1,1,0.3415558636188507,0.6584441661834717,0.6584441661834717,"['SpineShoulder', 'SpineBase', 'WristRight']"
SkeletonData\SkeletonData\RawData\103_18_4_1_1_stand.txt,103,2,0,0,0.9366927146911621,0.06330723315477371,0.9366927146911621,"['SpineShoulder', 'SpineBase', 'WristRight']"
SkeletonData\SkeletonData\RawData\103_18_4_2_1_stand.txt,103,2,0,0,0.9569948315620422,0.04300518333911896,0.9569948315620422,"['SpineShoulder', 'SpineBase', 'WristRight']"
SkeletonData\SkeletonData\RawData\103_18_4_3_1_stand.txt,103,2,0,0,0.9655995965003967,0.034400418400764465,0.9655995965003967,"['SpineShoulder', 'SpineBase', 'WristRight']"
SkeletonData\SkeletonData\RawData\103_18_4_4_1_stand.txt,103,2,0,0,0.9671087265014648,0.03289136290550232,0.9671087265014648,"['SpineShoulder', 'SpineBase', 'WristRight']"
SkeletonData\SkeletonData\RawData\103_18_4_5_1_stand.txt,103,2,0,0,0.9842484593391418,0.015751563012599945,0.9842484593391418,"['SpineShoulder', 'SpineBase', 'WristRight']"
SkeletonData\SkeletonData\RawData\103_18_4_6_1_stand.txt,103,2,0,0,0.9600064158439636,0.03999362140893936,0.9600064158439636,"['SpineShoulder', 'SpineBase', 'WristRight']"
SkeletonData\SkeletonData\RawData\103_18_4_7_1_chair.txt,103,2,0,0,0.91294926404953,0.08705073595046997,0.91294926404953,"['SpineShoulder', 'SpineBase', 'WristRight']"
SkeletonData\SkeletonData\RawData\103_18_4_8_1_chair.txt,103,2,0,0,0.8761290311813354,0.12387089431285858,0.8761290311813354,"['SpineShoulder', 'SpineBase', 'WristRight']"
SkeletonData\SkeletonData\RawData\103_18_4_9_1_chair.txt,103,2,0,0,0.8899368643760681,0.1100630983710289,0.8899368643760681,"['SpineShoulder', 'SpineBase', 'WristRight']"
SkeletonData\SkeletonData\RawData\103_18_5_10_1_chair.txt,103,2,0,0,0.9559212923049927,0.04407865181565285,0.9559212923049927,"['SpineShoulder', 'SpineBase', 'WristRight']"
SkeletonData\SkeletonData\RawData\103_18_5_11_1_chair.txt,103,2,0,0,0.968000054359436,0.03199990838766098,0.968000054359436,"['SpineShoulder', 'SpineBase', 'WristRight']"
SkeletonData\SkeletonData\RawData\103_18_5_12_1_chair.txt,103,2,0,0,0.9516682028770447,0.048331815749406815,0.9516682028770447,"['SpineShoulder', 'SpineBase', 'WristRight']"
SkeletonData\SkeletonData\RawData\103_18_5_1_1_stand.txt,103,2,0,0,0.9881209135055542,0.011879135854542255,0.9881209135055542,"['SpineShoulder', 'SpineBase', 'WristRight']"
SkeletonData\SkeletonData\RawData\103_18_5_2_1_stand.txt,103,2,0,0,0.9897050261497498,0.010295014828443527,0.9897050261497498,"['SpineShoulder', 'SpineBase', 'WristRight']"
SkeletonData\SkeletonData\RawData\103_18_5_3_1_stand.txt,103,2,0,0,0.9852477312088013,0.014752326533198357,0.9852477312088013,"['SpineShoulder', 'SpineBase', 'WristRight']"
SkeletonData\SkeletonData\RawData\103_18_5_4_1_stand.txt,103,2,0,0,0.9852011799812317,0.014798826538026333,0.9852011799812317,"['SpineShoulder', 'SpineBase', 'WristLeft']"
SkeletonData\SkeletonData\RawData\103_18_5_5_1_stand.txt,103,2,0,0,0.9846134185791016,0.015386565588414669,0.9846134185791016,"['SpineShoulder', 'SpineBase', 'WristRight']"
SkeletonData\SkeletonData\RawData\103_18_5_6_1_stand.txt,103,2,0,0,0.984635055065155,0.01536494493484497,0.984635055065155,"['SpineShoulder', 'SpineBase', 'WristLeft']"
SkeletonData\SkeletonData\RawData\103_18_5_7_1_chair.txt,103,2,0,0,0.9621009230613708,0.03789913281798363,0.9621009230613708,"['SpineShoulder', 'SpineBase', 'WristRight']"
SkeletonData\SkeletonData\RawData\103_18_5_8_1_chair.txt,103,2,0,0,0.9659661054611206,0.034033872187137604,0.9659661054611206,"['SpineShoulder', 'SpineBase', 'WristRight']"
SkeletonData\SkeletonData\RawData\103_18_5_9_1_chair.txt,103,2,0,0,0.9508211016654968,0.049178849905729294,0.9508211016654968,"['SpineShoulder', 'SpineBase', 'WristRight']"
SkeletonData\SkeletonData\RawData\103_18_6_10_1_chair.txt,103,2,0,0,0.9444402456283569,0.055559705942869186,0.9444402456283569,"['SpineShoulder', 'SpineBase', 'WristLeft']"
SkeletonData\SkeletonData\RawData\103_18_6_11_1_chair.txt,103,2,0,0,0.9489660859107971,0.05103388428688049,0.9489660859107971,"['SpineShoulder', 'SpineBase', 'WristLeft']"
SkeletonData\SkeletonData\RawData\103_18_6_12_1_chair.txt,103,2,0,0,0.9248217940330505,0.07517817616462708,0.9248217940330505,"['SpineShoulder', 'SpineBase', 'WristLeft']"
SkeletonData\SkeletonData\RawData\103_18_6_1_1_stand.txt,103,2,0,0,0.9744213223457336,0.025578686967492104,0.9744213223457336,"['SpineShoulder', 'SpineBase', 'WristLeft']"
SkeletonData\SkeletonData\RawData\103_18_6_2_1_stand.txt,103,2,0,0,0.9739531874656677,0.026046862825751305,0.9739531874656677,"['SpineShoulder', 'SpineBase', 'WristLeft']"
SkeletonData\SkeletonData\RawData\103_18_6_3_1_stand.txt,103,2,0,0,0.9905459880828857,0.009454027749598026,0.9905459880828857,"['SpineShoulder', 'SpineBase', 'WristLeft']"
SkeletonData\SkeletonData\RawData\103_18_6_4_1_stand.txt,103,2,0,0,0.9821577072143555,0.017842328175902367,0.9821577072143555,"['SpineShoulder', 'SpineBase', 'WristLeft']"
SkeletonData\SkeletonData\RawData\103_18_6_5_1_stand.txt,103,2,0,0,0.9871019124984741,0.012898167595267296,0.9871019124984741,"['SpineShoulder', 'SpineBase', 'WristLeft']"
SkeletonData\SkeletonData\RawData\103_18_6_6_1_stand.txt,103,2,0,0,0.9621947407722473,0.037805236876010895,0.9621947407722473,"['SpineShoulder', 'SpineBase', 'WristLeft']"
SkeletonData\SkeletonData\RawData\103_18_6_7_1_chair.txt,103,2,0,0,0.9633693695068359,0.03663058951497078,0.9633693695068359,"['SpineShoulder', 'SpineBase', 'WristLeft']"
SkeletonData\SkeletonData\RawData\103_18_6_8_1_chair.txt,103,2,0,0,0.9647322297096252,0.035267751663923264,0.9647322297096252,"['SpineShoulder', 'SpineBase', 'WristLeft']"
SkeletonData\SkeletonData\RawData\103_18_6_9_1_chair.txt,103,2,0,0,0.9107614159584045,0.08923859894275665,0.9107614159584045,"['SpineShoulder', 'SpineBase', 'WristLeft']"
SkeletonData\SkeletonData\RawData\103_18_7_10_1_chair.txt,103,2,0,0,0.6733060479164124,0.32669395208358765,0.6733060479164124,"['SpineShoulder', 'SpineBase', 'WristRight']"
SkeletonData\SkeletonData\RawData\103_18_7_11_1_chair.txt,103,2,0,0,0.643589973449707,0.3564099967479706,0.643589973449707,"['SpineShoulder', 'SpineBase', 'WristRight']"
SkeletonData\SkeletonData\RawData\103_18_7_12_1_chair.txt,103,2,0,0,0.7347487211227417,0.2652512490749359,0.7347487211227417,"['SpineShoulder', 'SpineBase', 'WristRight']"
SkeletonData\SkeletonData\RawData\103_18_7_1_1_stand.txt,103,2,0,0,0.7383461594581604,0.2616538107395172,0.7383461594581604,"['SpineShoulder', 'SpineBase', 'WristLeft']"
SkeletonData\SkeletonData\RawData\103_18_7_2_1_stand.txt,103,2,0,0,0.9586504101753235,0.04134956747293472,0.9586504101753235,"['SpineShoulder', 'SpineBase', 'WristLeft']"
SkeletonData\SkeletonData\RawData\103_18_7_3_1_stand.txt,103,2,0,0,0.7296614646911621,0.2703385055065155,0.7296614646911621,"['SpineShoulder', 'SpineBase', 'WristLeft']"
SkeletonData\SkeletonData\RawData\103_18_7_4_1_stand.txt,103,2,0,0,0.7658037543296814,0.2341962307691574,0.7658037543296814,"['SpineShoulder', 'SpineBase', 'WristLeft']"
SkeletonData\SkeletonData\RawData\103_18_7_5_1_stand.txt,103,2,0,0,0.7682110667228699,0.23178891837596893,0.7682110667228699,"['SpineShoulder', 'SpineBase', 'WristLeft']"
SkeletonData\SkeletonData\RawData\103_18_7_6_1_stand.txt,103,2,0,0,0.972353458404541,0.02764652669429779,0.972353458404541,"['SpineShoulder', 'SpineBase', 'WristLeft']"
SkeletonData\SkeletonData\RawData\103_18_7_7_1_chair.txt,103,2,0,0,0.782513439655304,0.21748656034469604,0.782513439655304,"['SpineShoulder', 'SpineBase', 'WristRight']"
SkeletonData\SkeletonData\RawData\103_18_7_8_1_chair.txt,103,2,0,0,0.7937591075897217,0.2062409371137619,0.7937591075897217,"['SpineShoulder', 'SpineBase', 'WristRight']"
SkeletonData\SkeletonData\RawData\103_18_7_9_1_chair.txt,103,2,0,0,0.7509543895721436,0.24904558062553406,0.7509543895721436,"['SpineShoulder', 'SpineBase', 'WristRight']"
SkeletonData\SkeletonData\RawData\103_18_8_10_1_chair.txt,103,2,0,1,0.23289671540260315,0.767103374004364,0.767103374004364,"['SpineShoulder', 'SpineBase', 'WristRight']"
SkeletonData\SkeletonData\RawData\103_18_8_11_1_chair.txt,103,2,0,1,0.2234310507774353,0.7765689492225647,0.7765689492225647,"['SpineShoulder', 'SpineBase', 'WristRight']"
SkeletonData\SkeletonData\RawData\103_18_8_12_1_chair.txt,103,2,0,1,0.45895203948020935,0.5410479307174683,0.5410479307174683,"['SpineShoulder', 'SpineBase', 'WristRight']"
SkeletonData\SkeletonData\RawData\103_18_8_1_1_stand.txt,103,2,0,0,0.973159670829773,0.026840345934033394,0.973159670829773,"['SpineShoulder', 'SpineBase', 'WristLeft']"
SkeletonData\SkeletonData\RawData\103_18_8_2_1_stand.txt,103,2,0,0,0.7361461520195007,0.2638538181781769,0.7361461520195007,"['SpineShoulder', 'SpineBase', 'WristLeft']"
SkeletonData\SkeletonData\RawData\103_18_8_3_1_stand.txt,103,2,0,0,0.7500607371330261,0.24993924796581268,0.7500607371330261,"['SpineShoulder', 'SpineBase', 'WristLeft']"
SkeletonData\SkeletonData\RawData\103_18_8_4_1_stand.txt,103,2,0,0,0.9162803292274475,0.08371961861848831,0.9162803292274475,"['SpineShoulder', 'SpineBase', 'WristLeft']"
SkeletonData\SkeletonData\RawData\103_18_8_5_1_stand.txt,103,2,0,0,0.913999617099762,0.08600033819675446,0.913999617099762,"['SpineShoulder', 'SpineBase', 'WristLeft']"
SkeletonData\SkeletonData\RawData\103_18_8_6_1_stand.txt,103,2,0,0,0.8185299634933472,0.18146997690200806,0.8185299634933472,"['SpineShoulder', 'SpineBase', 'WristLeft']"
SkeletonData\SkeletonData\RawData\103_18_8_7_1_chair.txt,103,2,0,1,0.48855242133140564,0.5114476084709167,0.5114476084709167,"['SpineShoulder', 'SpineBase', 'WristRight']"
SkeletonData\SkeletonData\RawData\103_18_8_8_1_chair.txt,103,2,0,1,0.4405365288257599,0.5594634413719177,0.5594634413719177,"['SpineShoulder', 'SpineBase', 'WristRight']"
SkeletonData\SkeletonData\RawData\103_18_8_9_1_chair.txt,103,2,0,1,0.2244608998298645,0.7755391001701355,0.7755391001701355,"['SpineShoulder', 'SpineBase', 'WristRight']"
SkeletonData\SkeletonData\RawData\104_18_0_1_1_stand.txt,104,2,0,0,0.9496546387672424,0.050345346331596375,0.9496546387672424,"['SpineShoulder', 'SpineBase', 'WristLeft']"
SkeletonData\SkeletonData\RawData\104_18_0_2_1_stand.txt,104,2,0,0,0.937047004699707,0.06295294314622879,0.937047004699707,"['SpineShoulder', 'SpineBase', 'WristLeft']"
SkeletonData\SkeletonData\RawData\104_18_0_3_1_stand.txt,104,2,0,0,0.9380216002464294,0.06197836250066757,0.9380216002464294,"['SpineShoulder', 'SpineBase', 'WristLeft']"
SkeletonData\SkeletonData\RawData\104_18_0_4_1_stand.txt,104,2,0,0,0.9370689988136292,0.06293099373579025,0.9370689988136292,"['SpineShoulder', 'SpineBase', 'WristLeft']"
SkeletonData\SkeletonData\RawData\104_18_0_5_1_stand.txt,104,2,0,0,0.9348574876785278,0.06514251977205276,0.9348574876785278,"['SpineShoulder', 'SpineBase', 'WristLeft']"
SkeletonData\SkeletonData\RawData\104_18_0_6_1_stand.txt,104,2,0,0,0.9291874766349792,0.07081246376037598,0.9291874766349792,"['SpineShoulder', 'SpineBase', 'WristLeft']"
SkeletonData\SkeletonData\RawData\104_18_1_1_1_stand.txt,104,2,0,0,0.9623162746429443,0.03768375888466835,0.9623162746429443,"['SpineShoulder', 'SpineBase', 'WristRight']"
SkeletonData\SkeletonData\RawData\104_18_1_2_1_stand.txt,104,2,0,0,0.9601701498031616,0.03982991725206375,0.9601701498031616,"['SpineShoulder', 'SpineBase', 'WristRight']"
SkeletonData\SkeletonData\RawData\104_18_1_3_1_stand.txt,104,2,0,0,0.9715895652770996,0.028410399332642555,0.9715895652770996,"['SpineShoulder', 'SpineBase', 'WristRight']"
SkeletonData\SkeletonData\RawData\104_18_1_4_1_stand.txt,104,2,0,0,0.9709041714668274,0.029095808044075966,0.9709041714668274,"['SpineShoulder', 'SpineBase', 'WristRight']"
SkeletonData\SkeletonData\RawData\104_18_1_5_1_stand.txt,104,2,0,0,0.967587947845459,0.032412026077508926,0.967587947845459,"['SpineShoulder', 'SpineBase', 'WristRight']"
SkeletonData\SkeletonData\RawData\104_18_1_6_1_stand.txt,104,2,0,0,0.9633303880691528,0.036669619381427765,0.9633303880691528,"['SpineShoulder', 'SpineBase', 'WristRight']"
SkeletonData\SkeletonData\RawData\104_18_1_7_1_stand.txt,104,2,0,0,0.9657617807388306,0.03423818200826645,0.9657617807388306,"['SpineShoulder', 'SpineBase', 'WristRight']"
SkeletonData\SkeletonData\RawData\104_18_2_1_1_stand.txt,104,2,0,0,0.9441525936126709,0.05584736913442612,0.9441525936126709,"['SpineShoulder', 'SpineBase', 'WristRight']"
SkeletonData\SkeletonData\RawData\104_18_2_2_1_stand.txt,104,2,0,0,0.9726939797401428,0.02730598859488964,0.9726939797401428,"['SpineShoulder', 'SpineBase', 'WristLeft']"
SkeletonData\SkeletonData\RawData\104_18_2_3_1_stand.txt,104,2,0,0,0.9668108820915222,0.03318915143609047,0.9668108820915222,"['SpineShoulder', 'SpineBase', 'WristLeft']"
SkeletonData\SkeletonData\RawData\104_18_2_4_1_stand.txt,104,2,0,0,0.9716280102729797,0.028371911495923996,0.9716280102729797,"['SpineShoulder', 'SpineBase', 'WristLeft']"
SkeletonData\SkeletonData\RawData\104_18_2_5_1_stand.txt,104,2,0,0,0.9650843739509583,0.03491556644439697,0.9650843739509583,"['SpineShoulder', 'SpineBase', 'WristLeft']"
SkeletonData\SkeletonData\RawData\104_18_2_6_1_stand.txt,104,2,0,0,0.9659467339515686,0.0340532548725605,0.9659467339515686,"['SpineShoulder', 'SpineBase', 'WristLeft']"
SkeletonData\SkeletonData\RawData\104_18_2_7_1_stand.txt,104,2,0,0,0.9642035961151123,0.03579636663198471,0.9642035961151123,"['SpineShoulder', 'SpineBase', 'WristLeft']"
SkeletonData\SkeletonData\RawData\104_18_2_8_1_stand.txt,104,2,0,0,0.9734247922897339,0.026575196534395218,0.9734247922897339,"['SpineShoulder', 'SpineBase', 'WristRight']"
SkeletonData\SkeletonData\RawData\104_18_3_1_1_stand.txt,104,2,0,0,0.9875431060791016,0.012456932105123997,0.9875431060791016,"['SpineShoulder', 'SpineBase', 'WristRight']"
SkeletonData\SkeletonData\RawData\104_18_3_2_1_stand.txt,104,2,0,0,0.9875344038009644,0.012465556152164936,0.9875344038009644,"['SpineShoulder', 'SpineBase', 'WristRight']"
SkeletonData\SkeletonData\RawData\104_18_3_3_1_stand.txt,104,2,0,0,0.986506462097168,0.0134935537353158,0.986506462097168,"['SpineShoulder', 'SpineBase', 'WristRight']"
SkeletonData\SkeletonData\RawData\104_18_3_4_1_stand.txt,104,2,0,0,0.9860641956329346,0.013935756869614124,0.9860641956329346,"['SpineShoulder', 'SpineBase', 'WristRight']"
SkeletonData\SkeletonData\RawData\104_18_3_5_1_stand.txt,104,2,0,0,0.9825717210769653,0.017428288236260414,0.9825717210769653,"['SpineShoulder', 'SpineBase', 'WristRight']"
SkeletonData\SkeletonData\RawData\104_18_3_6_1_stand.txt,104,2,0,0,0.9863709807395935,0.013629051856696606,0.9863709807395935,"['SpineShoulder', 'SpineBase', 'WristRight']"
SkeletonData\SkeletonData\RawData\104_18_4_1_1_stand.txt,104,2,0,0,0.621552050113678,0.3784480094909668,0.621552050113678,"['SpineShoulder', 'SpineBase', 'WristRight']"
SkeletonData\SkeletonData\RawData\104_18_4_2_1_stand.txt,104,2,0,0,0.6519089341163635,0.3480910658836365,0.6519089341163635,"['SpineShoulder', 'SpineBase', 'WristRight']"
SkeletonData\SkeletonData\RawData\104_18_4_3_1_stand.txt,104,2,0,0,0.553067147731781,0.4469328820705414,0.553067147731781,"['SpineShoulder', 'SpineBase', 'WristRight']"
SkeletonData\SkeletonData\RawData\104_18_4_4_1_stand.txt,104,2,0,0,0.6094405055046082,0.39055949449539185,0.6094405055046082,"['SpineShoulder', 'SpineBase', 'WristRight']"
SkeletonData\SkeletonData\RawData\104_18_4_5_1_stand.txt,104,2,0,0,0.6114328503608704,0.38856714963912964,0.6114328503608704,"['SpineShoulder', 'SpineBase', 'WristRight']"
SkeletonData\SkeletonData\RawData\104_18_4_6_1_stand.txt,104,2,0,0,0.7012381553649902,0.2987617552280426,0.7012381553649902,"['SpineShoulder', 'SpineBase', 'WristRight']"
SkeletonData\SkeletonData\RawData\104_18_5_1_1_stand.txt,104,2,0,0,0.8625176548957825,0.13748233020305634,0.8625176548957825,"['SpineShoulder', 'SpineBase', 'WristRight']"
SkeletonData\SkeletonData\RawData\104_18_5_2_1_stand.txt,104,2,0,0,0.8977917432785034,0.1022082269191742,0.8977917432785034,"['SpineShoulder', 'SpineBase', 'WristRight']"
SkeletonData\SkeletonData\RawData\104_18_5_3_1_stand.txt,104,2,0,0,0.9238193035125732,0.07618074119091034,0.9238193035125732,"['SpineShoulder', 'SpineBase', 'WristRight']"
SkeletonData\SkeletonData\RawData\104_18_5_4_1_stand.txt,104,2,0,0,0.9133837819099426,0.08661626279354095,0.9133837819099426,"['SpineShoulder', 'SpineBase', 'WristRight']"
SkeletonData\SkeletonData\RawData\104_18_5_5_1_stand.txt,104,2,0,0,0.941245973110199,0.05875406041741371,0.941245973110199,"['SpineShoulder', 'SpineBase', 'WristRight']"
SkeletonData\SkeletonData\RawData\104_18_5_6_1_stand.txt,104,2,0,0,0.9135412573814392,0.08645879477262497,0.9135412573814392,"['SpineShoulder', 'SpineBase', 'WristRight']"
SkeletonData\SkeletonData\RawData\104_18_6_1_1_stand.txt,104,2,0,0,0.9711338877677917,0.02886614017188549,0.9711338877677917,"['SpineShoulder', 'SpineBase', 'WristLeft']"
SkeletonData\SkeletonData\RawData\104_18_6_2_1_stand.txt,104,2,0,0,0.9067937731742859,0.09320621192455292,0.9067937731742859,"['SpineShoulder', 'SpineBase', 'WristLeft']"
SkeletonData\SkeletonData\RawData\104_18_6_3_1_stand.txt,104,2,0,0,0.9781896471977234,0.021810317412018776,0.9781896471977234,"['SpineShoulder', 'SpineBase', 'WristLeft']"
SkeletonData\SkeletonData\RawData\104_18_6_4_1_stand.txt,104,2,0,0,0.9766116738319397,0.023388328030705452,0.9766116738319397,"['SpineShoulder', 'SpineBase', 'WristLeft']"
SkeletonData\SkeletonData\RawData\104_18_6_5_1_stand.txt,104,2,0,0,0.9397498965263367,0.06025014817714691,0.9397498965263367,"['SpineShoulder', 'SpineBase', 'WristLeft']"
SkeletonData\SkeletonData\RawData\104_18_6_6_1_stand.txt,104,2,0,0,0.9838512539863586,0.01614868827164173,0.9838512539863586,"['SpineShoulder', 'SpineBase', 'WristLeft']"
SkeletonData\SkeletonData\RawData\104_18_7_1_1_stand.txt,104,2,0,1,0.4968942105770111,0.5031058192253113,0.5031058192253113,"['SpineShoulder', 'SpineBase', 'WristLeft']"
SkeletonData\SkeletonData\RawData\104_18_7_2_1_stand.txt,104,2,0,0,0.9713298082351685,0.028670260682702065,0.9713298082351685,"['SpineShoulder', 'SpineBase', 'WristRight']"
SkeletonData\SkeletonData\RawData\104_18_7_3_1_stand.txt,104,2,0,0,0.7684870362281799,0.2315129190683365,0.7684870362281799,"['SpineShoulder', 'SpineBase', 'WristRight']"
SkeletonData\SkeletonData\RawData\104_18_7_4_1_stand.txt,104,2,0,0,0.9689929485321045,0.031007003039121628,0.9689929485321045,"['SpineShoulder', 'SpineBase', 'WristRight']"
SkeletonData\SkeletonData\RawData\104_18_7_5_1_stand.txt,104,2,0,0,0.9641308784484863,0.0358690544962883,0.9641308784484863,"['SpineShoulder', 'SpineBase', 'WristRight']"
SkeletonData\SkeletonData\RawData\104_18_7_6_1_stand.txt,104,2,0,0,0.977867603302002,0.02213244140148163,0.977867603302002,"['SpineShoulder', 'SpineBase', 'WristRight']"
SkeletonData\SkeletonData\RawData\104_18_8_1_1_stand.txt,104,2,0,0,0.9755066633224487,0.024493321776390076,0.9755066633224487,"['SpineShoulder', 'SpineBase', 'WristRight']"
SkeletonData\SkeletonData\RawData\104_18_8_2_1_stand.txt,104,2,0,0,0.9780904054641724,0.021909579634666443,0.9780904054641724,"['SpineShoulder', 'SpineBase', 'WristRight']"
SkeletonData\SkeletonData\RawData\104_18_8_3_1_stand.txt,104,2,0,0,0.9615705609321594,0.03842947259545326,0.9615705609321594,"['SpineShoulder', 'SpineBase', 'WristRight']"
SkeletonData\SkeletonData\RawData\104_18_8_4_1_stand.txt,104,2,0,0,0.9723239541053772,0.027676109224557877,0.9723239541053772,"['SpineShoulder', 'SpineBase', 'WristRight']"
SkeletonData\SkeletonData\RawData\104_18_8_5_1_stand.txt,104,2,0,0,0.9757168889045715,0.02428310737013817,0.9757168889045715,"['SpineShoulder', 'SpineBase', 'WristRight']"
SkeletonData\SkeletonData\RawData\104_18_8_6_1_stand.txt,104,2,0,0,0.9720590114593506,0.027940979227423668,0.9720590114593506,"['SpineShoulder', 'SpineBase', 'WristRight']"
SkeletonData\SkeletonData\RawData\105_18_0_10_1_chair.txt,105,0,0,0,0.985817015171051,0.014182976447045803,0.985817015171051,"['SpineShoulder', 'SpineBase', 'WristLeft']"
SkeletonData\SkeletonData\RawData\105_18_0_11_1_chair.txt,105,0,0,0,0.9876519441604614,0.012348074465990067,0.9876519441604614,"['SpineShoulder', 'SpineBase', 'WristLeft']"
SkeletonData\SkeletonData\RawData\105_18_0_12_2_stand.txt,105,0,1,0,0.9506616592407227,0.049338314682245255,0.9506616592407227,"['SpineShoulder', 'SpineBase', 'WristLeft']"
SkeletonData\SkeletonData\RawData\105_18_0_1_2_stand.txt,105,0,1,0,0.6440850496292114,0.35591498017311096,0.6440850496292114,"['SpineShoulder', 'SpineBase', 'WristRight']"
SkeletonData\SkeletonData\RawData\105_18_0_2_1_stand.txt,105,0,0,0,0.978980541229248,0.021019520238041878,0.978980541229248,"['SpineShoulder', 'SpineBase', 'WristLeft']"
SkeletonData\SkeletonData\RawData\105_18_0_3_1_stand.txt,105,0,0,0,0.9476468563079834,0.05235307291150093,0.9476468563079834,"['SpineShoulder', 'SpineBase', 'WristLeft']"
SkeletonData\SkeletonData\RawData\105_18_0_4_1_stand.txt,105,0,0,0,0.9468086361885071,0.053191401064395905,0.9468086361885071,"['SpineShoulder', 'SpineBase', 'WristLeft']"
SkeletonData\SkeletonData\RawData\105_18_0_5_1_stand.txt,105,0,0,0,0.9513162970542908,0.04868368059396744,0.9513162970542908,"['SpineShoulder', 'SpineBase', 'WristLeft']"
SkeletonData\SkeletonData\RawData\105_18_0_6_1_chair.txt,105,0,0,0,0.9893633723258972,0.010636663064360619,0.9893633723258972,"['SpineShoulder', 'SpineBase', 'WristLeft']"
SkeletonData\SkeletonData\RawData\105_18_0_7_1_chair.txt,105,0,0,0,0.9897722601890564,0.010227752849459648,0.9897722601890564,"['SpineShoulder', 'SpineBase', 'WristLeft']"
SkeletonData\SkeletonData\RawData\105_18_0_8_1_chair.txt,105,0,0,0,0.9852290749549866,0.014770904555916786,0.9852290749549866,"['SpineShoulder', 'SpineBase', 'WristLeft']"
SkeletonData\SkeletonData\RawData\105_18_0_9_1_chair.txt,105,0,0,0,0.9788355827331543,0.02116442285478115,0.9788355827331543,"['SpineShoulder', 'SpineBase', 'WristLeft']"
SkeletonData\SkeletonData\RawData\105_18_1_10_1_chair.txt,105,0,0,0,0.9902877807617188,0.009712162427604198,0.9902877807617188,"['SpineShoulder', 'SpineBase', 'WristLeft']"
SkeletonData\SkeletonData\RawData\105_18_1_11_1_chair.txt,105,0,0,0,0.9897385239601135,0.010261432267725468,0.9897385239601135,"['SpineShoulder', 'SpineBase', 'WristRight']"
SkeletonData\SkeletonData\RawData\105_18_1_12_1_chair.txt,105,0,0,0,0.9422571063041687,0.057742856442928314,0.9422571063041687,"['SpineShoulder', 'SpineBase', 'WristLeft']"
SkeletonData\SkeletonData\RawData\105_18_1_1_1_stand.txt,105,0,0,0,0.9739195704460144,0.02608036994934082,0.9739195704460144,"['SpineShoulder', 'SpineBase', 'WristRight']"
SkeletonData\SkeletonData\RawData\105_18_1_2_1_stand.txt,105,0,0,0,0.9630107879638672,0.03698918595910072,0.9630107879638672,"['SpineShoulder', 'SpineBase', 'WristRight']"
SkeletonData\SkeletonData\RawData\105_18_1_3_1_stand.txt,105,0,0,0,0.9810521602630615,0.018947822973132133,0.9810521602630615,"['SpineShoulder', 'SpineBase', 'WristRight']"
SkeletonData\SkeletonData\RawData\105_18_1_4_1_stand.txt,105,0,0,0,0.9796082973480225,0.020391736179590225,0.9796082973480225,"['SpineShoulder', 'SpineBase', 'WristRight']"
SkeletonData\SkeletonData\RawData\105_18_1_5_1_stand.txt,105,0,0,0,0.9635674357414246,0.03643256798386574,0.9635674357414246,"['SpineShoulder', 'SpineBase', 'WristLeft']"
SkeletonData\SkeletonData\RawData\105_18_1_6_1_stand.txt,105,0,0,0,0.9885645508766174,0.011435418389737606,0.9885645508766174,"['SpineShoulder', 'SpineBase', 'WristRight']"
SkeletonData\SkeletonData\RawData\105_18_1_7_1_chair.txt,105,0,0,0,0.982181966304779,0.017818020656704903,0.982181966304779,"['SpineShoulder', 'SpineBase', 'WristLeft']"
SkeletonData\SkeletonData\RawData\105_18_1_8_1_chair.txt,105,0,0,0,0.954131007194519,0.04586904123425484,0.954131007194519,"['SpineShoulder', 'SpineBase', 'WristLeft']"
SkeletonData\SkeletonData\RawData\105_18_1_9_1_chair.txt,105,0,0,0,0.9879735708236694,0.01202645804733038,0.9879735708236694,"['SpineShoulder', 'SpineBase', 'WristLeft']"
SkeletonData\SkeletonData\RawData\105_18_2_10_1_chair.txt,105,0,0,0,0.9876326322555542,0.012367385439574718,0.9876326322555542,"['SpineShoulder', 'SpineBase', 'WristLeft']"
SkeletonData\SkeletonData\RawData\105_18_2_11_1_chair.txt,105,0,0,0,0.9833042621612549,0.016695698723196983,0.9833042621612549,"['SpineShoulder', 'SpineBase', 'WristLeft']"
SkeletonData\SkeletonData\RawData\105_18_2_12_1_chair.txt,105,0,0,0,0.9866275191307068,0.013372463174164295,0.9866275191307068,"['SpineShoulder', 'SpineBase', 'WristLeft']"
SkeletonData\SkeletonData\RawData\105_18_2_1_1_stand.txt,105,0,0,0,0.9800074696540833,0.01999259926378727,0.9800074696540833,"['SpineShoulder', 'SpineBase', 'WristRight']"
SkeletonData\SkeletonData\RawData\105_18_2_2_1_stand.txt,105,0,0,0,0.9878544211387634,0.012145521119236946,0.9878544211387634,"['SpineShoulder', 'SpineBase', 'WristRight']"
SkeletonData\SkeletonData\RawData\105_18_2_3_1_stand.txt,105,0,0,0,0.9840884208679199,0.015911603346467018,0.9840884208679199,"['SpineShoulder', 'SpineBase', 'WristRight']"
SkeletonData\SkeletonData\RawData\105_18_2_4_1_stand.txt,105,0,0,0,0.9843168258666992,0.015683112666010857,0.9843168258666992,"['SpineShoulder', 'SpineBase', 'WristRight']"
SkeletonData\SkeletonData\RawData\105_18_2_5_1_stand.txt,105,0,0,0,0.9890128374099731,0.010987181216478348,0.9890128374099731,"['SpineShoulder', 'SpineBase', 'WristRight']"
SkeletonData\SkeletonData\RawData\105_18_2_6_1_stand.txt,105,0,0,0,0.9837846755981445,0.016215357929468155,0.9837846755981445,"['SpineShoulder', 'SpineBase', 'WristRight']"
SkeletonData\SkeletonData\RawData\105_18_2_7_1_chair.txt,105,0,0,0,0.9832709431648254,0.016729000955820084,0.9832709431648254,"['SpineShoulder', 'SpineBase', 'WristLeft']"
SkeletonData\SkeletonData\RawData\105_18_2_8_1_chair.txt,105,0,0,0,0.9846625328063965,0.015337476506829262,0.9846625328063965,"['SpineShoulder', 'SpineBase', 'WristLeft']"
SkeletonData\SkeletonData\RawData\105_18_2_9_1_chair.txt,105,0,0,0,0.982333779335022,0.01766626350581646,0.982333779335022,"['SpineShoulder', 'SpineBase', 'WristLeft']"
SkeletonData\SkeletonData\RawData\105_18_3_10_1_chair.txt,105,0,0,0,0.9878895878791809,0.01211044006049633,0.9878895878791809,"['SpineShoulder', 'SpineBase', 'WristLeft']"
SkeletonData\SkeletonData\RawData\105_18_3_11_1_chair.txt,105,0,0,0,0.986153244972229,0.013846781104803085,0.986153244972229,"['SpineShoulder', 'SpineBase', 'WristLeft']"
SkeletonData\SkeletonData\RawData\105_18_3_12_1_chair.txt,105,0,0,0,0.9871125817298889,0.012887382879853249,0.9871125817298889,"['SpineShoulder', 'SpineBase', 'WristLeft']"
SkeletonData\SkeletonData\RawData\105_18_3_13_1_chair.txt,105,0,0,0,0.9837199449539185,0.016280056908726692,0.9837199449539185,"['SpineShoulder', 'SpineBase', 'WristLeft']"
SkeletonData\SkeletonData\RawData\105_18_3_14_1_chair.txt,105,0,0,0,0.9833106994628906,0.01668926328420639,0.9833106994628906,"['SpineShoulder', 'SpineBase', 'WristLeft']"
SkeletonData\SkeletonData\RawData\105_18_3_1_1_stand.txt,105,0,0,0,0.985258162021637,0.014741878025233746,0.985258162021637,"['SpineShoulder', 'SpineBase', 'WristLeft']"
SkeletonData\SkeletonData\RawData\105_18_3_2_1_stand.txt,105,0,0,0,0.9879526495933533,0.01204737089574337,0.9879526495933533,"['SpineShoulder', 'SpineBase', 'WristLeft']"
SkeletonData\SkeletonData\RawData\105_18_3_3_1_stand.txt,105,0,0,0,0.9872515201568604,0.012748446315526962,0.9872515201568604,"['SpineShoulder', 'SpineBase', 'WristLeft']"
SkeletonData\SkeletonData\RawData\105_18_3_4_1_stand.txt,105,0,0,0,0.987617552280426,0.012382478453218937,0.987617552280426,"['SpineShoulder', 'SpineBase', 'WristLeft']"
SkeletonData\SkeletonData\RawData\105_18_3_5_1_stand.txt,105,0,0,0,0.9871298670768738,0.01287007611244917,0.9871298670768738,"['SpineShoulder', 'SpineBase', 'WristLeft']"
SkeletonData\SkeletonData\RawData\105_18_3_6_1_stand.txt,105,0,0,0,0.9872620701789856,0.012737954966723919,0.9872620701789856,"['SpineShoulder', 'SpineBase', 'WristLeft']"
SkeletonData\SkeletonData\RawData\105_18_3_7_1_stand.txt,105,0,0,0,0.9871687889099121,0.012831175699830055,0.9871687889099121,"['SpineShoulder', 'SpineBase', 'WristLeft']"
SkeletonData\SkeletonData\RawData\105_18_3_8_1_stand.txt,105,0,0,0,0.9890133142471313,0.010986652225255966,0.9890133142471313,"['SpineShoulder', 'SpineBase', 'WristLeft']"
SkeletonData\SkeletonData\RawData\105_18_3_9_1_chair.txt,105,0,0,0,0.9822101593017578,0.017789820209145546,0.9822101593017578,"['SpineShoulder', 'SpineBase', 'WristLeft']"
SkeletonData\SkeletonData\RawData\105_18_4_10_1_chair.txt,105,0,0,0,0.9857223033905029,0.014277678914368153,0.9857223033905029,"['SpineShoulder', 'SpineBase', 'WristLeft']"
SkeletonData\SkeletonData\RawData\105_18_4_11_1_chair.txt,105,0,0,0,0.9834620952606201,0.01653796248137951,0.9834620952606201,"['SpineShoulder', 'SpineBase', 'WristLeft']"
SkeletonData\SkeletonData\RawData\105_18_4_12_1_chair.txt,105,0,0,0,0.9809104800224304,0.019089514389634132,0.9809104800224304,"['SpineShoulder', 'SpineBase', 'WristLeft']"
SkeletonData\SkeletonData\RawData\105_18_4_1_1_stand.txt,105,0,0,0,0.9801023602485657,0.019897663965821266,0.9801023602485657,"['SpineShoulder', 'SpineBase', 'WristRight']"
SkeletonData\SkeletonData\RawData\105_18_4_2_1_stand.txt,105,0,0,0,0.9684635996818542,0.03153640031814575,0.9684635996818542,"['SpineShoulder', 'SpineBase', 'WristRight']"
SkeletonData\SkeletonData\RawData\105_18_4_3_1_stand.txt,105,0,0,0,0.9714241623878479,0.028575794771313667,0.9714241623878479,"['SpineShoulder', 'SpineBase', 'WristRight']"
SkeletonData\SkeletonData\RawData\105_18_4_4_1_stand.txt,105,0,0,0,0.9735519886016846,0.026447951793670654,0.9735519886016846,"['SpineShoulder', 'SpineBase', 'WristRight']"
SkeletonData\SkeletonData\RawData\105_18_4_5_1_stand.txt,105,0,0,0,0.9728798866271973,0.027120083570480347,0.9728798866271973,"['SpineShoulder', 'SpineBase', 'WristRight']"
SkeletonData\SkeletonData\RawData\105_18_4_6_1_stand.txt,105,0,0,0,0.9782788157463074,0.021721208468079567,0.9782788157463074,"['SpineShoulder', 'SpineBase', 'WristRight']"
SkeletonData\SkeletonData\RawData\105_18_4_7_1_chair.txt,105,0,0,0,0.9809994697570801,0.019000519067049026,0.9809994697570801,"['SpineShoulder', 'SpineBase', 'WristLeft']"
SkeletonData\SkeletonData\RawData\105_18_4_8_1_chair.txt,105,0,0,0,0.9834950566291809,0.016504980623722076,0.9834950566291809,"['SpineShoulder', 'SpineBase', 'WristLeft']"
SkeletonData\SkeletonData\RawData\105_18_4_9_1_chair.txt,105,0,0,0,0.9864848256111145,0.01351525355130434,0.9864848256111145,"['SpineShoulder', 'SpineBase', 'WristLeft']"
SkeletonData\SkeletonData\RawData\105_18_5_10_1_chair.txt,105,0,0,0,0.9845539331436157,0.015446111559867859,0.9845539331436157,"['SpineShoulder', 'SpineBase', 'WristLeft']"
SkeletonData\SkeletonData\RawData\105_18_5_11_1_chair.txt,105,0,0,0,0.9891799688339233,0.010820082388818264,0.9891799688339233,"['SpineShoulder', 'SpineBase', 'WristLeft']"
SkeletonData\SkeletonData\RawData\105_18_5_12_1_chair.txt,105,0,0,0,0.9862891435623169,0.013710856437683105,0.9862891435623169,"['SpineShoulder', 'SpineBase', 'WristLeft']"
SkeletonData\SkeletonData\RawData\105_18_5_1_1_stand.txt,105,0,0,0,0.989628791809082,0.010371279902756214,0.989628791809082,"['SpineShoulder', 'SpineBase', 'WristLeft']"
SkeletonData\SkeletonData\RawData\105_18_5_2_1_stand.txt,105,0,0,0,0.9852976202964783,0.014702369458973408,0.9852976202964783,"['SpineShoulder', 'SpineBase', 'WristLeft']"
SkeletonData\SkeletonData\RawData\105_18_5_3_1_stand.txt,105,0,0,0,0.9849105477333069,0.015089442953467369,0.9849105477333069,"['SpineShoulder', 'SpineBase', 'WristLeft']"
SkeletonData\SkeletonData\RawData\105_18_5_4_1_stand.txt,105,0,0,0,0.9864504337310791,0.013549510389566422,0.9864504337310791,"['SpineShoulder', 'SpineBase', 'WristLeft']"
SkeletonData\SkeletonData\RawData\105_18_5_5_1_stand.txt,105,0,0,0,0.9871631264686584,0.012836866080760956,0.9871631264686584,"['SpineShoulder', 'SpineBase', 'WristLeft']"
SkeletonData\SkeletonData\RawData\105_18_5_6_1_stand.txt,105,0,0,0,0.9896000623703003,0.01039996836334467,0.9896000623703003,"['SpineShoulder', 'SpineBase', 'WristLeft']"
SkeletonData\SkeletonData\RawData\105_18_5_7_1_chair.txt,105,0,0,0,0.9884081482887268,0.011591804213821888,0.9884081482887268,"['SpineShoulder', 'SpineBase', 'WristLeft']"
SkeletonData\SkeletonData\RawData\105_18_5_8_1_chair.txt,105,0,0,0,0.9844284057617188,0.015571530908346176,0.9844284057617188,"['SpineShoulder', 'SpineBase', 'WristLeft']"
SkeletonData\SkeletonData\RawData\105_18_5_9_1_chair.txt,105,0,0,0,0.9892429113388062,0.01075708121061325,0.9892429113388062,"['SpineShoulder', 'SpineBase', 'WristLeft']"
SkeletonData\SkeletonData\RawData\105_18_6_10_1_chair.txt,105,0,0,0,0.9832525253295898,0.01674746721982956,0.9832525253295898,"['SpineShoulder', 'SpineBase', 'WristLeft']"
SkeletonData\SkeletonData\RawData\105_18_6_11_1_chair.txt,105,0,0,0,0.9755088090896606,0.02449124865233898,0.9755088090896606,"['SpineShoulder', 'SpineBase', 'WristLeft']"
SkeletonData\SkeletonData\RawData\105_18_6_12_1_chair.txt,105,0,0,0,0.9879128336906433,0.012087145820260048,0.9879128336906433,"['SpineShoulder', 'SpineBase', 'WristLeft']"
SkeletonData\SkeletonData\RawData\105_18_6_13_1_chair.txt,105,0,0,0,0.9874510765075684,0.01254891324788332,0.9874510765075684,"['SpineShoulder', 'SpineBase', 'WristLeft']"
SkeletonData\SkeletonData\RawData\105_18_6_14_1_chair.txt,105,0,0,0,0.9857931733131409,0.01420686487108469,0.9857931733131409,"['SpineShoulder', 'SpineBase', 'WristLeft']"
SkeletonData\SkeletonData\RawData\105_18_6_15_1_chair.txt,105,0,0,0,0.9834339618682861,0.016566075384616852,0.9834339618682861,"['SpineShoulder', 'SpineBase', 'WristLeft']"
SkeletonData\SkeletonData\RawData\105_18_6_16_1_chair.txt,105,0,0,0,0.6026913523674011,0.3973086178302765,0.6026913523674011,"['SpineShoulder', 'SpineBase', 'WristLeft']"
SkeletonData\SkeletonData\RawData\105_18_6_1_1_stand.txt,105,0,0,0,0.8926456570625305,0.10735435783863068,0.8926456570625305,"['SpineShoulder', 'SpineBase', 'WristLeft']"
SkeletonData\SkeletonData\RawData\105_18_6_2_1_stand.txt,105,0,0,0,0.9727427959442139,0.027257157489657402,0.9727427959442139,"['SpineShoulder', 'SpineBase', 'WristLeft']"
SkeletonData\SkeletonData\RawData\105_18_6_3_1_stand.txt,105,0,0,0,0.9799342751502991,0.02006564475595951,0.9799342751502991,"['SpineShoulder', 'SpineBase', 'WristLeft']"
SkeletonData\SkeletonData\RawData\105_18_6_4_1_stand.txt,105,0,0,0,0.955033540725708,0.044966474175453186,0.955033540725708,"['SpineShoulder', 'SpineBase', 'WristLeft']"
SkeletonData\SkeletonData\RawData\105_18_6_5_1_stand.txt,105,0,0,0,0.9878554940223694,0.01214455533772707,0.9878554940223694,"['SpineShoulder', 'SpineBase', 'WristLeft']"
SkeletonData\SkeletonData\RawData\105_18_6_6_1_stand.txt,105,0,0,0,0.9866233468055725,0.013376705348491669,0.9866233468055725,"['SpineShoulder', 'SpineBase', 'WristLeft']"
SkeletonData\SkeletonData\RawData\105_18_6_7_1_stand.txt,105,0,0,0,0.9891998767852783,0.010800124146044254,0.9891998767852783,"['SpineShoulder', 'SpineBase', 'WristLeft']"
SkeletonData\SkeletonData\RawData\105_18_6_8_1_stand.txt,105,0,0,0,0.9898520112037659,0.01014798041433096,0.9898520112037659,"['SpineShoulder', 'SpineBase', 'WristLeft']"
SkeletonData\SkeletonData\RawData\105_18_6_9_1_stand.txt,105,0,0,0,0.9869563579559326,0.013043580576777458,0.9869563579559326,"['SpineShoulder', 'SpineBase', 'WristLeft']"
SkeletonData\SkeletonData\RawData\105_18_7_10_1_chair.txt,105,0,0,0,0.9730945229530334,0.026905512437224388,0.9730945229530334,"['SpineShoulder', 'SpineBase', 'WristLeft']"
SkeletonData\SkeletonData\RawData\105_18_7_11_1_chair.txt,105,0,0,0,0.9815764427185059,0.018423568457365036,0.9815764427185059,"['SpineShoulder', 'SpineBase', 'WristLeft']"
SkeletonData\SkeletonData\RawData\105_18_7_12_1_chair.txt,105,0,0,0,0.9797287583351135,0.02027122862637043,0.9797287583351135,"['SpineShoulder', 'SpineBase', 'WristLeft']"
SkeletonData\SkeletonData\RawData\105_18_7_13_1_chair.txt,105,0,0,0,0.9580691456794739,0.04193092882633209,0.9580691456794739,"['SpineShoulder', 'SpineBase', 'WristLeft']"
SkeletonData\SkeletonData\RawData\105_18_7_1_1_stand.txt,105,0,0,0,0.8057674765586853,0.19423261284828186,0.8057674765586853,"['SpineShoulder', 'SpineBase', 'WristLeft']"
SkeletonData\SkeletonData\RawData\105_18_7_2_1_stand.txt,105,0,0,0,0.9841163754463196,0.01588359661400318,0.9841163754463196,"['SpineShoulder', 'SpineBase', 'WristLeft']"
SkeletonData\SkeletonData\RawData\105_18_7_3_1_stand.txt,105,0,0,0,0.9814490675926208,0.018550975248217583,0.9814490675926208,"['SpineShoulder', 'SpineBase', 'WristLeft']"
SkeletonData\SkeletonData\RawData\105_18_7_4_1_stand.txt,105,0,0,0,0.9274021983146667,0.07259780913591385,0.9274021983146667,"['SpineShoulder', 'SpineBase', 'WristLeft']"
SkeletonData\SkeletonData\RawData\105_18_7_5_1_stand.txt,105,0,0,0,0.9765087962150574,0.023491183295845985,0.9765087962150574,"['SpineShoulder', 'SpineBase', 'WristLeft']"
SkeletonData\SkeletonData\RawData\105_18_7_6_1_stand.txt,105,0,0,0,0.9795244336128235,0.02047560177743435,0.9795244336128235,"['SpineShoulder', 'SpineBase', 'WristLeft']"
SkeletonData\SkeletonData\RawData\105_18_7_7_1_chair.txt,105,0,0,0,0.963849663734436,0.036150336265563965,0.963849663734436,"['SpineShoulder', 'SpineBase', 'WristLeft']"
SkeletonData\SkeletonData\RawData\105_18_7_8_1_chair.txt,105,0,0,0,0.9665340781211853,0.03346589580178261,0.9665340781211853,"['SpineShoulder', 'SpineBase', 'WristLeft']"
SkeletonData\SkeletonData\RawData\105_18_7_9_1_chair.txt,105,0,0,0,0.9074901938438416,0.09250982850790024,0.9074901938438416,"['SpineShoulder', 'SpineBase', 'WristLeft']"
SkeletonData\SkeletonData\RawData\105_18_8_10_1_chair.txt,105,0,0,0,0.8177427649497986,0.18225722014904022,0.8177427649497986,"['SpineShoulder', 'SpineBase', 'WristLeft']"
SkeletonData\SkeletonData\RawData\105_18_8_11_1_chair.txt,105,0,0,1,0.3937307298183441,0.6062692403793335,0.6062692403793335,"['SpineShoulder', 'SpineBase', 'WristLeft']"
SkeletonData\SkeletonData\RawData\105_18_8_12_1_chair.txt,105,0,0,1,0.49842098355293274,0.5015789866447449,0.5015789866447449,"['SpineShoulder', 'SpineBase', 'WristLeft']"
SkeletonData\SkeletonData\RawData\105_18_8_1_1_stand.txt,105,0,0,0,0.9826122522354126,0.017387766391038895,0.9826122522354126,"['SpineShoulder', 'SpineBase', 'WristLeft']"
SkeletonData\SkeletonData\RawData\105_18_8_2_1_stand.txt,105,0,0,0,0.9774961471557617,0.022503839805722237,0.9774961471557617,"['SpineShoulder', 'SpineBase', 'WristLeft']"
SkeletonData\SkeletonData\RawData\105_18_8_3_1_stand.txt,105,0,0,0,0.9781161546707153,0.021883780136704445,0.9781161546707153,"['SpineShoulder', 'SpineBase', 'WristLeft']"
SkeletonData\SkeletonData\RawData\105_18_8_4_1_stand.txt,105,0,0,0,0.9782577157020569,0.021742261946201324,0.9782577157020569,"['SpineShoulder', 'SpineBase', 'WristLeft']"
SkeletonData\SkeletonData\RawData\105_18_8_5_1_stand.txt,105,0,0,0,0.8801739811897278,0.11982599645853043,0.8801739811897278,"['SpineShoulder', 'SpineBase', 'WristLeft']"
SkeletonData\SkeletonData\RawData\105_18_8_6_1_stand.txt,105,0,0,0,0.9744735956192017,0.025526434183120728,0.9744735956192017,"['SpineShoulder', 'SpineBase', 'WristLeft']"
SkeletonData\SkeletonData\RawData\105_18_8_7_1_chair.txt,105,0,0,0,0.9669665694236755,0.033033449202775955,0.9669665694236755,"['SpineShoulder', 'SpineBase', 'WristLeft']"
SkeletonData\SkeletonData\RawData\105_18_8_8_1_chair.txt,105,0,0,0,0.9620290994644165,0.03797086700797081,0.9620290994644165,"['SpineShoulder', 'SpineBase', 'WristLeft']"
SkeletonData\SkeletonData\RawData\105_18_8_9_1_chair.txt,105,0,0,0,0.917878270149231,0.08212175965309143,0.917878270149231,"['SpineShoulder', 'SpineBase', 'WristLeft']"
SkeletonData\SkeletonData\RawData\106_18_0_10_1_chair.txt,106,3,0,0,0.8914645910263062,0.10853541642427444,0.8914645910263062,"['SpineShoulder', 'SpineBase', 'WristLeft']"
SkeletonData\SkeletonData\RawData\106_18_0_11_1_chair.txt,106,3,0,0,0.9009134769439697,0.09908654540777206,0.9009134769439697,"['SpineShoulder', 'SpineBase', 'WristLeft']"
SkeletonData\SkeletonData\RawData\106_18_0_1_1_stand.txt,106,3,0,0,0.9385241866111755,0.061475809663534164,0.9385241866111755,"['SpineShoulder', 'SpineBase', 'WristLeft']"
SkeletonData\SkeletonData\RawData\106_18_0_2_1_stand.txt,106,3,0,0,0.8177744746208191,0.18222551047801971,0.8177744746208191,"['SpineShoulder', 'SpineBase', 'WristLeft']"
SkeletonData\SkeletonData\RawData\106_18_0_3_1_stand.txt,106,3,0,0,0.976556658744812,0.02344333752989769,0.976556658744812,"['SpineShoulder', 'SpineBase', 'WristLeft']"
SkeletonData\SkeletonData\RawData\106_18_0_4_1_stand.txt,106,3,0,0,0.967251181602478,0.03274882957339287,0.967251181602478,"['SpineShoulder', 'SpineBase', 'WristLeft']"
SkeletonData\SkeletonData\RawData\106_18_0_5_1_stand.txt,106,3,0,0,0.9881211519241333,0.011878805235028267,0.9881211519241333,"['SpineShoulder', 'SpineBase', 'WristLeft']"
SkeletonData\SkeletonData\RawData\106_18_0_6_1_chair.txt,106,3,0,0,0.9218470454216003,0.07815295457839966,0.9218470454216003,"['SpineShoulder', 'SpineBase', 'WristLeft']"
SkeletonData\SkeletonData\RawData\106_18_0_7_1_chair.txt,106,3,0,0,0.7873356938362122,0.21266429126262665,0.7873356938362122,"['SpineShoulder', 'SpineBase', 'WristLeft']"
SkeletonData\SkeletonData\RawData\106_18_0_8_1_chair.txt,106,3,0,0,0.8536595702171326,0.14634038507938385,0.8536595702171326,"['SpineShoulder', 'SpineBase', 'WristLeft']"
SkeletonData\SkeletonData\RawData\106_18_0_9_1_chair.txt,106,3,0,0,0.9293038845062256,0.07069612294435501,0.9293038845062256,"['SpineShoulder', 'SpineBase', 'WristLeft']"
SkeletonData\SkeletonData\RawData\106_18_1_10_1_chair.txt,106,3,0,0,0.9146207571029663,0.08537925779819489,0.9146207571029663,"['SpineShoulder', 'SpineBase', 'WristRight']"
SkeletonData\SkeletonData\RawData\106_18_1_11_1_chair.txt,106,3,0,0,0.9470728635787964,0.0529271699488163,0.9470728635787964,"['SpineShoulder', 'SpineBase', 'WristRight']"
SkeletonData\SkeletonData\RawData\106_18_1_12_1_chair.txt,106,3,0,0,0.960981011390686,0.039018966257572174,0.960981011390686,"['SpineShoulder', 'SpineBase', 'WristRight']"
SkeletonData\SkeletonData\RawData\106_18_1_1_1_stand.txt,106,3,0,0,0.9698571562767029,0.03014281764626503,0.9698571562767029,"['SpineShoulder', 'SpineBase', 'WristRight']"
SkeletonData\SkeletonData\RawData\106_18_1_2_1_stand.txt,106,3,0,0,0.9918097853660583,0.008190194144845009,0.9918097853660583,"['SpineShoulder', 'SpineBase', 'WristRight']"
SkeletonData\SkeletonData\RawData\106_18_1_3_1_stand.txt,106,3,0,0,0.9928471446037292,0.007152863312512636,0.9928471446037292,"['SpineShoulder', 'SpineBase', 'WristRight']"
SkeletonData\SkeletonData\RawData\106_18_1_4_1_stand.txt,106,3,0,0,0.9910139441490173,0.008986013941466808,0.9910139441490173,"['SpineShoulder', 'SpineBase', 'WristRight']"
SkeletonData\SkeletonData\RawData\106_18_1_5_1_stand.txt,106,3,0,0,0.9924967288970947,0.0075032697059214115,0.9924967288970947,"['SpineShoulder', 'SpineBase', 'WristRight']"
SkeletonData\SkeletonData\RawData\106_18_1_6_1_stand.txt,106,3,0,0,0.985600471496582,0.014399589970707893,0.985600471496582,"['SpineShoulder', 'SpineBase', 'WristRight']"
SkeletonData\SkeletonData\RawData\106_18_1_7_1_chair.txt,106,3,0,0,0.9808212518692017,0.019178738817572594,0.9808212518692017,"['SpineShoulder', 'SpineBase', 'WristRight']"
SkeletonData\SkeletonData\RawData\106_18_1_8_1_chair.txt,106,3,0,0,0.9545171856880188,0.0454828105866909,0.9545171856880188,"['SpineShoulder', 'SpineBase', 'WristRight']"
SkeletonData\SkeletonData\RawData\106_18_1_9_1_chair.txt,106,3,0,0,0.9608557820320129,0.03914428502321243,0.9608557820320129,"['SpineShoulder', 'SpineBase', 'WristRight']"
SkeletonData\SkeletonData\RawData\106_18_2_10_1_chair.txt,106,3,0,0,0.9478397965431213,0.052160218358039856,0.9478397965431213,"['SpineShoulder', 'SpineBase', 'WristRight']"
SkeletonData\SkeletonData\RawData\106_18_2_11_1_chair.txt,106,3,0,0,0.8968315720558167,0.10316850990056992,0.8968315720558167,"['SpineShoulder', 'SpineBase', 'WristRight']"
SkeletonData\SkeletonData\RawData\106_18_2_12_1_chair.txt,106,3,0,0,0.910405695438385,0.08959431201219559,0.910405695438385,"['SpineShoulder', 'SpineBase', 'WristRight']"
SkeletonData\SkeletonData\RawData\106_18_2_1_1_stand.txt,106,3,0,0,0.9519238471984863,0.04807618632912636,0.9519238471984863,"['SpineShoulder', 'SpineBase', 'WristLeft']"
SkeletonData\SkeletonData\RawData\106_18_2_2_1_stand.txt,106,3,0,0,0.9866517782211304,0.013348187319934368,0.9866517782211304,"['SpineShoulder', 'SpineBase', 'WristLeft']"
SkeletonData\SkeletonData\RawData\106_18_2_3_1_stand.txt,106,3,0,0,0.9833005666732788,0.016699418425559998,0.9833005666732788,"['SpineShoulder', 'SpineBase', 'WristLeft']"
SkeletonData\SkeletonData\RawData\106_18_2_4_1_stand.txt,106,3,0,0,0.9717448949813843,0.02825513854622841,0.9717448949813843,"['SpineShoulder', 'SpineBase', 'WristLeft']"
SkeletonData\SkeletonData\RawData\106_18_2_5_1_stand.txt,106,3,0,0,0.966907262802124,0.033092718571424484,0.966907262802124,"['SpineShoulder', 'SpineBase', 'WristLeft']"
SkeletonData\SkeletonData\RawData\106_18_2_6_1_stand.txt,106,3,0,0,0.9625522494316101,0.0374477356672287,0.9625522494316101,"['SpineShoulder', 'SpineBase', 'WristLeft']"
SkeletonData\SkeletonData\RawData\106_18_2_7_1_chair.txt,106,3,0,0,0.9535316824913025,0.04646839573979378,0.9535316824913025,"['SpineShoulder', 'SpineBase', 'WristRight']"
SkeletonData\SkeletonData\RawData\106_18_2_8_1_chair.txt,106,3,0,0,0.9672332406044006,0.03276675567030907,0.9672332406044006,"['SpineShoulder', 'SpineBase', 'WristRight']"
SkeletonData\SkeletonData\RawData\106_18_2_9_1_chair.txt,106,3,0,0,0.9478869438171387,0.05211300402879715,0.9478869438171387,"['SpineShoulder', 'SpineBase', 'WristRight']"
SkeletonData\SkeletonData\RawData\106_18_3_10_1_chair.txt,106,3,0,0,0.945549726486206,0.054450273513793945,0.945549726486206,"['SpineShoulder', 'SpineBase', 'WristRight']"
SkeletonData\SkeletonData\RawData\106_18_3_11_1_chair.txt,106,3,0,0,0.9430323243141174,0.05696769058704376,0.9430323243141174,"['SpineShoulder', 'SpineBase', 'WristRight']"
SkeletonData\SkeletonData\RawData\106_18_3_12_1_chair.txt,106,3,0,0,0.9323821067810059,0.0676179751753807,0.9323821067810059,"['SpineShoulder', 'SpineBase', 'WristRight']"
SkeletonData\SkeletonData\RawData\106_18_3_1_1_stand.txt,106,3,0,0,0.9886793494224548,0.011320679448544979,0.9886793494224548,"['SpineShoulder', 'SpineBase', 'WristLeft']"
SkeletonData\SkeletonData\RawData\106_18_3_2_1_stand.txt,106,3,0,0,0.9899307489395142,0.010069290176033974,0.9899307489395142,"['SpineShoulder', 'SpineBase', 'WristLeft']"
SkeletonData\SkeletonData\RawData\106_18_3_3_1_stand.txt,106,3,0,0,0.989424467086792,0.010575461201369762,0.989424467086792,"['SpineShoulder', 'SpineBase', 'WristLeft']"
SkeletonData\SkeletonData\RawData\106_18_3_4_1_stand.txt,106,3,0,0,0.98988276720047,0.010117261670529842,0.98988276720047,"['SpineShoulder', 'SpineBase', 'WristLeft']"
SkeletonData\SkeletonData\RawData\106_18_3_5_1_stand.txt,106,3,0,0,0.9898513555526733,0.010148664936423302,0.9898513555526733,"['SpineShoulder', 'SpineBase', 'WristLeft']"
SkeletonData\SkeletonData\RawData\106_18_3_6_1_stand.txt,106,3,0,0,0.9880961179733276,0.011903866194188595,0.9880961179733276,"['SpineShoulder', 'SpineBase', 'WristLeft']"
SkeletonData\SkeletonData\RawData\106_18_3_7_1_chair.txt,106,3,0,0,0.9338982105255127,0.06610176712274551,0.9338982105255127,"['SpineShoulder', 'SpineBase', 'WristRight']"
SkeletonData\SkeletonData\RawData\106_18_3_8_1_chair.txt,106,3,0,0,0.9174196124076843,0.08258042484521866,0.9174196124076843,"['SpineShoulder', 'SpineBase', 'WristRight']"
SkeletonData\SkeletonData\RawData\106_18_3_9_1_chair.txt,106,3,0,0,0.9601612091064453,0.0398387648165226,0.9601612091064453,"['SpineShoulder', 'SpineBase', 'WristRight']"
SkeletonData\SkeletonData\RawData\106_18_4_10_1_chair.txt,106,3,0,0,0.9631679058074951,0.03683210536837578,0.9631679058074951,"['SpineShoulder', 'SpineBase', 'WristRight']"
SkeletonData\SkeletonData\RawData\106_18_4_11_1_chair.txt,106,3,0,0,0.9527193307876587,0.047280654311180115,0.9527193307876587,"['SpineShoulder', 'SpineBase', 'WristRight']"
SkeletonData\SkeletonData\RawData\106_18_4_12_1_chair.txt,106,3,0,0,0.9631907343864441,0.0368092842400074,0.9631907343864441,"['SpineShoulder', 'SpineBase', 'WristRight']"
SkeletonData\SkeletonData\RawData\106_18_4_1_1_stand.txt,106,3,0,0,0.9074628353118896,0.09253714978694916,0.9074628353118896,"['SpineShoulder', 'SpineBase', 'WristRight']"
SkeletonData\SkeletonData\RawData\106_18_4_2_1_stand.txt,106,3,0,0,0.9586055874824524,0.04139435663819313,0.9586055874824524,"['SpineShoulder', 'SpineBase', 'WristRight']"
SkeletonData\SkeletonData\RawData\106_18_4_3_1_stand.txt,106,3,0,0,0.978157103061676,0.021842865273356438,0.978157103061676,"['SpineShoulder', 'SpineBase', 'WristRight']"
SkeletonData\SkeletonData\RawData\106_18_4_4_1_stand.txt,106,3,0,0,0.9816206097602844,0.018379343673586845,0.9816206097602844,"['SpineShoulder', 'SpineBase', 'WristRight']"
SkeletonData\SkeletonData\RawData\106_18_4_5_1_stand.txt,106,3,0,0,0.9820441007614136,0.017955923452973366,0.9820441007614136,"['SpineShoulder', 'SpineBase', 'WristRight']"
SkeletonData\SkeletonData\RawData\106_18_4_6_1_stand.txt,106,3,0,0,0.9792442917823792,0.02075570449233055,0.9792442917823792,"['SpineShoulder', 'SpineBase', 'WristRight']"
SkeletonData\SkeletonData\RawData\106_18_4_7_1_chair.txt,106,3,0,0,0.9047877192497253,0.09521229565143585,0.9047877192497253,"['SpineShoulder', 'SpineBase', 'WristRight']"
SkeletonData\SkeletonData\RawData\106_18_4_8_1_chair.txt,106,3,0,0,0.944306492805481,0.05569351091980934,0.944306492805481,"['SpineShoulder', 'SpineBase', 'WristRight']"
SkeletonData\SkeletonData\RawData\106_18_4_9_1_chair.txt,106,3,0,0,0.9275261759757996,0.07247378677129745,0.9275261759757996,"['SpineShoulder', 'SpineBase', 'WristRight']"
SkeletonData\SkeletonData\RawData\106_18_5_10_1_chair.txt,106,3,0,0,0.9336486458778381,0.06635140627622604,0.9336486458778381,"['SpineShoulder', 'SpineBase', 'WristRight']"
SkeletonData\SkeletonData\RawData\106_18_5_11_1_chair.txt,106,3,0,0,0.9129401445388794,0.087059885263443,0.9129401445388794,"['SpineShoulder', 'SpineBase', 'WristRight']"
SkeletonData\SkeletonData\RawData\106_18_5_12_1_chair.txt,106,3,0,0,0.9548361301422119,0.0451638363301754,0.9548361301422119,"['SpineShoulder', 'SpineBase', 'WristRight']"
SkeletonData\SkeletonData\RawData\106_18_5_1_1_stand.txt,106,3,0,0,0.986268162727356,0.013731887564063072,0.986268162727356,"['SpineShoulder', 'SpineBase', 'WristLeft']"
SkeletonData\SkeletonData\RawData\106_18_5_2_1_stand.txt,106,3,0,0,0.983337938785553,0.01666213385760784,0.983337938785553,"['SpineShoulder', 'SpineBase', 'WristLeft']"
SkeletonData\SkeletonData\RawData\106_18_5_3_1_stand.txt,106,3,0,0,0.986242949962616,0.0137570109218359,0.986242949962616,"['SpineShoulder', 'SpineBase', 'WristLeft']"
SkeletonData\SkeletonData\RawData\106_18_5_4_1_stand.txt,106,3,0,0,0.9816312193870544,0.018368804827332497,0.9816312193870544,"['SpineShoulder', 'SpineBase', 'WristLeft']"
SkeletonData\SkeletonData\RawData\106_18_5_5_1_stand.txt,106,3,0,0,0.9862598776817322,0.013740149326622486,0.9862598776817322,"['SpineShoulder', 'SpineBase', 'WristLeft']"
SkeletonData\SkeletonData\RawData\106_18_5_6_1_stand.txt,106,3,0,0,0.9811191558837891,0.01888085901737213,0.9811191558837891,"['SpineShoulder', 'SpineBase', 'WristLeft']"
SkeletonData\SkeletonData\RawData\106_18_5_7_1_chair.txt,106,3,0,0,0.931634247303009,0.06836573034524918,0.931634247303009,"['SpineShoulder', 'SpineBase', 'WristRight']"
SkeletonData\SkeletonData\RawData\106_18_5_8_1_chair.txt,106,3,0,0,0.9012112021446228,0.09878885746002197,0.9012112021446228,"['SpineShoulder', 'SpineBase', 'WristRight']"
SkeletonData\SkeletonData\RawData\106_18_5_9_1_chair.txt,106,3,0,0,0.9374613761901855,0.06253862380981445,0.9374613761901855,"['SpineShoulder', 'SpineBase', 'WristRight']"
SkeletonData\SkeletonData\RawData\106_18_6_10_1_chair.txt,106,3,0,0,0.960427463054657,0.039572566747665405,0.960427463054657,"['SpineShoulder', 'SpineBase', 'WristLeft']"
SkeletonData\SkeletonData\RawData\106_18_6_11_1_chair.txt,106,3,0,0,0.975009024143219,0.02499103732407093,0.975009024143219,"['SpineShoulder', 'SpineBase', 'WristLeft']"
SkeletonData\SkeletonData\RawData\106_18_6_12_1_chair.txt,106,3,0,0,0.9293556809425354,0.0706443265080452,0.9293556809425354,"['SpineShoulder', 'SpineBase', 'WristLeft']"
SkeletonData\SkeletonData\RawData\106_18_6_1_1_stand.txt,106,3,0,0,0.9882340431213379,0.011765960603952408,0.9882340431213379,"['SpineShoulder', 'SpineBase', 'WristLeft']"
SkeletonData\SkeletonData\RawData\106_18_6_2_1_stand.txt,106,3,0,0,0.9879804253578186,0.012019575573503971,0.9879804253578186,"['SpineShoulder', 'SpineBase', 'WristLeft']"
SkeletonData\SkeletonData\RawData\106_18_6_3_1_stand.txt,106,3,0,0,0.985308825969696,0.014691120944917202,0.985308825969696,"['SpineShoulder', 'SpineBase', 'WristLeft']"
SkeletonData\SkeletonData\RawData\106_18_6_4_1_stand.txt,106,3,0,0,0.9714855551719666,0.028514374047517776,0.9714855551719666,"['SpineShoulder', 'SpineBase', 'WristLeft']"
SkeletonData\SkeletonData\RawData\106_18_6_5_1_stand.txt,106,3,0,0,0.9704235196113586,0.029576407745480537,0.9704235196113586,"['SpineShoulder', 'SpineBase', 'WristLeft']"
SkeletonData\SkeletonData\RawData\106_18_6_6_1_stand.txt,106,3,0,0,0.9771029949188232,0.022897029295563698,0.9771029949188232,"['SpineShoulder', 'SpineBase', 'WristLeft']"
SkeletonData\SkeletonData\RawData\106_18_6_7_1_chair.txt,106,3,0,0,0.9670853018760681,0.03291470929980278,0.9670853018760681,"['SpineShoulder', 'SpineBase', 'WristLeft']"
SkeletonData\SkeletonData\RawData\106_18_6_8_1_chair.txt,106,3,0,0,0.9773961305618286,0.02260388247668743,0.9773961305618286,"['SpineShoulder', 'SpineBase', 'WristLeft']"
SkeletonData\SkeletonData\RawData\106_18_6_9_1_chair.txt,106,3,0,0,0.9781771898269653,0.021822845563292503,0.9781771898269653,"['SpineShoulder', 'SpineBase', 'WristLeft']"
SkeletonData\SkeletonData\RawData\106_18_7_10_1_chair.txt,106,3,0,0,0.8561152815818787,0.14388470351696014,0.8561152815818787,"['SpineShoulder', 'SpineBase', 'WristRight']"
SkeletonData\SkeletonData\RawData\106_18_7_11_1_chair.txt,106,3,0,0,0.8881707787513733,0.11182921379804611,0.8881707787513733,"['SpineShoulder', 'SpineBase', 'WristRight']"
SkeletonData\SkeletonData\RawData\106_18_7_12_1_chair.txt,106,3,0,0,0.8764126300811768,0.12358731776475906,0.8764126300811768,"['SpineShoulder', 'SpineBase', 'WristRight']"
SkeletonData\SkeletonData\RawData\106_18_7_1_1_stand.txt,106,3,0,0,0.9756332635879517,0.024366755038499832,0.9756332635879517,"['SpineShoulder', 'SpineBase', 'WristLeft']"
SkeletonData\SkeletonData\RawData\106_18_7_2_1_stand.txt,106,3,0,0,0.9734111428260803,0.02658890001475811,0.9734111428260803,"['SpineShoulder', 'SpineBase', 'WristRight']"
SkeletonData\SkeletonData\RawData\106_18_7_3_1_stand.txt,106,3,0,0,0.9576061964035034,0.04239378124475479,0.9576061964035034,"['SpineShoulder', 'SpineBase', 'WristRight']"
SkeletonData\SkeletonData\RawData\106_18_7_4_1_stand.txt,106,3,0,0,0.9378665089607239,0.06213353946805,0.9378665089607239,"['SpineShoulder', 'SpineBase', 'WristRight']"
SkeletonData\SkeletonData\RawData\106_18_7_5_1_stand.txt,106,3,0,0,0.6233983635902405,0.3766016662120819,0.6233983635902405,"['SpineShoulder', 'SpineBase', 'WristLeft']"
SkeletonData\SkeletonData\RawData\106_18_7_6_1_stand.txt,106,3,0,0,0.9694869518280029,0.030513031408190727,0.9694869518280029,"['SpineShoulder', 'SpineBase', 'WristLeft']"
SkeletonData\SkeletonData\RawData\106_18_7_7_1_chair.txt,106,3,0,0,0.9115799069404602,0.08842004835605621,0.9115799069404602,"['SpineShoulder', 'SpineBase', 'WristLeft']"
SkeletonData\SkeletonData\RawData\106_18_7_8_1_chair.txt,106,3,0,0,0.6675859093666077,0.3324141502380371,0.6675859093666077,"['SpineShoulder', 'SpineBase', 'WristRight']"
SkeletonData\SkeletonData\RawData\106_18_7_9_1_chair.txt,106,3,0,0,0.7855072021484375,0.2144928127527237,0.7855072021484375,"['SpineShoulder', 'SpineBase', 'WristRight']"
SkeletonData\SkeletonData\RawData\106_18_8_10_1_chair.txt,106,3,0,0,0.8194538950920105,0.1805461198091507,0.8194538950920105,"['SpineShoulder', 'SpineBase', 'WristRight']"
SkeletonData\SkeletonData\RawData\106_18_8_11_1_chair.txt,106,3,0,0,0.9091985821723938,0.09080135822296143,0.9091985821723938,"['SpineShoulder', 'SpineBase', 'WristRight']"
SkeletonData\SkeletonData\RawData\106_18_8_12_1_chair.txt,106,3,0,0,0.8526983261108398,0.14730168879032135,0.8526983261108398,"['SpineShoulder', 'SpineBase', 'WristRight']"
SkeletonData\SkeletonData\RawData\106_18_8_1_1_stand.txt,106,3,0,0,0.8356919288635254,0.16430804133415222,0.8356919288635254,"['SpineShoulder', 'SpineBase', 'WristRight']"
SkeletonData\SkeletonData\RawData\106_18_8_2_1_stand.txt,106,3,0,0,0.5551820397377014,0.4448179602622986,0.5551820397377014,"['SpineShoulder', 'SpineBase', 'WristLeft']"
SkeletonData\SkeletonData\RawData\106_18_8_3_1_stand.txt,106,3,0,0,0.6532188653945923,0.3467811644077301,0.6532188653945923,"['SpineShoulder', 'SpineBase', 'WristRight']"
SkeletonData\SkeletonData\RawData\106_18_8_4_1_stand.txt,106,3,0,0,0.6665538549423218,0.3334461450576782,0.6665538549423218,"['SpineShoulder', 'SpineBase', 'WristRight']"
SkeletonData\SkeletonData\RawData\106_18_8_5_1_stand.txt,106,3,0,0,0.9198269844055176,0.08017301559448242,0.9198269844055176,"['SpineShoulder', 'SpineBase', 'WristRight']"
SkeletonData\SkeletonData\RawData\106_18_8_6_1_stand.txt,106,3,0,0,0.9237735867500305,0.0762263685464859,0.9237735867500305,"['SpineShoulder', 'SpineBase', 'WristLeft']"
SkeletonData\SkeletonData\RawData\106_18_8_7_1_chair.txt,106,3,0,0,0.7034751772880554,0.2965247929096222,0.7034751772880554,"['SpineShoulder', 'SpineBase', 'WristRight']"
SkeletonData\SkeletonData\RawData\106_18_8_8_1_chair.txt,106,3,0,0,0.91469407081604,0.08530592918395996,0.91469407081604,"['SpineShoulder', 'SpineBase', 'WristRight']"
SkeletonData\SkeletonData\RawData\106_18_8_9_1_chair.txt,106,3,0,0,0.7030044794082642,0.2969955503940582,0.7030044794082642,"['SpineShoulder', 'SpineBase', 'WristRight']"
SkeletonData\SkeletonData\RawData\107_18_0_10_1_chair.txt,107,2,0,0,0.964277446269989,0.03572258725762367,0.964277446269989,"['SpineShoulder', 'SpineBase', 'WristRight']"
SkeletonData\SkeletonData\RawData\107_18_0_11_1_chair.txt,107,2,0,0,0.9644290804862976,0.03557096794247627,0.9644290804862976,"['SpineShoulder', 'SpineBase', 'WristRight']"
SkeletonData\SkeletonData\RawData\107_18_0_12_1_chair.txt,107,2,0,0,0.9696637988090515,0.030336227267980576,0.9696637988090515,"['SpineShoulder', 'SpineBase', 'WristLeft']"
SkeletonData\SkeletonData\RawData\107_18_0_1_1_stand.txt,107,2,0,0,0.7504039406776428,0.24959611892700195,0.7504039406776428,"['SpineShoulder', 'SpineBase', 'WristLeft']"
SkeletonData\SkeletonData\RawData\107_18_0_2_1_stand.txt,107,2,0,0,0.9820292592048645,0.01797070913016796,0.9820292592048645,"['SpineShoulder', 'SpineBase', 'WristLeft']"
SkeletonData\SkeletonData\RawData\107_18_0_3_1_stand.txt,107,2,0,0,0.9817442297935486,0.018255703151226044,0.9817442297935486,"['SpineShoulder', 'SpineBase', 'WristLeft']"
SkeletonData\SkeletonData\RawData\107_18_0_4_1_stand.txt,107,2,0,0,0.981781005859375,0.018218994140625,0.981781005859375,"['SpineShoulder', 'SpineBase', 'WristLeft']"
SkeletonData\SkeletonData\RawData\107_18_0_5_1_stand.txt,107,2,0,0,0.9750494956970215,0.02495051920413971,0.9750494956970215,"['SpineShoulder', 'SpineBase', 'WristLeft']"
SkeletonData\SkeletonData\RawData\107_18_0_6_1_stand.txt,107,2,0,0,0.9894421100616455,0.010557939298450947,0.9894421100616455,"['SpineShoulder', 'SpineBase', 'WristLeft']"
SkeletonData\SkeletonData\RawData\107_18_0_7_1_chair.txt,107,2,0,0,0.8977884650230408,0.10221146047115326,0.8977884650230408,"['SpineShoulder', 'SpineBase', 'WristRight']"
SkeletonData\SkeletonData\RawData\107_18_0_8_1_chair.txt,107,2,0,0,0.9741307497024536,0.02586923912167549,0.9741307497024536,"['SpineShoulder', 'SpineBase', 'WristRight']"
SkeletonData\SkeletonData\RawData\107_18_0_9_1_chair.txt,107,2,0,0,0.9809201955795288,0.01907973736524582,0.9809201955795288,"['SpineShoulder', 'SpineBase', 'WristLeft']"
SkeletonData\SkeletonData\RawData\107_18_1_10_1_chair.txt,107,2,0,0,0.9487342834472656,0.051265690475702286,0.9487342834472656,"['SpineShoulder', 'SpineBase', 'WristLeft']"
SkeletonData\SkeletonData\RawData\107_18_1_11_1_chair.txt,107,2,0,0,0.950018048286438,0.049981966614723206,0.950018048286438,"['SpineShoulder', 'SpineBase', 'WristLeft']"
SkeletonData\SkeletonData\RawData\107_18_1_12_1_chair.txt,107,2,0,0,0.9642972350120544,0.03570277616381645,0.9642972350120544,"['SpineShoulder', 'SpineBase', 'WristLeft']"
SkeletonData\SkeletonData\RawData\107_18_1_1_1_stand.txt,107,2,0,0,0.9718347191810608,0.028165346011519432,0.9718347191810608,"['SpineShoulder', 'SpineBase', 'WristRight']"
SkeletonData\SkeletonData\RawData\107_18_1_2_1_stand.txt,107,2,0,0,0.9885975122451782,0.011402470991015434,0.9885975122451782,"['SpineShoulder', 'SpineBase', 'WristLeft']"
SkeletonData\SkeletonData\RawData\107_18_1_3_1_stand.txt,107,2,0,0,0.991563081741333,0.008436841890215874,0.991563081741333,"['SpineShoulder', 'SpineBase', 'WristRight']"
SkeletonData\SkeletonData\RawData\107_18_1_4_1_stand.txt,107,2,0,0,0.9903387427330017,0.00966122467070818,0.9903387427330017,"['SpineShoulder', 'SpineBase', 'WristRight']"
SkeletonData\SkeletonData\RawData\107_18_1_5_1_stand.txt,107,2,0,0,0.990311861038208,0.009688155725598335,0.990311861038208,"['SpineShoulder', 'SpineBase', 'WristRight']"
SkeletonData\SkeletonData\RawData\107_18_1_6_1_stand.txt,107,2,0,0,0.9910920262336731,0.008907989598810673,0.9910920262336731,"['SpineShoulder', 'SpineBase', 'WristRight']"
SkeletonData\SkeletonData\RawData\107_18_1_7_1_chair.txt,107,2,0,0,0.9645311832427979,0.03546880558133125,0.9645311832427979,"['SpineShoulder', 'SpineBase', 'WristLeft']"
SkeletonData\SkeletonData\RawData\107_18_1_8_1_chair.txt,107,2,0,0,0.8606995940208435,0.1393003761768341,0.8606995940208435,"['SpineShoulder', 'SpineBase', 'WristLeft']"
SkeletonData\SkeletonData\RawData\107_18_1_9_1_chair.txt,107,2,0,0,0.9653066992759705,0.03469327092170715,0.9653066992759705,"['SpineShoulder', 'SpineBase', 'WristLeft']"
SkeletonData\SkeletonData\RawData\107_18_2_10_1_chair.txt,107,2,0,0,0.5608950257301331,0.43910497426986694,0.5608950257301331,"['SpineShoulder', 'SpineBase', 'WristRight']"
SkeletonData\SkeletonData\RawData\107_18_2_11_1_chair.txt,107,2,0,0,0.6292110085487366,0.37078896164894104,0.6292110085487366,"['SpineShoulder', 'SpineBase', 'WristRight']"
SkeletonData\SkeletonData\RawData\107_18_2_12_1_chair.txt,107,2,0,0,0.5790606737136841,0.42093926668167114,0.5790606737136841,"['SpineShoulder', 'SpineBase', 'WristRight']"
SkeletonData\SkeletonData\RawData\107_18_2_1_1_stand.txt,107,2,0,0,0.9850162267684937,0.014983821660280228,0.9850162267684937,"['SpineShoulder', 'SpineBase', 'WristLeft']"
SkeletonData\SkeletonData\RawData\107_18_2_2_1_stand.txt,107,2,0,0,0.9829233288764954,0.017076656222343445,0.9829233288764954,"['SpineShoulder', 'SpineBase', 'WristLeft']"
SkeletonData\SkeletonData\RawData\107_18_2_3_1_stand.txt,107,2,0,0,0.9715220332145691,0.02847791463136673,0.9715220332145691,"['SpineShoulder', 'SpineBase', 'WristLeft']"
SkeletonData\SkeletonData\RawData\107_18_2_4_1_stand.txt,107,2,0,0,0.9861519932746887,0.013848024420440197,0.9861519932746887,"['SpineShoulder', 'SpineBase', 'WristLeft']"
SkeletonData\SkeletonData\RawData\107_18_2_5_1_stand.txt,107,2,0,0,0.9834781289100647,0.016521915793418884,0.9834781289100647,"['SpineShoulder', 'SpineBase', 'WristLeft']"
SkeletonData\SkeletonData\RawData\107_18_2_6_1_stand.txt,107,2,0,0,0.9838438630104065,0.01615610159933567,0.9838438630104065,"['SpineShoulder', 'SpineBase', 'WristLeft']"
SkeletonData\SkeletonData\RawData\107_18_2_7_1_chair.txt,107,2,0,0,0.6010598540306091,0.39894014596939087,0.6010598540306091,"['SpineShoulder', 'SpineBase', 'WristRight']"
SkeletonData\SkeletonData\RawData\107_18_2_8_1_chair.txt,107,2,0,0,0.6571096777915955,0.34289032220840454,0.6571096777915955,"['SpineShoulder', 'SpineBase', 'WristRight']"
SkeletonData\SkeletonData\RawData\107_18_2_9_1_chair.txt,107,2,0,0,0.6108472943305969,0.38915273547172546,0.6108472943305969,"['SpineShoulder', 'SpineBase', 'WristRight']"
SkeletonData\SkeletonData\RawData\107_18_3_10_1_chair.txt,107,2,0,0,0.9563650488853455,0.04363493248820305,0.9563650488853455,"['SpineShoulder', 'SpineBase', 'WristRight']"
SkeletonData\SkeletonData\RawData\107_18_3_11_1_chair.txt,107,2,0,0,0.9388411045074463,0.06115894392132759,0.9388411045074463,"['SpineShoulder', 'SpineBase', 'WristRight']"
SkeletonData\SkeletonData\RawData\107_18_3_12_1_chair.txt,107,2,0,0,0.9511921405792236,0.04880787804722786,0.9511921405792236,"['SpineShoulder', 'SpineBase', 'WristRight']"
SkeletonData\SkeletonData\RawData\107_18_3_1_1_stand.txt,107,2,0,0,0.9791263341903687,0.020873667672276497,0.9791263341903687,"['SpineShoulder', 'SpineBase', 'WristRight']"
SkeletonData\SkeletonData\RawData\107_18_3_2_1_stand.txt,107,2,0,0,0.9863116145133972,0.013688383623957634,0.9863116145133972,"['SpineShoulder', 'SpineBase', 'WristRight']"
SkeletonData\SkeletonData\RawData\107_18_3_3_1_stand.txt,107,2,0,0,0.9893660545349121,0.010633989237248898,0.9893660545349121,"['SpineShoulder', 'SpineBase', 'WristRight']"
SkeletonData\SkeletonData\RawData\107_18_3_4_1_stand.txt,107,2,0,0,0.9895063042640686,0.010493660345673561,0.9895063042640686,"['SpineShoulder', 'SpineBase', 'WristRight']"
SkeletonData\SkeletonData\RawData\107_18_3_5_1_stand.txt,107,2,0,0,0.9890604019165039,0.01093954499810934,0.9890604019165039,"['SpineShoulder', 'SpineBase', 'WristRight']"
SkeletonData\SkeletonData\RawData\107_18_3_6_1_stand.txt,107,2,0,0,0.9874557256698608,0.012544289231300354,0.9874557256698608,"['SpineShoulder', 'SpineBase', 'WristRight']"
SkeletonData\SkeletonData\RawData\107_18_3_7_1_chair.txt,107,2,0,0,0.9664272665977478,0.033572714775800705,0.9664272665977478,"['SpineShoulder', 'SpineBase', 'WristRight']"
SkeletonData\SkeletonData\RawData\107_18_3_8_1_chair.txt,107,2,0,0,0.9723659753799438,0.027633992955088615,0.9723659753799438,"['SpineShoulder', 'SpineBase', 'WristRight']"
SkeletonData\SkeletonData\RawData\107_18_3_9_1_chair.txt,107,2,0,0,0.9697938561439514,0.030206192284822464,0.9697938561439514,"['SpineShoulder', 'SpineBase', 'WristRight']"
SkeletonData\SkeletonData\RawData\107_18_4_10_1_chair.txt,107,2,0,0,0.7425558567047119,0.2574441730976105,0.7425558567047119,"['SpineShoulder', 'SpineBase', 'WristRight']"
SkeletonData\SkeletonData\RawData\107_18_4_11_1_chair.txt,107,2,0,0,0.7295202612876892,0.2704797685146332,0.7295202612876892,"['SpineShoulder', 'SpineBase', 'WristRight']"
SkeletonData\SkeletonData\RawData\107_18_4_12_1_chair.txt,107,2,0,0,0.7612175345420837,0.23878252506256104,0.7612175345420837,"['SpineShoulder', 'SpineBase', 'WristRight']"
SkeletonData\SkeletonData\RawData\107_18_4_1_1_stand.txt,107,2,0,0,0.9592149257659912,0.040785063058137894,0.9592149257659912,"['SpineShoulder', 'SpineBase', 'WristRight']"
SkeletonData\SkeletonData\RawData\107_18_4_2_1_stand.txt,107,2,0,0,0.9680628180503845,0.031937167048454285,0.9680628180503845,"['SpineShoulder', 'SpineBase', 'WristRight']"
SkeletonData\SkeletonData\RawData\107_18_4_3_1_stand.txt,107,2,0,0,0.9682397246360779,0.03176029399037361,0.9682397246360779,"['SpineShoulder', 'SpineBase', 'WristRight']"
SkeletonData\SkeletonData\RawData\107_18_4_4_1_stand.txt,107,2,0,0,0.9878559708595276,0.012143994681537151,0.9878559708595276,"['SpineShoulder', 'SpineBase', 'WristRight']"
SkeletonData\SkeletonData\RawData\107_18_4_5_1_stand.txt,107,2,0,0,0.9868195056915283,0.013180462643504143,0.9868195056915283,"['SpineShoulder', 'SpineBase', 'WristRight']"
SkeletonData\SkeletonData\RawData\107_18_4_6_1_stand.txt,107,2,0,0,0.9853497743606567,0.01465020515024662,0.9853497743606567,"['SpineShoulder', 'SpineBase', 'WristRight']"
SkeletonData\SkeletonData\RawData\107_18_4_7_1_chair.txt,107,2,0,0,0.6115515232086182,0.38844841718673706,0.6115515232086182,"['SpineShoulder', 'SpineBase', 'WristRight']"
SkeletonData\SkeletonData\RawData\107_18_4_8_1_chair.txt,107,2,0,0,0.7721213102340698,0.22787867486476898,0.7721213102340698,"['SpineShoulder', 'SpineBase', 'WristRight']"
SkeletonData\SkeletonData\RawData\107_18_4_9_1_chair.txt,107,2,0,0,0.7509807348251343,0.24901922047138214,0.7509807348251343,"['SpineShoulder', 'SpineBase', 'WristRight']"
SkeletonData\SkeletonData\RawData\107_18_5_10_1_chair.txt,107,2,0,0,0.8864209055900574,0.11357910931110382,0.8864209055900574,"['SpineShoulder', 'SpineBase', 'WristLeft']"
SkeletonData\SkeletonData\RawData\107_18_5_11_1_chair.txt,107,2,0,0,0.9184289574623108,0.08157102018594742,0.9184289574623108,"['SpineShoulder', 'SpineBase', 'WristLeft']"
SkeletonData\SkeletonData\RawData\107_18_5_12_1_chair.txt,107,2,0,0,0.9175739884376526,0.0824260264635086,0.9175739884376526,"['SpineShoulder', 'SpineBase', 'WristLeft']"
SkeletonData\SkeletonData\RawData\107_18_5_1_1_stand.txt,107,2,0,0,0.9882161021232605,0.011783922091126442,0.9882161021232605,"['SpineShoulder', 'SpineBase', 'WristLeft']"
SkeletonData\SkeletonData\RawData\107_18_5_2_1_stand.txt,107,2,0,0,0.9876492619514465,0.012350684963166714,0.9876492619514465,"['SpineShoulder', 'SpineBase', 'WristLeft']"
SkeletonData\SkeletonData\RawData\107_18_5_3_1_stand.txt,107,2,0,0,0.9886168837547302,0.011383159086108208,0.9886168837547302,"['SpineShoulder', 'SpineBase', 'WristLeft']"
SkeletonData\SkeletonData\RawData\107_18_5_4_1_stand.txt,107,2,0,0,0.9875636696815491,0.012436275370419025,0.9875636696815491,"['SpineShoulder', 'SpineBase', 'WristLeft']"
SkeletonData\SkeletonData\RawData\107_18_5_5_1_stand.txt,107,2,0,0,0.9856113195419312,0.014388677664101124,0.9856113195419312,"['SpineShoulder', 'SpineBase', 'WristLeft']"
SkeletonData\SkeletonData\RawData\107_18_5_6_1_stand.txt,107,2,0,0,0.9889103174209595,0.011089611798524857,0.9889103174209595,"['SpineShoulder', 'SpineBase', 'WristLeft']"
SkeletonData\SkeletonData\RawData\107_18_5_7_1_chair.txt,107,2,0,0,0.900531530380249,0.09946846216917038,0.900531530380249,"['SpineShoulder', 'SpineBase', 'WristRight']"
SkeletonData\SkeletonData\RawData\107_18_5_8_1_chair.txt,107,2,0,0,0.8102568984031677,0.18974310159683228,0.8102568984031677,"['SpineShoulder', 'SpineBase', 'WristLeft']"
SkeletonData\SkeletonData\RawData\107_18_5_9_1_chair.txt,107,2,0,0,0.9193583726882935,0.08064164966344833,0.9193583726882935,"['SpineShoulder', 'SpineBase', 'WristLeft']"
SkeletonData\SkeletonData\RawData\107_18_6_10_1_chair.txt,107,2,0,0,0.7810592651367188,0.21894074976444244,0.7810592651367188,"['SpineShoulder', 'SpineBase', 'WristLeft']"
SkeletonData\SkeletonData\RawData\107_18_6_11_1_chair.txt,107,2,0,0,0.8693923950195312,0.13060766458511353,0.8693923950195312,"['SpineShoulder', 'SpineBase', 'WristLeft']"
SkeletonData\SkeletonData\RawData\107_18_6_12_1_chair.txt,107,2,0,0,0.7387698888778687,0.2612300515174866,0.7387698888778687,"['SpineShoulder', 'SpineBase', 'WristLeft']"
SkeletonData\SkeletonData\RawData\107_18_6_1_1_stand.txt,107,2,0,0,0.9909375905990601,0.009062421508133411,0.9909375905990601,"['SpineShoulder', 'SpineBase', 'WristLeft']"
SkeletonData\SkeletonData\RawData\107_18_6_2_1_stand.txt,107,2,0,0,0.9896537661552429,0.010346216149628162,0.9896537661552429,"['SpineShoulder', 'SpineBase', 'WristLeft']"
SkeletonData\SkeletonData\RawData\107_18_6_3_1_stand.txt,107,2,0,0,0.9892206788063049,0.010779354721307755,0.9892206788063049,"['SpineShoulder', 'SpineBase', 'WristLeft']"
SkeletonData\SkeletonData\RawData\107_18_6_4_1_stand.txt,107,2,0,0,0.9894319772720337,0.010568071156740189,0.9894319772720337,"['SpineShoulder', 'SpineBase', 'WristLeft']"
SkeletonData\SkeletonData\RawData\107_18_6_5_1_stand.txt,107,2,0,0,0.9901003241539001,0.009899751283228397,0.9901003241539001,"['SpineShoulder', 'SpineBase', 'WristLeft']"
SkeletonData\SkeletonData\RawData\107_18_6_6_1_stand.txt,107,2,0,0,0.9885528087615967,0.011447248049080372,0.9885528087615967,"['SpineShoulder', 'SpineBase', 'WristLeft']"
SkeletonData\SkeletonData\RawData\107_18_6_7_1_chair.txt,107,2,0,0,0.9296938180923462,0.07030612230300903,0.9296938180923462,"['SpineShoulder', 'SpineBase', 'WristLeft']"
SkeletonData\SkeletonData\RawData\107_18_6_8_1_chair.txt,107,2,0,0,0.881157398223877,0.11884259432554245,0.881157398223877,"['SpineShoulder', 'SpineBase', 'WristLeft']"
SkeletonData\SkeletonData\RawData\107_18_6_9_1_chair.txt,107,2,0,0,0.856532633304596,0.14346739649772644,0.856532633304596,"['SpineShoulder', 'SpineBase', 'WristLeft']"
SkeletonData\SkeletonData\RawData\107_18_7_10_1_chair.txt,107,2,0,0,0.7725317478179932,0.22746825218200684,0.7725317478179932,"['SpineShoulder', 'SpineBase', 'WristRight']"
SkeletonData\SkeletonData\RawData\107_18_7_11_1_chair.txt,107,2,0,0,0.7142121195793152,0.2857878804206848,0.7142121195793152,"['SpineShoulder', 'SpineBase', 'WristRight']"
SkeletonData\SkeletonData\RawData\107_18_7_12_1_chair.txt,107,2,0,0,0.7377970814704895,0.2622029781341553,0.7377970814704895,"['SpineShoulder', 'SpineBase', 'WristRight']"
SkeletonData\SkeletonData\RawData\107_18_7_1_1_stand.txt,107,2,0,0,0.5062541961669922,0.4937458038330078,0.5062541961669922,"['SpineShoulder', 'SpineBase', 'WristRight']"
SkeletonData\SkeletonData\RawData\107_18_7_2_1_stand.txt,107,2,0,0,0.5389260649681091,0.46107396483421326,0.5389260649681091,"['SpineShoulder', 'SpineBase', 'WristRight']"
SkeletonData\SkeletonData\RawData\107_18_7_3_1_stand.txt,107,2,0,0,0.5287476778030396,0.47125229239463806,0.5287476778030396,"['SpineShoulder', 'SpineBase', 'WristRight']"
SkeletonData\SkeletonData\RawData\107_18_7_4_1_stand.txt,107,2,0,0,0.9595459699630737,0.04045408219099045,0.9595459699630737,"['SpineShoulder', 'SpineBase', 'WristRight']"
SkeletonData\SkeletonData\RawData\107_18_7_5_1_stand.txt,107,2,0,0,0.9526469707489014,0.04735304042696953,0.9526469707489014,"['SpineShoulder', 'SpineBase', 'WristRight']"
SkeletonData\SkeletonData\RawData\107_18_7_6_1_stand.txt,107,2,0,0,0.9701483845710754,0.0298516396433115,0.9701483845710754,"['SpineShoulder', 'SpineBase', 'WristRight']"
SkeletonData\SkeletonData\RawData\107_18_7_7_1_chair.txt,107,2,0,0,0.770592451095581,0.22940756380558014,0.770592451095581,"['SpineShoulder', 'SpineBase', 'WristRight']"
SkeletonData\SkeletonData\RawData\107_18_7_8_1_chair.txt,107,2,0,0,0.7409844398498535,0.2590155005455017,0.7409844398498535,"['SpineShoulder', 'SpineBase', 'WristRight']"
SkeletonData\SkeletonData\RawData\107_18_7_9_1_chair.txt,107,2,0,0,0.7739415764808655,0.22605842351913452,0.7739415764808655,"['SpineShoulder', 'SpineBase', 'WristRight']"
SkeletonData\SkeletonData\RawData\107_18_8_10_1_chair.txt,107,2,0,0,0.6260254979133606,0.373974472284317,0.6260254979133606,"['SpineShoulder', 'SpineBase', 'WristLeft']"
SkeletonData\SkeletonData\RawData\107_18_8_11_1_chair.txt,107,2,0,0,0.7939175367355347,0.2060825079679489,0.7939175367355347,"['SpineShoulder', 'SpineBase', 'WristLeft']"
SkeletonData\SkeletonData\RawData\107_18_8_12_1_chair.txt,107,2,0,0,0.8447638154029846,0.15523619949817657,0.8447638154029846,"['SpineShoulder', 'SpineBase', 'WristLeft']"
SkeletonData\SkeletonData\RawData\107_18_8_13_1_chair.txt,107,2,0,0,0.7905528545379639,0.20944708585739136,0.7905528545379639,"['SpineShoulder', 'SpineBase', 'WristLeft']"
SkeletonData\SkeletonData\RawData\107_18_8_1_1_stand.txt,107,2,0,1,0.06353025883436203,0.9364696741104126,0.9364696741104126,"['SpineShoulder', 'SpineBase', 'WristRight']"
SkeletonData\SkeletonData\RawData\107_18_8_2_1_stand.txt,107,2,0,0,0.9308878183364868,0.06911215931177139,0.9308878183364868,"['SpineShoulder', 'SpineBase', 'WristRight']"
SkeletonData\SkeletonData\RawData\107_18_8_3_1_stand.txt,107,2,0,0,0.9611518979072571,0.038848139345645905,0.9611518979072571,"['SpineShoulder', 'SpineBase', 'WristRight']"
SkeletonData\SkeletonData\RawData\107_18_8_4_1_stand.txt,107,2,0,0,0.9506410956382751,0.04935890808701515,0.9506410956382751,"['SpineShoulder', 'SpineBase', 'WristLeft']"
SkeletonData\SkeletonData\RawData\107_18_8_5_1_stand.txt,107,2,0,0,0.54276043176651,0.4572395086288452,0.54276043176651,"['SpineShoulder', 'SpineBase', 'WristLeft']"
SkeletonData\SkeletonData\RawData\107_18_8_6_1_stand.txt,107,2,0,1,0.4628583490848541,0.5371416211128235,0.5371416211128235,"['SpineShoulder', 'SpineBase', 'WristLeft']"
SkeletonData\SkeletonData\RawData\107_18_8_7_1_stand.txt,107,2,0,0,0.8434275388717651,0.15657246112823486,0.8434275388717651,"['SpineShoulder', 'SpineBase', 'WristLeft']"
SkeletonData\SkeletonData\RawData\107_18_8_8_1_chair.txt,107,2,0,1,0.2634417414665222,0.7365582585334778,0.7365582585334778,"['SpineShoulder', 'SpineBase', 'WristLeft']"
SkeletonData\SkeletonData\RawData\107_18_8_9_1_chair.txt,107,2,0,1,0.1599973440170288,0.840002715587616,0.840002715587616,"['SpineShoulder', 'SpineBase', 'WristLeft']"
SkeletonData\SkeletonData\RawData\201_18_0_10_2_wheelchair.txt,201,0,1,1,0.04675065726041794,0.9532493948936462,0.9532493948936462,"['SpineShoulder', 'SpineBase', 'WristRight']"
SkeletonData\SkeletonData\RawData\201_18_0_11_2_wheelchair.txt,201,0,1,1,0.12807263433933258,0.8719273209571838,0.8719273209571838,"['SpineShoulder', 'SpineBase', 'WristRight']"
SkeletonData\SkeletonData\RawData\201_18_0_12_2_wheelchair.txt,201,0,1,1,0.12141092121601105,0.8785890936851501,0.8785890936851501,"['SpineShoulder', 'SpineBase', 'WristRight']"
SkeletonData\SkeletonData\RawData\201_18_0_13_2_wheelchair.txt,201,0,1,1,0.10782486945390701,0.8921751379966736,0.8921751379966736,"['SpineShoulder', 'SpineBase', 'WristRight']"
SkeletonData\SkeletonData\RawData\201_18_0_1_1_wheelchair.txt,201,0,0,0,0.6294413805007935,0.3705586791038513,0.6294413805007935,"['SpineShoulder', 'SpineBase', 'WristLeft']"
SkeletonData\SkeletonData\RawData\201_18_0_2_1_wheelchair.txt,201,0,0,0,0.6841126680374146,0.31588736176490784,0.6841126680374146,"['SpineShoulder', 'SpineBase', 'WristRight']"
SkeletonData\SkeletonData\RawData\201_18_0_3_1_wheelchair.txt,201,0,0,0,0.7973865866661072,0.20261341333389282,0.7973865866661072,"['SpineShoulder', 'SpineBase', 'WristLeft']"
SkeletonData\SkeletonData\RawData\201_18_0_4_1_wheelchair.txt,201,0,0,0,0.764755368232727,0.23524460196495056,0.764755368232727,"['SpineShoulder', 'SpineBase', 'WristLeft']"
SkeletonData\SkeletonData\RawData\201_18_0_5_1_wheelchair.txt,201,0,0,1,0.053413327783346176,0.9465867280960083,0.9465867280960083,"['SpineShoulder', 'SpineBase', 'WristRight']"
SkeletonData\SkeletonData\RawData\201_18_0_6_1_wheelchair.txt,201,0,0,1,0.05905229598283768,0.9409477114677429,0.9409477114677429,"['SpineShoulder', 'SpineBase', 'WristRight']"
SkeletonData\SkeletonData\RawData\201_18_0_7_1_wheelchair.txt,201,0,0,0,0.6456303596496582,0.3543696403503418,0.6456303596496582,"['SpineShoulder', 'SpineBase', 'WristLeft']"
SkeletonData\SkeletonData\RawData\201_18_0_8_1_wheelchair.txt,201,0,0,0,0.7511984705924988,0.24880148470401764,0.7511984705924988,"['SpineShoulder', 'SpineBase', 'WristLeft']"
SkeletonData\SkeletonData\RawData\201_18_0_9_2_wheelchair.txt,201,0,1,1,0.1140332967042923,0.8859666585922241,0.8859666585922241,"['SpineShoulder', 'SpineBase', 'WristRight']"
SkeletonData\SkeletonData\RawData\201_18_1_10_2_wheelchair.txt,201,5,1,1,0.025570329278707504,0.9744296669960022,0.9744296669960022,"['SpineShoulder', 'SpineBase', 'WristRight']"
SkeletonData\SkeletonData\RawData\201_18_1_11_1_wheelchair.txt,201,0,0,1,0.08744044601917267,0.9125595688819885,0.9125595688819885,"['SpineShoulder', 'SpineBase', 'WristRight']"
SkeletonData\SkeletonData\RawData\201_18_1_12_1_wheelchair.txt,201,0,0,1,0.09103772044181824,0.9089622497558594,0.9089622497558594,"['SpineShoulder', 'SpineBase', 'WristRight']"
SkeletonData\SkeletonData\RawData\201_18_1_13_1_wheelchair.txt,201,0,0,1,0.06961430609226227,0.9303857088088989,0.9303857088088989,"['SpineShoulder', 'SpineBase', 'WristRight']"
SkeletonData\SkeletonData\RawData\201_18_1_14_1_wheelchair.txt,201,0,0,1,0.1030765026807785,0.8969234824180603,0.8969234824180603,"['SpineShoulder', 'SpineBase', 'WristRight']"
SkeletonData\SkeletonData\RawData\201_18_1_15_1_wheelchair.txt,201,0,0,1,0.05935359746217728,0.9406464695930481,0.9406464695930481,"['SpineShoulder', 'SpineBase', 'WristRight']"
SkeletonData\SkeletonData\RawData\201_18_1_16_1_wheelchair.txt,201,0,0,1,0.07760778069496155,0.9223922491073608,0.9223922491073608,"['SpineShoulder', 'SpineBase', 'WristRight']"
SkeletonData\SkeletonData\RawData\201_18_1_1_2_wheelchair.txt,201,5,1,1,0.03176000714302063,0.9682400226593018,0.9682400226593018,"['SpineShoulder', 'SpineBase', 'WristRight']"
SkeletonData\SkeletonData\RawData\201_18_1_2_2_wheelchair.txt,201,5,1,1,0.020981095731258392,0.9790189266204834,0.9790189266204834,"['SpineShoulder', 'SpineBase', 'WristLeft']"
SkeletonData\SkeletonData\RawData\201_18_1_3_2_wheelchair.txt,201,5,1,1,0.015290831215679646,0.9847091436386108,0.9847091436386108,"['SpineShoulder', 'SpineBase', 'WristRight']"
SkeletonData\SkeletonData\RawData\201_18_1_4_2_wheelchair.txt,201,5,1,1,0.01966916024684906,0.9803308844566345,0.9803308844566345,"['SpineShoulder', 'SpineBase', 'WristRight']"
SkeletonData\SkeletonData\RawData\201_18_1_5_2_wheelchair.txt,201,5,1,1,0.013575335033237934,0.9864246845245361,0.9864246845245361,"['SpineShoulder', 'SpineBase', 'WristLeft']"
SkeletonData\SkeletonData\RawData\201_18_1_6_2_wheelchair.txt,201,5,1,1,0.127223938703537,0.8727760910987854,0.8727760910987854,"['SpineShoulder', 'SpineBase', 'WristRight']"
SkeletonData\SkeletonData\RawData\201_18_1_7_2_wheelchair.txt,201,5,1,1,0.20068448781967163,0.7993155717849731,0.7993155717849731,"['SpineShoulder', 'SpineBase', 'WristRight']"
SkeletonData\SkeletonData\RawData\201_18_1_8_2_wheelchair.txt,201,5,1,1,0.029027054086327553,0.9709729552268982,0.9709729552268982,"['SpineShoulder', 'SpineBase', 'WristRight']"
SkeletonData\SkeletonData\RawData\201_18_1_9_2_wheelchair.txt,201,5,1,1,0.01387224905192852,0.9861277341842651,0.9861277341842651,"['SpineShoulder', 'SpineBase', 'WristLeft']"
SkeletonData\SkeletonData\RawData\201_18_2_10_2_wheelchair.txt,201,5,1,1,0.022665169090032578,0.9773348569869995,0.9773348569869995,"['SpineShoulder', 'SpineBase', 'WristLeft']"
SkeletonData\SkeletonData\RawData\201_18_2_11_2_wheelchair.txt,201,5,1,1,0.018179969862103462,0.9818199872970581,0.9818199872970581,"['SpineShoulder', 'SpineBase', 'WristLeft']"
SkeletonData\SkeletonData\RawData\201_18_2_12_2_wheelchair.txt,201,4,1,1,0.06605634093284607,0.9339436292648315,0.9339436292648315,"['SpineShoulder', 'SpineBase', 'WristRight']"
SkeletonData\SkeletonData\RawData\201_18_2_13_2_wheelchair.txt,201,4,1,1,0.025306783616542816,0.9746932983398438,0.9746932983398438,"['SpineShoulder', 'SpineBase', 'WristRight']"
SkeletonData\SkeletonData\RawData\201_18_2_14_2_wheelchair.txt,201,4,1,1,0.03032120317220688,0.9696788191795349,0.9696788191795349,"['SpineShoulder', 'SpineBase', 'WristRight']"
SkeletonData\SkeletonData\RawData\201_18_2_15_2_wheelchair.txt,201,4,1,1,0.04312099143862724,0.9568790197372437,0.9568790197372437,"['SpineShoulder', 'SpineBase', 'WristRight']"
SkeletonData\SkeletonData\RawData\201_18_2_16_2_wheelchair.txt,201,4,1,1,0.047787170857191086,0.9522128105163574,0.9522128105163574,"['SpineShoulder', 'SpineBase', 'WristRight']"
SkeletonData\SkeletonData\RawData\201_18_2_17_2_wheelchair.txt,201,4,1,1,0.027860453352332115,0.9721395969390869,0.9721395969390869,"['SpineShoulder', 'SpineBase', 'WristRight']"
SkeletonData\SkeletonData\RawData\201_18_2_18_2_wheelchair.txt,201,4,1,1,0.02818356640636921,0.9718164801597595,0.9718164801597595,"['SpineShoulder', 'SpineBase', 'WristLeft']"
SkeletonData\SkeletonData\RawData\201_18_2_19_2_wheelchair.txt,201,4,1,1,0.04615473002195358,0.953845202922821,0.953845202922821,"['SpineShoulder', 'SpineBase', 'WristLeft']"
SkeletonData\SkeletonData\RawData\201_18_2_1_2_wheelchair.txt,201,5,1,1,0.025388607755303383,0.9746114015579224,0.9746114015579224,"['SpineShoulder', 'SpineBase', 'WristRight']"
SkeletonData\SkeletonData\RawData\201_18_2_20_2_wheelchair.txt,201,4,1,1,0.032009635120630264,0.9679903388023376,0.9679903388023376,"['SpineShoulder', 'SpineBase', 'WristLeft']"
SkeletonData\SkeletonData\RawData\201_18_2_21_2_wheelchair.txt,201,4,1,1,0.02670390158891678,0.973296046257019,0.973296046257019,"['SpineShoulder', 'SpineBase', 'WristRight']"
SkeletonData\SkeletonData\RawData\201_18_2_22_2_wheelchair.txt,201,4,1,1,0.027108613401651382,0.9728913903236389,0.9728913903236389,"['SpineShoulder', 'SpineBase', 'WristLeft']"
SkeletonData\SkeletonData\RawData\201_18_2_23_2_wheelchair.txt,201,4,1,1,0.030811196193099022,0.9691887497901917,0.9691887497901917,"['SpineShoulder', 'SpineBase', 'WristRight']"
SkeletonData\SkeletonData\RawData\201_18_2_24_2_wheelchair.txt,201,4,1,1,0.030827444046735764,0.9691725373268127,0.9691725373268127,"['SpineShoulder', 'SpineBase', 'WristLeft']"
SkeletonData\SkeletonData\RawData\201_18_2_25_2_wheelchair.txt,201,4,1,1,0.05738280341029167,0.9426172375679016,0.9426172375679016,"['SpineShoulder', 'SpineBase', 'WristRight']"
SkeletonData\SkeletonData\RawData\201_18_2_26_2_wheelchair.txt,201,4,1,1,0.06309173256158829,0.9369082450866699,0.9369082450866699,"['SpineShoulder', 'SpineBase', 'WristRight']"
SkeletonData\SkeletonData\RawData\201_18_2_27_2_wheelchair.txt,201,4,1,1,0.05615786463022232,0.9438421130180359,0.9438421130180359,"['SpineShoulder', 'SpineBase', 'WristLeft']"
SkeletonData\SkeletonData\RawData\201_18_2_28_2_wheelchair.txt,201,4,1,1,0.023895414546132088,0.9761046171188354,0.9761046171188354,"['SpineShoulder', 'SpineBase', 'WristLeft']"
SkeletonData\SkeletonData\RawData\201_18_2_29_2_wheelchair.txt,201,4,1,1,0.07943818718194962,0.9205618500709534,0.9205618500709534,"['SpineShoulder', 'SpineBase', 'WristRight']"
SkeletonData\SkeletonData\RawData\201_18_2_2_2_wheelchair.txt,201,5,1,1,0.023726625367999077,0.9762732982635498,0.9762732982635498,"['SpineShoulder', 'SpineBase', 'WristRight']"
SkeletonData\SkeletonData\RawData\201_18_2_30_2_wheelchair.txt,201,4,1,1,0.08717228472232819,0.9128276705741882,0.9128276705741882,"['SpineShoulder', 'SpineBase', 'WristRight']"
SkeletonData\SkeletonData\RawData\201_18_2_31_2_wheelchair.txt,201,4,1,1,0.05135944485664368,0.9486405253410339,0.9486405253410339,"['SpineShoulder', 'SpineBase', 'WristRight']"
SkeletonData\SkeletonData\RawData\201_18_2_32_2_wheelchair.txt,201,4,1,1,0.05575855076313019,0.944241464138031,0.944241464138031,"['SpineShoulder', 'SpineBase', 'WristLeft']"
SkeletonData\SkeletonData\RawData\201_18_2_33_2_wheelchair.txt,201,4,1,1,0.024280885234475136,0.9757190346717834,0.9757190346717834,"['SpineShoulder', 'SpineBase', 'WristLeft']"
SkeletonData\SkeletonData\RawData\201_18_2_34_2_wheelchair.txt,201,4,1,1,0.026177817955613136,0.9738222360610962,0.9738222360610962,"['SpineShoulder', 'SpineBase', 'WristRight']"
SkeletonData\SkeletonData\RawData\201_18_2_35_1_wheelchair.txt,201,0,0,1,0.06488469988107681,0.9351152777671814,0.9351152777671814,"['SpineShoulder', 'SpineBase', 'WristRight']"
SkeletonData\SkeletonData\RawData\201_18_2_36_1_wheelchair.txt,201,0,0,1,0.04538556933403015,0.9546144008636475,0.9546144008636475,"['SpineShoulder', 'SpineBase', 'WristRight']"
SkeletonData\SkeletonData\RawData\201_18_2_37_1_wheelchair.txt,201,0,0,1,0.06349529325962067,0.9365047216415405,0.9365047216415405,"['SpineShoulder', 'SpineBase', 'WristRight']"
SkeletonData\SkeletonData\RawData\201_18_2_38_1_wheelchair.txt,201,0,0,1,0.03543342277407646,0.9645665884017944,0.9645665884017944,"['SpineShoulder', 'SpineBase', 'WristRight']"
SkeletonData\SkeletonData\RawData\201_18_2_39_2_wheelchair.txt,201,4,1,1,0.023720117285847664,0.9762799143791199,0.9762799143791199,"['SpineShoulder', 'SpineBase', 'WristLeft']"
SkeletonData\SkeletonData\RawData\201_18_2_3_2_wheelchair.txt,201,5,1,1,0.05863545462489128,0.941364586353302,0.941364586353302,"['SpineShoulder', 'SpineBase', 'WristLeft']"
SkeletonData\SkeletonData\RawData\201_18_2_40_2_wheelchair.txt,201,4,1,1,0.030868221074342728,0.9691317677497864,0.9691317677497864,"['SpineShoulder', 'SpineBase', 'WristRight']"
SkeletonData\SkeletonData\RawData\201_18_2_41_2_wheelchair.txt,201,4,1,1,0.02669181488454342,0.9733081459999084,0.9733081459999084,"['SpineShoulder', 'SpineBase', 'WristLeft']"
SkeletonData\SkeletonData\RawData\201_18_2_42_2_wheelchair.txt,201,4,1,1,0.035262249410152435,0.9647377729415894,0.9647377729415894,"['SpineShoulder', 'SpineBase', 'WristRight']"
SkeletonData\SkeletonData\RawData\201_18_2_43_2_wheelchair.txt,201,4,1,1,0.06237776204943657,0.9376222491264343,0.9376222491264343,"['SpineShoulder', 'SpineBase', 'WristLeft']"
SkeletonData\SkeletonData\RawData\201_18_2_44_2_wheelchair.txt,201,4,1,1,0.045707449316978455,0.9542924761772156,0.9542924761772156,"['SpineShoulder', 'SpineBase', 'WristLeft']"
SkeletonData\SkeletonData\RawData\201_18_2_45_2_wheelchair.txt,201,0,1,1,0.050822582095861435,0.9491774439811707,0.9491774439811707,"['SpineShoulder', 'SpineBase', 'WristRight']"
SkeletonData\SkeletonData\RawData\201_18_2_46_2_wheelchair.txt,201,0,1,1,0.04328871890902519,0.9567112922668457,0.9567112922668457,"['SpineShoulder', 'SpineBase', 'WristRight']"
SkeletonData\SkeletonData\RawData\201_18_2_4_2_wheelchair.txt,201,5,1,1,0.0478808730840683,0.9521190524101257,0.9521190524101257,"['SpineShoulder', 'SpineBase', 'WristLeft']"
SkeletonData\SkeletonData\RawData\201_18_2_5_2_wheelchair.txt,201,5,1,1,0.02713342197239399,0.9728665351867676,0.9728665351867676,"['SpineShoulder', 'SpineBase', 'WristRight']"
SkeletonData\SkeletonData\RawData\201_18_2_6_2_wheelchair.txt,201,5,1,1,0.019406992942094803,0.9805929660797119,0.9805929660797119,"['SpineShoulder', 'SpineBase', 'WristLeft']"
SkeletonData\SkeletonData\RawData\201_18_2_7_2_wheelchair.txt,201,5,1,1,0.022430600598454475,0.9775694012641907,0.9775694012641907,"['SpineShoulder', 'SpineBase', 'WristLeft']"
SkeletonData\SkeletonData\RawData\201_18_2_8_2_wheelchair.txt,201,5,1,1,0.02379847690463066,0.9762015342712402,0.9762015342712402,"['SpineShoulder', 'SpineBase', 'WristLeft']"
SkeletonData\SkeletonData\RawData\201_18_2_9_2_wheelchair.txt,201,5,1,1,0.025872426107525826,0.9741275906562805,0.9741275906562805,"['SpineShoulder', 'SpineBase', 'WristRight']"
SkeletonData\SkeletonData\RawData\201_18_3_10_2_wheelchair.txt,201,4,1,1,0.014166758395731449,0.9858332872390747,0.9858332872390747,"['SpineShoulder', 'SpineBase', 'WristRight']"
SkeletonData\SkeletonData\RawData\201_18_3_11_1_wheelchair.txt,201,5,0,1,0.024630440399050713,0.9753695130348206,0.9753695130348206,"['SpineShoulder', 'SpineBase', 'WristLeft']"
SkeletonData\SkeletonData\RawData\201_18_3_12_2_wheelchair.txt,201,0,1,1,0.11816977709531784,0.8818302750587463,0.8818302750587463,"['SpineShoulder', 'SpineBase', 'WristLeft']"
SkeletonData\SkeletonData\RawData\201_18_3_13_2_wheelchair.txt,201,0,1,1,0.11045227199792862,0.8895477652549744,0.8895477652549744,"['SpineShoulder', 'SpineBase', 'WristRight']"
SkeletonData\SkeletonData\RawData\201_18_3_14_2_wheelchair.txt,201,0,1,1,0.10629548877477646,0.8937044739723206,0.8937044739723206,"['SpineShoulder', 'SpineBase', 'WristRight']"
SkeletonData\SkeletonData\RawData\201_18_3_15_2_wheelchair.txt,201,0,1,1,0.11032052338123322,0.889679491519928,0.889679491519928,"['SpineShoulder', 'SpineBase', 'WristLeft']"
SkeletonData\SkeletonData\RawData\201_18_3_16_2_wheelchair.txt,201,0,1,1,0.10955525189638138,0.890444815158844,0.890444815158844,"['SpineShoulder', 'SpineBase', 'WristRight']"
SkeletonData\SkeletonData\RawData\201_18_3_17_2_wheelchair.txt,201,0,1,1,0.11279979348182678,0.8872001767158508,0.8872001767158508,"['SpineShoulder', 'SpineBase', 'WristLeft']"
SkeletonData\SkeletonData\RawData\201_18_3_1_2_wheelchair.txt,201,5,1,1,0.04988912492990494,0.950110912322998,0.950110912322998,"['SpineShoulder', 'SpineBase', 'WristRight']"
SkeletonData\SkeletonData\RawData\201_18_3_2_2_wheelchair.txt,201,5,1,1,0.04404715448617935,0.9559528827667236,0.9559528827667236,"['SpineShoulder', 'SpineBase', 'WristRight']"
SkeletonData\SkeletonData\RawData\201_18_3_3_2_wheelchair.txt,201,5,1,1,0.023947419598698616,0.9760525822639465,0.9760525822639465,"['SpineShoulder', 'SpineBase', 'WristRight']"
SkeletonData\SkeletonData\RawData\201_18_3_4_2_wheelchair.txt,201,5,1,1,0.019193463027477264,0.9808065295219421,0.9808065295219421,"['SpineShoulder', 'SpineBase', 'WristRight']"
SkeletonData\SkeletonData\RawData\201_18_3_5_2_wheelchair.txt,201,5,1,1,0.07921028882265091,0.9207897186279297,0.9207897186279297,"['SpineShoulder', 'SpineBase', 'WristRight']"
SkeletonData\SkeletonData\RawData\201_18_3_6_2_wheelchair.txt,201,5,1,1,0.06060858815908432,0.9393913745880127,0.9393913745880127,"['SpineShoulder', 'SpineBase', 'WristRight']"
SkeletonData\SkeletonData\RawData\201_18_3_7_2_wheelchair.txt,201,5,1,1,0.02253805100917816,0.9774619936943054,0.9774619936943054,"['SpineShoulder', 'SpineBase', 'WristLeft']"
SkeletonData\SkeletonData\RawData\201_18_3_8_2_wheelchair.txt,201,5,1,1,0.016064541414380074,0.9839354753494263,0.9839354753494263,"['SpineShoulder', 'SpineBase', 'WristLeft']"
SkeletonData\SkeletonData\RawData\201_18_3_9_2_wheelchair.txt,201,5,1,1,0.024355443194508553,0.9756445288658142,0.9756445288658142,"['SpineShoulder', 'SpineBase', 'WristRight']"
SkeletonData\SkeletonData\RawData\201_18_4_1_2_wheelchair.txt,201,0,1,1,0.016567358747124672,0.9834327101707458,0.9834327101707458,"['SpineShoulder', 'WristRight', 'SpineBase']"
SkeletonData\SkeletonData\RawData\201_18_4_2_2_wheelchair.txt,201,0,1,1,0.02102995291352272,0.9789699912071228,0.9789699912071228,"['SpineShoulder', 'WristRight', 'SpineBase']"
SkeletonData\SkeletonData\RawData\201_18_4_3_2_wheelchair.txt,201,0,1,1,0.02453741990029812,0.9754626154899597,0.9754626154899597,"['SpineShoulder', 'WristRight', 'SpineBase']"
SkeletonData\SkeletonData\RawData\201_18_4_4_2_wheelchair.txt,201,0,1,1,0.027502086013555527,0.9724979996681213,0.9724979996681213,"['SpineShoulder', 'WristRight', 'SpineBase']"
SkeletonData\SkeletonData\RawData\201_18_4_5_2_wheelchair.txt,201,0,1,1,0.017174342647194862,0.9828256964683533,0.9828256964683533,"['SpineShoulder', 'WristRight', 'SpineBase']"
SkeletonData\SkeletonData\RawData\201_18_4_6_2_wheelchair.txt,201,0,1,1,0.02163781225681305,0.9783622622489929,0.9783622622489929,"['SpineShoulder', 'WristRight', 'SpineBase']"
SkeletonData\SkeletonData\RawData\201_18_4_7_2_wheelchair.txt,201,0,1,1,0.022721601650118828,0.9772784113883972,0.9772784113883972,"['SpineShoulder', 'SpineBase', 'WristRight']"
SkeletonData\SkeletonData\RawData\201_18_5_1_2_wheelchair.txt,201,0,1,1,0.05243704840540886,0.9475629329681396,0.9475629329681396,"['SpineShoulder', 'SpineBase', 'WristLeft']"
SkeletonData\SkeletonData\RawData\201_18_5_2_2_wheelchair.txt,201,0,1,1,0.043377943336963654,0.9566220045089722,0.9566220045089722,"['SpineShoulder', 'SpineBase', 'WristLeft']"
SkeletonData\SkeletonData\RawData\201_18_5_3_2_wheelchair.txt,201,0,1,1,0.04578568786382675,0.954214334487915,0.954214334487915,"['SpineShoulder', 'SpineBase', 'WristLeft']"
SkeletonData\SkeletonData\RawData\201_18_5_4_2_wheelchair.txt,201,0,1,1,0.04243969917297363,0.9575602412223816,0.9575602412223816,"['SpineShoulder', 'SpineBase', 'WristLeft']"
SkeletonData\SkeletonData\RawData\201_18_5_5_2_wheelchair.txt,201,0,1,1,0.042056627571582794,0.9579434394836426,0.9579434394836426,"['SpineShoulder', 'SpineBase', 'WristLeft']"
SkeletonData\SkeletonData\RawData\201_18_5_6_2_wheelchair.txt,201,0,1,1,0.04690937325358391,0.9530906081199646,0.9530906081199646,"['SpineShoulder', 'SpineBase', 'WristLeft']"
SkeletonData\SkeletonData\RawData\201_18_6_1_2_wheelchair.txt,201,0,1,1,0.048644959926605225,0.95135498046875,0.95135498046875,"['SpineShoulder', 'SpineBase', 'WristRight']"
SkeletonData\SkeletonData\RawData\201_18_6_2_2_wheelchair.txt,201,0,1,1,0.03937497362494469,0.9606249928474426,0.9606249928474426,"['SpineShoulder', 'SpineBase', 'WristLeft']"
SkeletonData\SkeletonData\RawData\201_18_6_3_2_wheelchair.txt,201,0,1,1,0.05535873398184776,0.9446412324905396,0.9446412324905396,"['SpineShoulder', 'SpineBase', 'WristRight']"
SkeletonData\SkeletonData\RawData\201_18_6_4_2_wheelchair.txt,201,0,1,1,0.04987150430679321,0.950128436088562,0.950128436088562,"['SpineShoulder', 'SpineBase', 'WristLeft']"
SkeletonData\SkeletonData\RawData\201_18_6_5_2_wheelchair.txt,201,0,1,1,0.0631941631436348,0.9368058443069458,0.9368058443069458,"['SpineShoulder', 'SpineBase', 'WristRight']"
SkeletonData\SkeletonData\RawData\201_18_6_6_2_wheelchair.txt,201,0,1,1,0.06657008081674576,0.9334299564361572,0.9334299564361572,"['SpineShoulder', 'SpineBase', 'WristRight']"
SkeletonData\SkeletonData\RawData\202_18_2_1_3_stand.txt,202,5,0,1,0.08971847593784332,0.9102814793586731,0.9102814793586731,"['SpineShoulder', 'SpineBase', 'WristLeft']"
SkeletonData\SkeletonData\RawData\202_18_3_1_2_stand.txt,202,5,1,1,0.049400825053453445,0.950599193572998,0.950599193572998,"['SpineShoulder', 'SpineBase', 'WristRight']"
SkeletonData\SkeletonData\RawData\202_18_3_2_3_stand.txt,202,5,0,1,0.06054597720503807,0.9394540786743164,0.9394540786743164,"['SpineShoulder', 'SpineBase', 'WristRight']"
SkeletonData\SkeletonData\RawData\202_18_4_10_2_stand.txt,202,5,1,1,0.09675107896327972,0.9032489061355591,0.9032489061355591,"['SpineShoulder', 'SpineBase', 'WristLeft']"
SkeletonData\SkeletonData\RawData\202_18_4_11_1_stand.txt,202,5,0,0,0.9515047073364258,0.04849531129002571,0.9515047073364258,"['SpineShoulder', 'SpineBase', 'WristRight']"
SkeletonData\SkeletonData\RawData\202_18_4_12_1_stand.txt,202,5,0,0,0.8371580243110657,0.1628420352935791,0.8371580243110657,"['SpineShoulder', 'SpineBase', 'WristRight']"
SkeletonData\SkeletonData\RawData\202_18_4_13_1_stand.txt,202,5,0,0,0.898328423500061,0.10167157649993896,0.898328423500061,"['SpineShoulder', 'SpineBase', 'WristRight']"
SkeletonData\SkeletonData\RawData\202_18_4_14_1_stand.txt,202,5,0,0,0.9537510871887207,0.046248964965343475,0.9537510871887207,"['SpineShoulder', 'SpineBase', 'WristRight']"
SkeletonData\SkeletonData\RawData\202_18_4_15_1_stand.txt,202,5,0,0,0.9753613471984863,0.024638650938868523,0.9753613471984863,"['SpineShoulder', 'SpineBase', 'WristRight']"
SkeletonData\SkeletonData\RawData\202_18_4_16_2_stand.txt,202,5,1,0,0.8135055899620056,0.186494380235672,0.8135055899620056,"['SpineShoulder', 'SpineBase', 'WristRight']"
SkeletonData\SkeletonData\RawData\202_18_4_17_1_stand.txt,202,5,0,0,0.8870998620986938,0.11290008574724197,0.8870998620986938,"['SpineShoulder', 'SpineBase', 'WristRight']"
SkeletonData\SkeletonData\RawData\202_18_4_18_1_stand.txt,202,5,0,0,0.5088794231414795,0.4911205470561981,0.5088794231414795,"['SpineShoulder', 'SpineBase', 'WristRight']"
SkeletonData\SkeletonData\RawData\202_18_4_19_2_stand.txt,202,5,1,0,0.547824501991272,0.45217543840408325,0.547824501991272,"['SpineShoulder', 'SpineBase', 'WristRight']"
SkeletonData\SkeletonData\RawData\202_18_4_1_1_stand.txt,202,5,0,1,0.3645106256008148,0.6354893445968628,0.6354893445968628,"['SpineShoulder', 'SpineBase', 'WristRight']"
SkeletonData\SkeletonData\RawData\202_18_4_20_2_stand.txt,202,5,1,1,0.21720238029956818,0.782797634601593,0.782797634601593,"['SpineShoulder', 'SpineBase', 'WristRight']"
SkeletonData\SkeletonData\RawData\202_18_4_21_3_stand.txt,202,5,0,0,0.65608149766922,0.34391847252845764,0.65608149766922,"['SpineShoulder', 'SpineBase', 'WristRight']"
SkeletonData\SkeletonData\RawData\202_18_4_22_3_stand.txt,202,5,0,0,0.6477535367012024,0.35224640369415283,0.6477535367012024,"['SpineShoulder', 'SpineBase', 'WristLeft']"
SkeletonData\SkeletonData\RawData\202_18_4_23_2_stand.txt,202,5,1,1,0.09660544991493225,0.9033945202827454,0.9033945202827454,"['SpineShoulder', 'SpineBase', 'WristRight']"
SkeletonData\SkeletonData\RawData\202_18_4_24_1_stand.txt,202,5,0,1,0.35506245493888855,0.6449376344680786,0.6449376344680786,"['SpineShoulder', 'SpineBase', 'WristRight']"
SkeletonData\SkeletonData\RawData\202_18_4_25_1_stand.txt,202,5,0,0,0.5031786561012268,0.4968213140964508,0.5031786561012268,"['SpineShoulder', 'SpineBase', 'WristRight']"
SkeletonData\SkeletonData\RawData\202_18_4_26_1_stand.txt,202,5,0,0,0.6085026860237122,0.39149731397628784,0.6085026860237122,"['SpineShoulder', 'SpineBase', 'WristRight']"
SkeletonData\SkeletonData\RawData\202_18_4_27_1_stand.txt,202,5,0,0,0.9056695103645325,0.09433054178953171,0.9056695103645325,"['SpineShoulder', 'SpineBase', 'WristLeft']"
SkeletonData\SkeletonData\RawData\202_18_4_28_2_stand.txt,202,5,1,1,0.18369697034358978,0.8163030743598938,0.8163030743598938,"['SpineShoulder', 'SpineBase', 'WristRight']"
SkeletonData\SkeletonData\RawData\202_18_4_29_2_stand.txt,202,5,1,1,0.1668483316898346,0.833151638507843,0.833151638507843,"['SpineShoulder', 'SpineBase', 'WristRight']"
SkeletonData\SkeletonData\RawData\202_18_4_2_1_stand.txt,202,5,0,0,0.9478557705879211,0.052144262939691544,0.9478557705879211,"['SpineShoulder', 'SpineBase', 'WristRight']"
SkeletonData\SkeletonData\RawData\202_18_4_30_1_stand.txt,202,5,0,1,0.13817599415779114,0.8618240356445312,0.8618240356445312,"['SpineShoulder', 'SpineBase', 'WristRight']"
SkeletonData\SkeletonData\RawData\202_18_4_31_2_stand.txt,202,5,1,0,0.8068872690200806,0.19311271607875824,0.8068872690200806,"['SpineShoulder', 'SpineBase', 'WristRight']"
SkeletonData\SkeletonData\RawData\202_18_4_32_2_stand.txt,202,5,1,0,0.6840018630027771,0.3159981071949005,0.6840018630027771,"['SpineShoulder', 'SpineBase', 'WristRight']"
SkeletonData\SkeletonData\RawData\202_18_4_33_1_stand.txt,202,5,0,1,0.36492007970809937,0.6350799202919006,0.6350799202919006,"['SpineShoulder', 'SpineBase', 'WristRight']"
SkeletonData\SkeletonData\RawData\202_18_4_34_1_stand.txt,202,5,0,0,0.5548743605613708,0.44512566924095154,0.5548743605613708,"['SpineShoulder', 'SpineBase', 'WristRight']"
SkeletonData\SkeletonData\RawData\202_18_4_35_1_stand.txt,202,5,0,1,0.19958579540252686,0.8004142045974731,0.8004142045974731,"['SpineShoulder', 'SpineBase', 'WristRight']"
SkeletonData\SkeletonData\RawData\202_18_4_36_1_stand.txt,202,5,0,1,0.16147975623607635,0.8385201692581177,0.8385201692581177,"['SpineShoulder', 'SpineBase', 'WristRight']"
SkeletonData\SkeletonData\RawData\202_18_4_37_1_stand.txt,202,5,0,1,0.3441290855407715,0.6558709144592285,0.6558709144592285,"['SpineShoulder', 'SpineBase', 'WristRight']"
SkeletonData\SkeletonData\RawData\202_18_4_38_1_stand.txt,202,5,0,0,0.8255141973495483,0.17448577284812927,0.8255141973495483,"['SpineShoulder', 'SpineBase', 'WristRight']"
SkeletonData\SkeletonData\RawData\202_18_4_3_1_stand.txt,202,5,0,0,0.8662527799606323,0.13374720513820648,0.8662527799606323,"['SpineShoulder', 'SpineBase', 'WristRight']"
SkeletonData\SkeletonData\RawData\202_18_4_4_1_stand.txt,202,5,0,0,0.9147540926933289,0.08524584025144577,0.9147540926933289,"['SpineShoulder', 'SpineBase', 'WristRight']"
SkeletonData\SkeletonData\RawData\202_18_4_5_1_stand.txt,202,5,0,0,0.9574287533760071,0.04257119074463844,0.9574287533760071,"['SpineShoulder', 'SpineBase', 'WristRight']"
SkeletonData\SkeletonData\RawData\202_18_4_6_1_stand.txt,202,5,0,0,0.94679856300354,0.053201451897621155,0.94679856300354,"['SpineShoulder', 'SpineBase', 'WristRight']"
SkeletonData\SkeletonData\RawData\202_18_4_7_1_stand.txt,202,5,0,0,0.9673961997032166,0.03260383754968643,0.9673961997032166,"['SpineShoulder', 'SpineBase', 'WristRight']"
SkeletonData\SkeletonData\RawData\202_18_4_8_1_stand.txt,202,5,0,0,0.9336034655570984,0.06639653444290161,0.9336034655570984,"['SpineShoulder', 'SpineBase', 'WristRight']"
SkeletonData\SkeletonData\RawData\202_18_4_9_1_stand.txt,202,5,0,0,0.9707077741622925,0.029292253777384758,0.9707077741622925,"['SpineShoulder', 'SpineBase', 'WristRight']"
SkeletonData\SkeletonData\RawData\202_18_7_10_1_stand.txt,202,3,0,0,0.8117238283157349,0.18827615678310394,0.8117238283157349,"['SpineShoulder', 'SpineBase', 'WristLeft']"
SkeletonData\SkeletonData\RawData\202_18_7_11_1_stand.txt,202,3,0,0,0.7315173745155334,0.26848268508911133,0.7315173745155334,"['SpineShoulder', 'SpineBase', 'WristLeft']"
SkeletonData\SkeletonData\RawData\202_18_7_12_1_stand.txt,202,3,0,0,0.8055874705314636,0.19441255927085876,0.8055874705314636,"['SpineShoulder', 'SpineBase', 'WristLeft']"
SkeletonData\SkeletonData\RawData\202_18_7_13_1_stand.txt,202,3,0,0,0.7757241725921631,0.2242758572101593,0.7757241725921631,"['SpineShoulder', 'SpineBase', 'WristLeft']"
SkeletonData\SkeletonData\RawData\202_18_7_14_1_stand.txt,202,3,0,0,0.7829927206039429,0.2170073240995407,0.7829927206039429,"['SpineShoulder', 'SpineBase', 'WristRight']"
SkeletonData\SkeletonData\RawData\202_18_7_15_1_stand.txt,202,3,0,0,0.8110140562057495,0.1889859288930893,0.8110140562057495,"['SpineShoulder', 'SpineBase', 'WristRight']"
SkeletonData\SkeletonData\RawData\202_18_7_16_1_stand.txt,202,3,0,0,0.9705049395561218,0.029495052993297577,0.9705049395561218,"['SpineShoulder', 'SpineBase', 'WristRight']"
SkeletonData\SkeletonData\RawData\202_18_7_17_1_stand.txt,202,3,0,0,0.7577072978019714,0.2422926276922226,0.7577072978019714,"['SpineShoulder', 'SpineBase', 'WristRight']"
SkeletonData\SkeletonData\RawData\202_18_7_18_1_stand.txt,202,3,0,0,0.7823861837387085,0.2176138162612915,0.7823861837387085,"['SpineShoulder', 'SpineBase', 'WristRight']"
SkeletonData\SkeletonData\RawData\202_18_7_19_1_stand.txt,202,3,0,0,0.8204626441001892,0.17953737080097198,0.8204626441001892,"['SpineShoulder', 'SpineBase', 'WristRight']"
SkeletonData\SkeletonData\RawData\202_18_7_1_1_stand.txt,202,5,0,0,0.7188516855239868,0.28114834427833557,0.7188516855239868,"['SpineShoulder', 'SpineBase', 'WristRight']"
SkeletonData\SkeletonData\RawData\202_18_7_20_1_stand.txt,202,3,0,0,0.8250848650932312,0.1749151051044464,0.8250848650932312,"['SpineShoulder', 'SpineBase', 'WristLeft']"
SkeletonData\SkeletonData\RawData\202_18_7_21_2_stand.txt,202,5,1,1,0.439124196767807,0.5608758330345154,0.5608758330345154,"['SpineShoulder', 'SpineBase', 'WristRight']"
SkeletonData\SkeletonData\RawData\202_18_7_22_2_stand.txt,202,3,1,0,0.6734040975570679,0.32659590244293213,0.6734040975570679,"['SpineShoulder', 'SpineBase', 'WristLeft']"
SkeletonData\SkeletonData\RawData\202_18_7_23_2_stand.txt,202,3,1,0,0.7006822824478149,0.29931774735450745,0.7006822824478149,"['SpineShoulder', 'SpineBase', 'WristLeft']"
SkeletonData\SkeletonData\RawData\202_18_7_2_1_stand.txt,202,5,0,0,0.684678316116333,0.315321683883667,0.684678316116333,"['SpineShoulder', 'SpineBase', 'WristRight']"
SkeletonData\SkeletonData\RawData\202_18_7_3_1_stand.txt,202,5,0,0,0.8153756260871887,0.18462437391281128,0.8153756260871887,"['SpineShoulder', 'SpineBase', 'WristRight']"
SkeletonData\SkeletonData\RawData\202_18_7_4_1_stand.txt,202,5,0,0,0.8458630442619324,0.15413692593574524,0.8458630442619324,"['SpineShoulder', 'SpineBase', 'WristRight']"
SkeletonData\SkeletonData\RawData\202_18_7_5_1_stand.txt,202,5,0,1,0.4892374873161316,0.5107625722885132,0.5107625722885132,"['SpineShoulder', 'SpineBase', 'WristLeft']"
SkeletonData\SkeletonData\RawData\202_18_7_6_1_stand.txt,202,5,0,0,0.7645692825317383,0.2354307621717453,0.7645692825317383,"['SpineShoulder', 'SpineBase', 'WristRight']"
SkeletonData\SkeletonData\RawData\202_18_7_7_1_stand.txt,202,5,0,0,0.5821112394332886,0.4178888201713562,0.5821112394332886,"['SpineShoulder', 'SpineBase', 'WristRight']"
SkeletonData\SkeletonData\RawData\202_18_7_8_1_stand.txt,202,5,0,0,0.7412482500076294,0.2587517201900482,0.7412482500076294,"['SpineShoulder', 'SpineBase', 'WristRight']"
SkeletonData\SkeletonData\RawData\202_18_7_9_1_stand.txt,202,5,0,0,0.6193000674247742,0.3806999623775482,0.6193000674247742,"['SpineShoulder', 'SpineBase', 'WristRight']"
SkeletonData\SkeletonData\RawData\202_18_8_10_1_stand.txt,202,5,0,0,0.5112821459770203,0.48871782422065735,0.5112821459770203,"['SpineShoulder', 'SpineBase', 'WristRight']"
SkeletonData\SkeletonData\RawData\202_18_8_11_1_stand.txt,202,5,0,0,0.5931323170661926,0.4068676829338074,0.5931323170661926,"['SpineShoulder', 'SpineBase', 'WristRight']"
SkeletonData\SkeletonData\RawData\202_18_8_12_1_stand.txt,202,5,0,1,0.22729244828224182,0.7727075219154358,0.7727075219154358,"['SpineShoulder', 'SpineBase', 'WristRight']"
SkeletonData\SkeletonData\RawData\202_18_8_13_1_stand.txt,202,5,0,1,0.4045505225658417,0.5954493880271912,0.5954493880271912,"['SpineShoulder', 'SpineBase', 'WristRight']"
SkeletonData\SkeletonData\RawData\202_18_8_14_1_stand.txt,202,5,0,1,0.47766047716140747,0.5223395228385925,0.5223395228385925,"['SpineShoulder', 'SpineBase', 'WristRight']"
SkeletonData\SkeletonData\RawData\202_18_8_15_1_stand.txt,202,5,0,0,0.5044543147087097,0.4955456852912903,0.5044543147087097,"['SpineShoulder', 'SpineBase', 'WristRight']"
SkeletonData\SkeletonData\RawData\202_18_8_16_1_stand.txt,202,5,0,1,0.4084682762622833,0.5915317535400391,0.5915317535400391,"['SpineShoulder', 'SpineBase', 'WristRight']"
SkeletonData\SkeletonData\RawData\202_18_8_17_1_stand.txt,202,3,0,0,0.5416406989097595,0.45835933089256287,0.5416406989097595,"['SpineShoulder', 'SpineBase', 'WristRight']"
SkeletonData\SkeletonData\RawData\202_18_8_18_1_stand.txt,202,3,0,1,0.4861161410808563,0.5138838887214661,0.5138838887214661,"['SpineShoulder', 'SpineBase', 'WristRight']"
SkeletonData\SkeletonData\RawData\202_18_8_19_1_stand.txt,202,3,0,1,0.46979647874832153,0.5302035212516785,0.5302035212516785,"['SpineShoulder', 'SpineBase', 'WristRight']"
SkeletonData\SkeletonData\RawData\202_18_8_1_1_stand.txt,202,5,0,1,0.4045732021331787,0.5954268574714661,0.5954268574714661,"['SpineShoulder', 'SpineBase', 'WristRight']"
SkeletonData\SkeletonData\RawData\202_18_8_20_1_stand.txt,202,3,0,1,0.4815292954444885,0.5184707045555115,0.5184707045555115,"['SpineShoulder', 'SpineBase', 'WristRight']"
SkeletonData\SkeletonData\RawData\202_18_8_21_1_stand.txt,202,3,0,1,0.47148483991622925,0.528515100479126,0.528515100479126,"['SpineShoulder', 'SpineBase', 'WristRight']"
SkeletonData\SkeletonData\RawData\202_18_8_22_2_stand.txt,202,3,1,0,0.9262522459030151,0.07374775409698486,0.9262522459030151,"['SpineShoulder', 'SpineBase', 'WristRight']"
SkeletonData\SkeletonData\RawData\202_18_8_23_1_stand.txt,202,3,0,0,0.521674394607544,0.47832560539245605,0.521674394607544,"['SpineShoulder', 'SpineBase', 'WristRight']"
SkeletonData\SkeletonData\RawData\202_18_8_24_1_stand.txt,202,3,0,0,0.5232325196266174,0.47676748037338257,0.5232325196266174,"['SpineShoulder', 'SpineBase', 'WristRight']"
SkeletonData\SkeletonData\RawData\202_18_8_25_1_stand.txt,202,5,0,1,0.46472907066345215,0.5352708697319031,0.5352708697319031,"['SpineShoulder', 'SpineBase', 'WristRight']"
SkeletonData\SkeletonData\RawData\202_18_8_26_1_stand.txt,202,5,0,1,0.38380905985832214,0.6161909699440002,0.6161909699440002,"['SpineShoulder', 'SpineBase', 'WristRight']"
SkeletonData\SkeletonData\RawData\202_18_8_27_2_stand.txt,202,3,1,1,0.4819331169128418,0.518066942691803,0.518066942691803,"['SpineShoulder', 'SpineBase', 'WristRight']"
SkeletonData\SkeletonData\RawData\202_18_8_28_2_stand.txt,202,3,1,0,0.6255190372467041,0.3744810223579407,0.6255190372467041,"['SpineShoulder', 'SpineBase', 'WristLeft']"
SkeletonData\SkeletonData\RawData\202_18_8_29_1_stand.txt,202,3,0,0,0.5446043610572815,0.4553956389427185,0.5446043610572815,"['SpineShoulder', 'SpineBase', 'WristRight']"
SkeletonData\SkeletonData\RawData\202_18_8_2_1_stand.txt,202,5,0,1,0.44954729080200195,0.550452709197998,0.550452709197998,"['SpineShoulder', 'SpineBase', 'WristRight']"
SkeletonData\SkeletonData\RawData\202_18_8_30_1_stand.txt,202,3,0,1,0.4887065589427948,0.5112934112548828,0.5112934112548828,"['SpineShoulder', 'SpineBase', 'WristRight']"
SkeletonData\SkeletonData\RawData\202_18_8_31_1_stand.txt,202,3,0,0,0.5221871733665466,0.47781285643577576,0.5221871733665466,"['SpineShoulder', 'SpineBase', 'WristRight']"
SkeletonData\SkeletonData\RawData\202_18_8_32_1_stand.txt,202,3,0,1,0.4797801673412323,0.5202198028564453,0.5202198028564453,"['SpineShoulder', 'SpineBase', 'WristRight']"
SkeletonData\SkeletonData\RawData\202_18_8_33_1_stand.txt,202,3,0,1,0.45249247550964355,0.5475075840950012,0.5475075840950012,"['SpineShoulder', 'SpineBase', 'WristRight']"
SkeletonData\SkeletonData\RawData\202_18_8_34_1_stand.txt,202,3,0,1,0.4606347382068634,0.5393652319908142,0.5393652319908142,"['SpineShoulder', 'SpineBase', 'WristRight']"
SkeletonData\SkeletonData\RawData\202_18_8_35_1_stand.txt,202,3,0,1,0.4752689003944397,0.5247311592102051,0.5247311592102051,"['SpineShoulder', 'SpineBase', 'WristRight']"
SkeletonData\SkeletonData\RawData\202_18_8_36_1_stand.txt,202,3,0,1,0.4811972677707672,0.5188027024269104,0.5188027024269104,"['SpineShoulder', 'SpineBase', 'WristRight']"
SkeletonData\SkeletonData\RawData\202_18_8_37_1_stand.txt,202,3,0,1,0.4099492132663727,0.5900507569313049,0.5900507569313049,"['SpineShoulder', 'SpineBase', 'WristRight']"
SkeletonData\SkeletonData\RawData\202_18_8_38_1_stand.txt,202,3,0,1,0.46798381209373474,0.5320161581039429,0.5320161581039429,"['SpineShoulder', 'SpineBase', 'WristRight']"
SkeletonData\SkeletonData\RawData\202_18_8_39_1_stand.txt,202,3,0,1,0.42948949337005615,0.5705105066299438,0.5705105066299438,"['SpineShoulder', 'SpineBase', 'WristRight']"
SkeletonData\SkeletonData\RawData\202_18_8_3_1_stand.txt,202,5,0,0,0.52470463514328,0.47529539465904236,0.52470463514328,"['SpineShoulder', 'SpineBase', 'WristRight']"
SkeletonData\SkeletonData\RawData\202_18_8_40_1_stand.txt,202,3,0,1,0.41476282477378845,0.5852371454238892,0.5852371454238892,"['SpineShoulder', 'SpineBase', 'WristRight']"
SkeletonData\SkeletonData\RawData\202_18_8_41_1_stand.txt,202,3,0,1,0.40896645188331604,0.5910334587097168,0.5910334587097168,"['SpineShoulder', 'SpineBase', 'WristLeft']"
SkeletonData\SkeletonData\RawData\202_18_8_42_1_stand.txt,202,3,0,1,0.4347379505634308,0.5652620792388916,0.5652620792388916,"['SpineShoulder', 'SpineBase', 'WristLeft']"
SkeletonData\SkeletonData\RawData\202_18_8_43_1_stand.txt,202,3,0,1,0.4528176486492157,0.5471823811531067,0.5471823811531067,"['SpineShoulder', 'SpineBase', 'WristRight']"
SkeletonData\SkeletonData\RawData\202_18_8_44_1_stand.txt,202,3,0,1,0.47067853808403015,0.5293214917182922,0.5293214917182922,"['SpineShoulder', 'SpineBase', 'WristRight']"
SkeletonData\SkeletonData\RawData\202_18_8_45_1_stand.txt,202,3,0,1,0.4185279607772827,0.5814720988273621,0.5814720988273621,"['SpineShoulder', 'SpineBase', 'WristRight']"
SkeletonData\SkeletonData\RawData\202_18_8_46_1_stand.txt,202,3,0,1,0.46185970306396484,0.5381402969360352,0.5381402969360352,"['SpineShoulder', 'SpineBase', 'WristRight']"
SkeletonData\SkeletonData\RawData\202_18_8_47_1_stand.txt,202,3,0,0,0.6008843183517456,0.39911574125289917,0.6008843183517456,"['SpineShoulder', 'SpineBase', 'WristRight']"
SkeletonData\SkeletonData\RawData\202_18_8_4_1_stand.txt,202,5,0,0,0.5324400663375854,0.46755993366241455,0.5324400663375854,"['SpineShoulder', 'SpineBase', 'WristRight']"
SkeletonData\SkeletonData\RawData\202_18_8_5_1_stand.txt,202,5,0,0,0.5181634426116943,0.48183658719062805,0.5181634426116943,"['SpineShoulder', 'SpineBase', 'WristRight']"
SkeletonData\SkeletonData\RawData\202_18_8_6_1_stand.txt,202,5,0,1,0.4711781144142151,0.5288219451904297,0.5288219451904297,"['SpineShoulder', 'SpineBase', 'WristRight']"
SkeletonData\SkeletonData\RawData\202_18_8_7_1_stand.txt,202,5,0,1,0.46620693802833557,0.533793032169342,0.533793032169342,"['SpineShoulder', 'SpineBase', 'WristRight']"
SkeletonData\SkeletonData\RawData\202_18_8_8_1_stand.txt,202,5,0,0,0.5021927356719971,0.49780726432800293,0.5021927356719971,"['SpineShoulder', 'SpineBase', 'WristRight']"
SkeletonData\SkeletonData\RawData\202_18_8_9_1_stand.txt,202,5,0,1,0.4456723630428314,0.554327666759491,0.554327666759491,"['SpineShoulder', 'SpineBase', 'WristRight']"
SkeletonData\SkeletonData\RawData\203_18_2_10_2_wheelchair.txt,203,3,1,1,0.04385126009583473,0.9561486840248108,0.9561486840248108,"['SpineShoulder', 'SpineBase', 'WristLeft']"
SkeletonData\SkeletonData\RawData\203_18_2_11_2_wheelchair.txt,203,3,1,1,0.0839916244149208,0.9160084128379822,0.9160084128379822,"['SpineShoulder', 'SpineBase', 'WristLeft']"
SkeletonData\SkeletonData\RawData\203_18_2_12_2_wheelchair.txt,203,3,1,1,0.08089181780815125,0.9191081523895264,0.9191081523895264,"['SpineShoulder', 'SpineBase', 'WristLeft']"
SkeletonData\SkeletonData\RawData\203_18_2_13_2_wheelchair.txt,203,3,1,1,0.04718538746237755,0.9528145790100098,0.9528145790100098,"['SpineShoulder', 'SpineBase', 'WristLeft']"
SkeletonData\SkeletonData\RawData\203_18_2_14_2_wheelchair.txt,203,3,1,1,0.060046326369047165,0.9399536848068237,0.9399536848068237,"['SpineShoulder', 'SpineBase', 'WristLeft']"
SkeletonData\SkeletonData\RawData\203_18_2_15_2_wheelchair.txt,203,3,1,1,0.028719544410705566,0.9712803959846497,0.9712803959846497,"['SpineShoulder', 'SpineBase', 'WristLeft']"
SkeletonData\SkeletonData\RawData\203_18_2_16_2_wheelchair.txt,203,3,1,1,0.060395143926143646,0.9396048784255981,0.9396048784255981,"['SpineShoulder', 'SpineBase', 'WristLeft']"
SkeletonData\SkeletonData\RawData\203_18_2_17_2_wheelchair.txt,203,3,1,1,0.0811387151479721,0.9188612699508667,0.9188612699508667,"['SpineShoulder', 'SpineBase', 'WristLeft']"
SkeletonData\SkeletonData\RawData\203_18_2_18_2_wheelchair.txt,203,3,1,1,0.03311336413025856,0.9668866395950317,0.9668866395950317,"['SpineShoulder', 'SpineBase', 'WristLeft']"
SkeletonData\SkeletonData\RawData\203_18_2_19_2_wheelchair.txt,203,3,1,1,0.07962679117918015,0.9203732013702393,0.9203732013702393,"['SpineShoulder', 'SpineBase', 'WristLeft']"
SkeletonData\SkeletonData\RawData\203_18_2_1_2_wheelchair.txt,203,3,1,1,0.07866708189249039,0.9213328957557678,0.9213328957557678,"['SpineShoulder', 'SpineBase', 'WristLeft']"
SkeletonData\SkeletonData\RawData\203_18_2_20_2_wheelchair.txt,203,3,1,1,0.18368805944919586,0.8163119554519653,0.8163119554519653,"['SpineShoulder', 'SpineBase', 'WristLeft']"
SkeletonData\SkeletonData\RawData\203_18_2_21_2_wheelchair.txt,203,3,1,1,0.35289499163627625,0.6471050381660461,0.6471050381660461,"['SpineShoulder', 'SpineBase', 'WristLeft']"
SkeletonData\SkeletonData\RawData\203_18_2_22_2_wheelchair.txt,203,3,1,1,0.26669472455978394,0.7333053350448608,0.7333053350448608,"['SpineShoulder', 'SpineBase', 'WristLeft']"
SkeletonData\SkeletonData\RawData\203_18_2_23_2_wheelchair.txt,203,3,1,1,0.35332590341567993,0.6466740369796753,0.6466740369796753,"['SpineShoulder', 'SpineBase', 'WristLeft']"
SkeletonData\SkeletonData\RawData\203_18_2_24_2_wheelchair.txt,203,3,1,0,0.5286654829978943,0.4713345170021057,0.5286654829978943,"['SpineShoulder', 'SpineBase', 'WristLeft']"
SkeletonData\SkeletonData\RawData\203_18_2_25_2_wheelchair.txt,203,3,1,0,0.5290547609329224,0.4709452688694,0.5290547609329224,"['SpineShoulder', 'SpineBase', 'WristLeft']"
SkeletonData\SkeletonData\RawData\203_18_2_26_2_wheelchair.txt,203,3,1,1,0.2014169991016388,0.7985829710960388,0.7985829710960388,"['SpineShoulder', 'SpineBase', 'WristLeft']"
SkeletonData\SkeletonData\RawData\203_18_2_27_2_wheelchair.txt,203,3,1,0,0.5518079996109009,0.4481920897960663,0.5518079996109009,"['SpineShoulder', 'SpineBase', 'WristLeft']"
SkeletonData\SkeletonData\RawData\203_18_2_28_2_wheelchair.txt,203,3,1,0,0.7007442116737366,0.2992558181285858,0.7007442116737366,"['SpineShoulder', 'SpineBase', 'WristLeft']"
SkeletonData\SkeletonData\RawData\203_18_2_29_2_wheelchair.txt,203,3,1,0,0.711254894733429,0.28874507546424866,0.711254894733429,"['SpineShoulder', 'SpineBase', 'WristLeft']"
SkeletonData\SkeletonData\RawData\203_18_2_2_2_wheelchair.txt,203,3,1,1,0.07635308802127838,0.923646867275238,0.923646867275238,"['SpineShoulder', 'SpineBase', 'WristLeft']"
SkeletonData\SkeletonData\RawData\203_18_2_30_2_wheelchair.txt,203,3,1,0,0.7399377822875977,0.26006221771240234,0.7399377822875977,"['SpineShoulder', 'SpineBase', 'WristLeft']"
SkeletonData\SkeletonData\RawData\203_18_2_31_1_wheelchair.txt,203,3,0,0,0.7555141448974609,0.24448589980602264,0.7555141448974609,"['SpineShoulder', 'SpineBase', 'WristLeft']"
SkeletonData\SkeletonData\RawData\203_18_2_32_1_wheelchair.txt,203,3,0,0,0.8035182356834412,0.1964818239212036,0.8035182356834412,"['SpineShoulder', 'SpineBase', 'WristLeft']"
SkeletonData\SkeletonData\RawData\203_18_2_33_1_wheelchair.txt,203,3,0,1,0.32492220401763916,0.6750777959823608,0.6750777959823608,"['SpineShoulder', 'SpineBase', 'WristLeft']"
SkeletonData\SkeletonData\RawData\203_18_2_34_1_wheelchair.txt,203,3,0,0,0.6770274639129639,0.32297250628471375,0.6770274639129639,"['SpineShoulder', 'SpineBase', 'WristLeft']"
SkeletonData\SkeletonData\RawData\203_18_2_3_2_wheelchair.txt,203,3,1,1,0.042875200510025024,0.9571247696876526,0.9571247696876526,"['SpineShoulder', 'SpineBase', 'WristLeft']"
SkeletonData\SkeletonData\RawData\203_18_2_4_2_wheelchair.txt,203,3,1,1,0.04185657575726509,0.958143413066864,0.958143413066864,"['SpineShoulder', 'SpineBase', 'WristLeft']"
SkeletonData\SkeletonData\RawData\203_18_2_5_2_wheelchair.txt,203,3,1,1,0.059588219970464706,0.9404117465019226,0.9404117465019226,"['SpineShoulder', 'SpineBase', 'WristLeft']"
SkeletonData\SkeletonData\RawData\203_18_2_6_2_wheelchair.txt,203,3,1,1,0.024695588275790215,0.9753044247627258,0.9753044247627258,"['SpineShoulder', 'SpineBase', 'WristLeft']"
SkeletonData\SkeletonData\RawData\203_18_2_7_2_wheelchair.txt,203,3,1,1,0.0878584012389183,0.9121416211128235,0.9121416211128235,"['SpineShoulder', 'SpineBase', 'WristLeft']"
SkeletonData\SkeletonData\RawData\203_18_2_8_2_wheelchair.txt,203,3,1,1,0.03484256565570831,0.9651574492454529,0.9651574492454529,"['SpineShoulder', 'SpineBase', 'WristLeft']"
SkeletonData\SkeletonData\RawData\203_18_2_9_2_wheelchair.txt,203,3,1,1,0.060965586453676224,0.9390344619750977,0.9390344619750977,"['SpineShoulder', 'SpineBase', 'WristLeft']"
SkeletonData\SkeletonData\RawData\203_18_3_1_1_wheelchair.txt,203,3,0,0,0.9445050954818726,0.05549493059515953,0.9445050954818726,"['SpineShoulder', 'SpineBase', 'WristLeft']"
SkeletonData\SkeletonData\RawData\203_18_3_2_1_wheelchair.txt,203,3,0,0,0.8826779723167419,0.11732201278209686,0.8826779723167419,"['SpineShoulder', 'SpineBase', 'WristLeft']"
SkeletonData\SkeletonData\RawData\203_18_3_3_1_wheelchair.txt,203,3,0,0,0.793350338935852,0.20664964616298676,0.793350338935852,"['SpineShoulder', 'SpineBase', 'WristLeft']"
SkeletonData\SkeletonData\RawData\203_18_3_4_1_wheelchair.txt,203,3,0,0,0.9042842984199524,0.09571565687656403,0.9042842984199524,"['SpineShoulder', 'SpineBase', 'WristRight']"
SkeletonData\SkeletonData\RawData\203_18_5_10_1_wheelchair.txt,203,3,0,1,0.35843706130981445,0.6415629386901855,0.6415629386901855,"['SpineShoulder', 'SpineBase', 'WristRight']"
SkeletonData\SkeletonData\RawData\203_18_5_11_1_wheelchair.txt,203,3,0,0,0.894600510597229,0.10539954900741577,0.894600510597229,"['SpineShoulder', 'SpineBase', 'WristLeft']"
SkeletonData\SkeletonData\RawData\203_18_5_12_2_wheelchair.txt,203,3,1,0,0.659820020198822,0.340179979801178,0.659820020198822,"['SpineShoulder', 'SpineBase', 'WristRight']"
SkeletonData\SkeletonData\RawData\203_18_5_1_2_wheelchair.txt,203,3,1,1,0.027092207223176956,0.9729078412055969,0.9729078412055969,"['SpineShoulder', 'SpineBase', 'WristLeft']"
SkeletonData\SkeletonData\RawData\203_18_5_2_2_wheelchair.txt,203,3,1,1,0.06918933987617493,0.9308106303215027,0.9308106303215027,"['SpineShoulder', 'SpineBase', 'WristLeft']"
SkeletonData\SkeletonData\RawData\203_18_5_3_1_wheelchair.txt,203,3,0,0,0.8683851361274719,0.13161487877368927,0.8683851361274719,"['SpineShoulder', 'SpineBase', 'WristLeft']"
SkeletonData\SkeletonData\RawData\203_18_5_4_1_wheelchair.txt,203,3,0,0,0.9124714136123657,0.08752858638763428,0.9124714136123657,"['SpineShoulder', 'SpineBase', 'WristLeft']"
SkeletonData\SkeletonData\RawData\203_18_5_5_1_wheelchair.txt,203,3,0,0,0.8980501890182495,0.10194981843233109,0.8980501890182495,"['SpineShoulder', 'SpineBase', 'WristLeft']"
SkeletonData\SkeletonData\RawData\203_18_5_6_1_wheelchair.txt,203,3,0,0,0.8871027827262878,0.11289718002080917,0.8871027827262878,"['SpineShoulder', 'SpineBase', 'WristLeft']"
SkeletonData\SkeletonData\RawData\203_18_5_7_2_wheelchair.txt,203,3,1,1,0.21401351690292358,0.7859864830970764,0.7859864830970764,"['SpineShoulder', 'SpineBase', 'WristRight']"
SkeletonData\SkeletonData\RawData\203_18_5_8_1_wheelchair.txt,203,3,0,1,0.3617192804813385,0.6382806897163391,0.6382806897163391,"['SpineShoulder', 'SpineBase', 'WristLeft']"
SkeletonData\SkeletonData\RawData\203_18_5_9_1_wheelchair.txt,203,3,0,1,0.38201066851615906,0.6179893016815186,0.6179893016815186,"['SpineShoulder', 'SpineBase', 'WristRight']"
SkeletonData\SkeletonData\RawData\204_18_0_1_1_chair.txt,204,0,0,0,0.5634024739265442,0.4365975558757782,0.5634024739265442,"['SpineShoulder', 'SpineBase', 'WristRight']"
SkeletonData\SkeletonData\RawData\204_18_0_2_1_chair.txt,204,0,0,0,0.5854569673538208,0.4145430028438568,0.5854569673538208,"['SpineShoulder', 'SpineBase', 'WristRight']"
SkeletonData\SkeletonData\RawData\204_18_0_3_1_chair.txt,204,0,0,0,0.5785572528839111,0.42144277691841125,0.5785572528839111,"['SpineShoulder', 'SpineBase', 'WristRight']"
SkeletonData\SkeletonData\RawData\204_18_0_4_1_chair.txt,204,0,0,0,0.6104968190193176,0.38950315117836,0.6104968190193176,"['SpineShoulder', 'SpineBase', 'WristRight']"
SkeletonData\SkeletonData\RawData\204_18_0_5_1_chair.txt,204,0,0,0,0.530875027179718,0.46912500262260437,0.530875027179718,"['SpineShoulder', 'SpineBase', 'WristRight']"
SkeletonData\SkeletonData\RawData\204_18_0_6_1_chair.txt,204,0,0,0,0.5365747809410095,0.46342530846595764,0.5365747809410095,"['SpineShoulder', 'SpineBase', 'WristRight']"
SkeletonData\SkeletonData\RawData\204_18_0_7_2_chair.txt,204,0,1,1,0.16983889043331146,0.8301611542701721,0.8301611542701721,"['SpineShoulder', 'SpineBase', 'WristRight']"
SkeletonData\SkeletonData\RawData\204_18_1_1_1_chair.txt,204,0,0,1,0.07268892973661423,0.9273110628128052,0.9273110628128052,"['SpineShoulder', 'SpineBase', 'WristRight']"
SkeletonData\SkeletonData\RawData\204_18_1_2_1_chair.txt,204,0,0,0,0.5896065831184387,0.4103933572769165,0.5896065831184387,"['SpineShoulder', 'SpineBase', 'WristRight']"
SkeletonData\SkeletonData\RawData\204_18_1_3_1_chair.txt,204,0,0,0,0.568425714969635,0.4315742552280426,0.568425714969635,"['SpineShoulder', 'SpineBase', 'WristRight']"
SkeletonData\SkeletonData\RawData\204_18_1_4_1_chair.txt,204,0,0,0,0.6168880462646484,0.3831119239330292,0.6168880462646484,"['SpineShoulder', 'SpineBase', 'WristRight']"
SkeletonData\SkeletonData\RawData\204_18_1_5_1_chair.txt,204,0,0,0,0.6250616312026978,0.37493839859962463,0.6250616312026978,"['SpineShoulder', 'SpineBase', 'WristRight']"
SkeletonData\SkeletonData\RawData\204_18_1_6_1_chair.txt,204,0,0,0,0.5842318534851074,0.41576817631721497,0.5842318534851074,"['SpineShoulder', 'SpineBase', 'WristRight']"
SkeletonData\SkeletonData\RawData\204_18_2_10_2_chair.txt,204,0,1,1,0.0958479791879654,0.9041520357131958,0.9041520357131958,"['SpineShoulder', 'SpineBase', 'WristRight']"
SkeletonData\SkeletonData\RawData\204_18_2_11_2_chair.txt,204,0,1,1,0.06836812943220139,0.931631863117218,0.931631863117218,"['SpineShoulder', 'SpineBase', 'WristRight']"
SkeletonData\SkeletonData\RawData\204_18_2_12_2_chair.txt,204,0,1,1,0.07548443973064423,0.9245156049728394,0.9245156049728394,"['SpineShoulder', 'SpineBase', 'WristRight']"
SkeletonData\SkeletonData\RawData\204_18_2_13_1_chair.txt,204,0,0,0,0.7376210689544678,0.2623789608478546,0.7376210689544678,"['SpineShoulder', 'SpineBase', 'WristRight']"
SkeletonData\SkeletonData\RawData\204_18_2_14_1_chair.txt,204,0,0,1,0.49371591210365295,0.5062841176986694,0.5062841176986694,"['SpineShoulder', 'SpineBase', 'WristRight']"
SkeletonData\SkeletonData\RawData\204_18_2_15_1_chair.txt,204,0,0,0,0.643484354019165,0.35651564598083496,0.643484354019165,"['SpineShoulder', 'SpineBase', 'WristRight']"
SkeletonData\SkeletonData\RawData\204_18_2_16_1_chair.txt,204,0,0,0,0.702895998954773,0.2971040606498718,0.702895998954773,"['SpineShoulder', 'SpineBase', 'WristRight']"
SkeletonData\SkeletonData\RawData\204_18_2_17_1_chair.txt,204,0,0,0,0.8230617046356201,0.1769382506608963,0.8230617046356201,"['SpineShoulder', 'SpineBase', 'WristRight']"
SkeletonData\SkeletonData\RawData\204_18_2_18_2_chair.txt,204,0,1,1,0.24387864768505096,0.7561213970184326,0.7561213970184326,"['SpineShoulder', 'SpineBase', 'WristRight']"
SkeletonData\SkeletonData\RawData\204_18_2_19_2_chair.txt,204,0,1,1,0.2276102900505066,0.7723897099494934,0.7723897099494934,"['SpineShoulder', 'SpineBase', 'WristRight']"
SkeletonData\SkeletonData\RawData\204_18_2_1_2_chair.txt,204,0,1,1,0.07695458084344864,0.9230453968048096,0.9230453968048096,"['SpineShoulder', 'SpineBase', 'WristRight']"
SkeletonData\SkeletonData\RawData\204_18_2_20_2_chair.txt,204,0,1,1,0.1456802636384964,0.85431969165802,0.85431969165802,"['SpineShoulder', 'SpineBase', 'WristLeft']"
SkeletonData\SkeletonData\RawData\204_18_2_21_2_chair.txt,204,0,1,1,0.17926828563213348,0.8207316398620605,0.8207316398620605,"['SpineShoulder', 'SpineBase', 'WristLeft']"
SkeletonData\SkeletonData\RawData\204_18_2_22_2_chair.txt,204,0,1,1,0.3405899703502655,0.6594099998474121,0.6594099998474121,"['SpineShoulder', 'SpineBase', 'WristLeft']"
SkeletonData\SkeletonData\RawData\204_18_2_23_2_chair.txt,204,0,1,1,0.2613264322280884,0.7386736273765564,0.7386736273765564,"['SpineShoulder', 'SpineBase', 'WristLeft']"
SkeletonData\SkeletonData\RawData\204_18_2_24_2_chair.txt,204,0,1,1,0.11604218930006027,0.8839578628540039,0.8839578628540039,"['SpineShoulder', 'SpineBase', 'WristLeft']"
SkeletonData\SkeletonData\RawData\204_18_2_25_2_chair.txt,204,0,1,1,0.16299612820148468,0.8370038270950317,0.8370038270950317,"['SpineShoulder', 'SpineBase', 'WristLeft']"
SkeletonData\SkeletonData\RawData\204_18_2_26_2_chair.txt,204,0,1,1,0.11576440930366516,0.8842356204986572,0.8842356204986572,"['SpineShoulder', 'SpineBase', 'WristRight']"
SkeletonData\SkeletonData\RawData\204_18_2_27_2_chair.txt,204,0,1,1,0.09097309410572052,0.9090269804000854,0.9090269804000854,"['SpineShoulder', 'SpineBase', 'WristLeft']"
SkeletonData\SkeletonData\RawData\204_18_2_28_2_chair.txt,204,0,1,1,0.3592167794704437,0.6407833099365234,0.6407833099365234,"['SpineShoulder', 'SpineBase', 'WristLeft']"
SkeletonData\SkeletonData\RawData\204_18_2_29_2_chair.txt,204,0,1,1,0.35033899545669556,0.6496610641479492,0.6496610641479492,"['SpineShoulder', 'SpineBase', 'WristLeft']"
SkeletonData\SkeletonData\RawData\204_18_2_2_2_chair.txt,204,0,1,1,0.19275346398353577,0.8072465062141418,0.8072465062141418,"['SpineShoulder', 'SpineBase', 'WristRight']"
SkeletonData\SkeletonData\RawData\204_18_2_30_2_chair.txt,204,0,1,1,0.1124064177274704,0.8875935673713684,0.8875935673713684,"['SpineShoulder', 'SpineBase', 'WristRight']"
SkeletonData\SkeletonData\RawData\204_18_2_31_2_chair.txt,204,0,1,1,0.10251776874065399,0.89748215675354,0.89748215675354,"['SpineShoulder', 'SpineBase', 'WristLeft']"
SkeletonData\SkeletonData\RawData\204_18_2_32_2_chair.txt,204,0,1,1,0.2219999134540558,0.7780001163482666,0.7780001163482666,"['SpineShoulder', 'SpineBase', 'WristLeft']"
SkeletonData\SkeletonData\RawData\204_18_2_33_2_chair.txt,204,0,1,1,0.19711171090602875,0.8028882741928101,0.8028882741928101,"['SpineShoulder', 'SpineBase', 'WristLeft']"
SkeletonData\SkeletonData\RawData\204_18_2_34_2_chair.txt,204,0,1,1,0.12968645989894867,0.8703135848045349,0.8703135848045349,"['SpineShoulder', 'SpineBase', 'WristLeft']"
SkeletonData\SkeletonData\RawData\204_18_2_35_2_chair.txt,204,0,1,1,0.2798866331577301,0.7201133966445923,0.7201133966445923,"['SpineShoulder', 'SpineBase', 'WristLeft']"
SkeletonData\SkeletonData\RawData\204_18_2_36_2_chair.txt,204,0,1,1,0.16628307104110718,0.8337169289588928,0.8337169289588928,"['SpineShoulder', 'SpineBase', 'WristLeft']"
SkeletonData\SkeletonData\RawData\204_18_2_37_2_chair.txt,204,0,1,1,0.16945935785770416,0.8305405974388123,0.8305405974388123,"['SpineShoulder', 'SpineBase', 'WristLeft']"
SkeletonData\SkeletonData\RawData\204_18_2_38_2_chair.txt,204,0,1,1,0.1575690060853958,0.8424310088157654,0.8424310088157654,"['SpineShoulder', 'SpineBase', 'WristLeft']"
SkeletonData\SkeletonData\RawData\204_18_2_39_2_chair.txt,204,0,1,1,0.33508992195129395,0.664910078048706,0.664910078048706,"['SpineShoulder', 'SpineBase', 'WristLeft']"
SkeletonData\SkeletonData\RawData\204_18_2_3_2_chair.txt,204,0,1,1,0.14829109609127045,0.8517088890075684,0.8517088890075684,"['SpineShoulder', 'SpineBase', 'WristRight']"
SkeletonData\SkeletonData\RawData\204_18_2_40_2_chair.txt,204,0,1,1,0.18750984966754913,0.8124901056289673,0.8124901056289673,"['SpineShoulder', 'SpineBase', 'WristLeft']"
SkeletonData\SkeletonData\RawData\204_18_2_41_2_chair.txt,204,0,1,1,0.2729502022266388,0.7270497679710388,0.7270497679710388,"['SpineShoulder', 'SpineBase', 'WristRight']"
SkeletonData\SkeletonData\RawData\204_18_2_42_2_chair.txt,204,0,1,1,0.12325665354728699,0.8767433166503906,0.8767433166503906,"['SpineShoulder', 'SpineBase', 'WristRight']"
SkeletonData\SkeletonData\RawData\204_18_2_43_2_chair.txt,204,0,1,1,0.12376709282398224,0.876232922077179,0.876232922077179,"['SpineShoulder', 'SpineBase', 'WristLeft']"
SkeletonData\SkeletonData\RawData\204_18_2_44_2_chair.txt,204,0,1,1,0.16438506543636322,0.8356149196624756,0.8356149196624756,"['SpineShoulder', 'SpineBase', 'WristRight']"
SkeletonData\SkeletonData\RawData\204_18_2_45_2_chair.txt,204,0,1,1,0.24827487766742706,0.7517251968383789,0.7517251968383789,"['SpineShoulder', 'SpineBase', 'WristLeft']"
SkeletonData\SkeletonData\RawData\204_18_2_46_2_chair.txt,204,0,1,1,0.05093925818800926,0.9490606784820557,0.9490606784820557,"['SpineShoulder', 'SpineBase', 'WristRight']"
SkeletonData\SkeletonData\RawData\204_18_2_47_2_chair.txt,204,0,1,1,0.04370666667819023,0.9562933444976807,0.9562933444976807,"['SpineShoulder', 'SpineBase', 'WristRight']"
SkeletonData\SkeletonData\RawData\204_18_2_48_2_chair.txt,204,0,1,1,0.04352724179625511,0.9564726948738098,0.9564726948738098,"['SpineShoulder', 'SpineBase', 'WristRight']"
SkeletonData\SkeletonData\RawData\204_18_2_49_2_chair.txt,204,0,1,1,0.04420223832130432,0.9557977914810181,0.9557977914810181,"['SpineShoulder', 'SpineBase', 'WristRight']"
SkeletonData\SkeletonData\RawData\204_18_2_4_2_chair.txt,204,0,1,1,0.12097395211458206,0.8790260553359985,0.8790260553359985,"['SpineShoulder', 'SpineBase', 'WristRight']"
SkeletonData\SkeletonData\RawData\204_18_2_50_2_chair.txt,204,0,1,1,0.046414006501436234,0.9535859823226929,0.9535859823226929,"['SpineShoulder', 'SpineBase', 'WristRight']"
SkeletonData\SkeletonData\RawData\204_18_2_51_2_chair.txt,204,0,1,1,0.04947556555271149,0.9505243897438049,0.9505243897438049,"['SpineShoulder', 'SpineBase', 'WristRight']"
SkeletonData\SkeletonData\RawData\204_18_2_52_1_chair.txt,204,0,0,1,0.10284091532230377,0.8971590995788574,0.8971590995788574,"['SpineShoulder', 'SpineBase', 'WristLeft']"
SkeletonData\SkeletonData\RawData\204_18_2_53_1_chair.txt,204,0,0,1,0.27952566742897034,0.7204743027687073,0.7204743027687073,"['SpineShoulder', 'SpineBase', 'WristRight']"
SkeletonData\SkeletonData\RawData\204_18_2_54_2_chair.txt,204,0,1,0,0.8605740070343018,0.13942594826221466,0.8605740070343018,"['SpineShoulder', 'SpineBase', 'WristRight']"
SkeletonData\SkeletonData\RawData\204_18_2_55_1_chair.txt,204,0,0,0,0.7417821288108826,0.25821787118911743,0.7417821288108826,"['SpineShoulder', 'SpineBase', 'WristRight']"
SkeletonData\SkeletonData\RawData\204_18_2_56_2_chair.txt,204,0,1,1,0.2577137351036072,0.7422862648963928,0.7422862648963928,"['SpineShoulder', 'SpineBase', 'WristRight']"
SkeletonData\SkeletonData\RawData\204_18_2_57_1_chair.txt,204,0,0,1,0.49791327118873596,0.5020868182182312,0.5020868182182312,"['SpineShoulder', 'SpineBase', 'WristRight']"
SkeletonData\SkeletonData\RawData\204_18_2_58_1_chair.txt,204,0,0,0,0.9386895895004272,0.061310429126024246,0.9386895895004272,"['SpineShoulder', 'SpineBase', 'WristRight']"
SkeletonData\SkeletonData\RawData\204_18_2_59_1_chair.txt,204,0,0,0,0.9231593012809753,0.07684077322483063,0.9231593012809753,"['SpineShoulder', 'SpineBase', 'WristRight']"
SkeletonData\SkeletonData\RawData\204_18_2_5_2_chair.txt,204,0,1,1,0.09615172445774078,0.9038482904434204,0.9038482904434204,"['SpineShoulder', 'SpineBase', 'WristRight']"
SkeletonData\SkeletonData\RawData\204_18_2_60_1_chair.txt,204,0,0,0,0.956927478313446,0.043072476983070374,0.956927478313446,"['SpineShoulder', 'SpineBase', 'WristRight']"
SkeletonData\SkeletonData\RawData\204_18_2_61_1_chair.txt,204,0,0,0,0.8719921708106995,0.1280079036951065,0.8719921708106995,"['SpineShoulder', 'SpineBase', 'WristRight']"
SkeletonData\SkeletonData\RawData\204_18_2_62_1_chair.txt,204,0,0,0,0.6726242303848267,0.3273757994174957,0.6726242303848267,"['SpineShoulder', 'SpineBase', 'WristRight']"
SkeletonData\SkeletonData\RawData\204_18_2_63_1_chair.txt,204,0,0,0,0.5722360014915466,0.42776405811309814,0.5722360014915466,"['SpineShoulder', 'SpineBase', 'WristRight']"
SkeletonData\SkeletonData\RawData\204_18_2_64_2_chair.txt,204,0,1,0,0.6309931874275208,0.3690067231655121,0.6309931874275208,"['SpineShoulder', 'SpineBase', 'WristRight']"
SkeletonData\SkeletonData\RawData\204_18_2_6_2_chair.txt,204,0,1,1,0.16578789055347443,0.834212064743042,0.834212064743042,"['SpineShoulder', 'SpineBase', 'WristRight']"
SkeletonData\SkeletonData\RawData\204_18_2_7_2_chair.txt,204,0,1,1,0.13910961151123047,0.8608903884887695,0.8608903884887695,"['SpineShoulder', 'SpineBase', 'WristRight']"
SkeletonData\SkeletonData\RawData\204_18_2_8_2_chair.txt,204,0,1,1,0.21862666308879852,0.7813733816146851,0.7813733816146851,"['SpineShoulder', 'SpineBase', 'WristRight']"
SkeletonData\SkeletonData\RawData\204_18_2_9_2_chair.txt,204,0,1,1,0.08189043402671814,0.9181095361709595,0.9181095361709595,"['SpineShoulder', 'SpineBase', 'WristRight']"
SkeletonData\SkeletonData\RawData\204_18_3_10_2_chair.txt,204,0,1,1,0.029532266780734062,0.9704678058624268,0.9704678058624268,"['SpineShoulder', 'SpineBase', 'WristRight']"
SkeletonData\SkeletonData\RawData\204_18_3_11_2_chair.txt,204,0,1,1,0.046033989638090134,0.9539660811424255,0.9539660811424255,"['SpineShoulder', 'SpineBase', 'WristRight']"
SkeletonData\SkeletonData\RawData\204_18_3_12_2_chair.txt,204,0,1,1,0.20757931470870972,0.7924206852912903,0.7924206852912903,"['SpineShoulder', 'SpineBase', 'WristRight']"
SkeletonData\SkeletonData\RawData\204_18_3_13_2_chair.txt,204,0,1,1,0.13396963477134705,0.8660303354263306,0.8660303354263306,"['SpineShoulder', 'SpineBase', 'WristRight']"
SkeletonData\SkeletonData\RawData\204_18_3_14_2_chair.txt,204,0,1,1,0.031617023050785065,0.9683830142021179,0.9683830142021179,"['SpineShoulder', 'SpineBase', 'WristRight']"
SkeletonData\SkeletonData\RawData\204_18_3_15_2_chair.txt,204,0,1,1,0.03882540762424469,0.9611746072769165,0.9611746072769165,"['SpineShoulder', 'SpineBase', 'WristRight']"
SkeletonData\SkeletonData\RawData\204_18_3_16_2_chair.txt,204,0,1,1,0.040343377739191055,0.9596565961837769,0.9596565961837769,"['SpineShoulder', 'SpineBase', 'WristRight']"
SkeletonData\SkeletonData\RawData\204_18_3_17_2_chair.txt,204,0,1,1,0.05462821573019028,0.9453717470169067,0.9453717470169067,"['SpineShoulder', 'SpineBase', 'WristRight']"
SkeletonData\SkeletonData\RawData\204_18_3_18_2_chair.txt,204,0,1,1,0.05037229135632515,0.9496277570724487,0.9496277570724487,"['SpineShoulder', 'SpineBase', 'WristRight']"
SkeletonData\SkeletonData\RawData\204_18_3_19_2_chair.txt,204,0,1,1,0.0678747296333313,0.9321252703666687,0.9321252703666687,"['SpineShoulder', 'SpineBase', 'WristRight']"
SkeletonData\SkeletonData\RawData\204_18_3_1_2_chair.txt,204,0,1,0,0.8663639426231384,0.13363607227802277,0.8663639426231384,"['SpineShoulder', 'SpineBase', 'WristRight']"
SkeletonData\SkeletonData\RawData\204_18_3_20_2_chair.txt,204,0,1,1,0.029083484783768654,0.9709165096282959,0.9709165096282959,"['SpineShoulder', 'SpineBase', 'WristRight']"
SkeletonData\SkeletonData\RawData\204_18_3_21_2_chair.txt,204,0,1,1,0.278543621301651,0.7214564085006714,0.7214564085006714,"['SpineShoulder', 'SpineBase', 'WristRight']"
SkeletonData\SkeletonData\RawData\204_18_3_22_2_chair.txt,204,0,1,1,0.040220707654953,0.9597792625427246,0.9597792625427246,"['SpineShoulder', 'SpineBase', 'WristRight']"
SkeletonData\SkeletonData\RawData\204_18_3_23_2_chair.txt,204,0,1,1,0.03615667298436165,0.9638433456420898,0.9638433456420898,"['SpineShoulder', 'SpineBase', 'WristRight']"
SkeletonData\SkeletonData\RawData\204_18_3_24_2_chair.txt,204,0,1,1,0.030619356781244278,0.9693806171417236,0.9693806171417236,"['SpineShoulder', 'SpineBase', 'WristRight']"
SkeletonData\SkeletonData\RawData\204_18_3_25_2_chair.txt,204,0,1,1,0.03654790297150612,0.9634521007537842,0.9634521007537842,"['SpineShoulder', 'SpineBase', 'WristRight']"
SkeletonData\SkeletonData\RawData\204_18_3_26_2_chair.txt,204,0,1,1,0.04006496071815491,0.9599350094795227,0.9599350094795227,"['SpineShoulder', 'SpineBase', 'WristRight']"
SkeletonData\SkeletonData\RawData\204_18_3_27_2_chair.txt,204,0,1,1,0.057833898812532425,0.9421660900115967,0.9421660900115967,"['SpineShoulder', 'SpineBase', 'WristRight']"
SkeletonData\SkeletonData\RawData\204_18_3_28_2_chair.txt,204,0,1,1,0.07849070429801941,0.921509325504303,0.921509325504303,"['SpineShoulder', 'SpineBase', 'WristRight']"
SkeletonData\SkeletonData\RawData\204_18_3_29_2_chair.txt,204,0,1,1,0.057431723922491074,0.942568302154541,0.942568302154541,"['SpineShoulder', 'SpineBase', 'WristRight']"
SkeletonData\SkeletonData\RawData\204_18_3_2_2_chair.txt,204,0,1,0,0.8706528544425964,0.1293470859527588,0.8706528544425964,"['SpineShoulder', 'SpineBase', 'WristRight']"
SkeletonData\SkeletonData\RawData\204_18_3_30_2_chair.txt,204,0,1,1,0.030660009011626244,0.9693399667739868,0.9693399667739868,"['SpineShoulder', 'SpineBase', 'WristRight']"
SkeletonData\SkeletonData\RawData\204_18_3_31_2_chair.txt,204,0,1,1,0.07273437082767487,0.9272656440734863,0.9272656440734863,"['SpineShoulder', 'SpineBase', 'WristRight']"
SkeletonData\SkeletonData\RawData\204_18_3_32_2_chair.txt,204,0,1,1,0.04020044952630997,0.959799587726593,0.959799587726593,"['SpineShoulder', 'SpineBase', 'WristLeft']"
SkeletonData\SkeletonData\RawData\204_18_3_33_2_chair.txt,204,0,1,1,0.03705080226063728,0.9629492163658142,0.9629492163658142,"['SpineShoulder', 'SpineBase', 'WristLeft']"
SkeletonData\SkeletonData\RawData\204_18_3_34_2_chair.txt,204,0,1,1,0.04730293154716492,0.9526970386505127,0.9526970386505127,"['SpineShoulder', 'SpineBase', 'WristRight']"
SkeletonData\SkeletonData\RawData\204_18_3_35_2_chair.txt,204,0,1,1,0.03873692452907562,0.9612630605697632,0.9612630605697632,"['SpineShoulder', 'SpineBase', 'WristRight']"
SkeletonData\SkeletonData\RawData\204_18_3_36_2_chair.txt,204,0,1,0,0.6785972118377686,0.3214028477668762,0.6785972118377686,"['SpineShoulder', 'SpineBase', 'WristRight']"
SkeletonData\SkeletonData\RawData\204_18_3_37_2_chair.txt,204,0,1,1,0.02405703254044056,0.9759429097175598,0.9759429097175598,"['SpineShoulder', 'SpineBase', 'WristRight']"
SkeletonData\SkeletonData\RawData\204_18_3_38_2_chair.txt,204,0,1,1,0.021162811666727066,0.9788371324539185,0.9788371324539185,"['SpineShoulder', 'SpineBase', 'WristRight']"
SkeletonData\SkeletonData\RawData\204_18_3_39_2_chair.txt,204,0,1,1,0.02686361037194729,0.9731364250183105,0.9731364250183105,"['SpineShoulder', 'SpineBase', 'WristRight']"
SkeletonData\SkeletonData\RawData\204_18_3_3_2_chair.txt,204,0,1,0,0.9372845888137817,0.06271539628505707,0.9372845888137817,"['SpineShoulder', 'SpineBase', 'WristRight']"
SkeletonData\SkeletonData\RawData\204_18_3_40_2_chair.txt,204,0,1,1,0.026391051709651947,0.9736089706420898,0.9736089706420898,"['SpineShoulder', 'SpineBase', 'WristRight']"
SkeletonData\SkeletonData\RawData\204_18_3_41_2_chair.txt,204,0,1,1,0.045478008687496185,0.9545219540596008,0.9545219540596008,"['SpineShoulder', 'SpineBase', 'WristRight']"
SkeletonData\SkeletonData\RawData\204_18_3_42_2_chair.txt,204,0,1,1,0.044213153421878815,0.9557868838310242,0.9557868838310242,"['SpineShoulder', 'SpineBase', 'WristRight']"
SkeletonData\SkeletonData\RawData\204_18_3_43_2_chair.txt,204,0,1,1,0.06852942705154419,0.9314705729484558,0.9314705729484558,"['SpineShoulder', 'SpineBase', 'WristRight']"
SkeletonData\SkeletonData\RawData\204_18_3_44_1_chair.txt,204,0,0,0,0.8973844647407532,0.1026155948638916,0.8973844647407532,"['SpineShoulder', 'SpineBase', 'WristRight']"
SkeletonData\SkeletonData\RawData\204_18_3_45_1_chair.txt,204,0,0,0,0.9046998620033264,0.09530014544725418,0.9046998620033264,"['SpineShoulder', 'SpineBase', 'WristRight']"
SkeletonData\SkeletonData\RawData\204_18_3_46_1_chair.txt,204,0,0,0,0.852215588092804,0.14778441190719604,0.852215588092804,"['SpineShoulder', 'SpineBase', 'WristRight']"
SkeletonData\SkeletonData\RawData\204_18_3_47_1_chair.txt,204,0,0,0,0.9019606113433838,0.09803938865661621,0.9019606113433838,"['SpineShoulder', 'SpineBase', 'WristRight']"
SkeletonData\SkeletonData\RawData\204_18_3_48_1_chair.txt,204,0,0,0,0.8921366930007935,0.10786331444978714,0.8921366930007935,"['SpineShoulder', 'SpineBase', 'WristRight']"
SkeletonData\SkeletonData\RawData\204_18_3_49_1_chair.txt,204,0,0,0,0.7055003046989441,0.2944997251033783,0.7055003046989441,"['SpineShoulder', 'SpineBase', 'WristRight']"
SkeletonData\SkeletonData\RawData\204_18_3_4_2_chair.txt,204,0,1,0,0.9102847576141357,0.08971528708934784,0.9102847576141357,"['SpineShoulder', 'SpineBase', 'WristRight']"
SkeletonData\SkeletonData\RawData\204_18_3_50_1_chair.txt,204,0,0,0,0.7210768461227417,0.2789231240749359,0.7210768461227417,"['SpineShoulder', 'SpineBase', 'WristRight']"
SkeletonData\SkeletonData\RawData\204_18_3_51_1_chair.txt,204,0,0,1,0.41998088359832764,0.5800191164016724,0.5800191164016724,"['SpineShoulder', 'SpineBase', 'WristRight']"
SkeletonData\SkeletonData\RawData\204_18_3_52_1_chair.txt,204,0,0,0,0.8712605237960815,0.12873943150043488,0.8712605237960815,"['SpineShoulder', 'SpineBase', 'WristRight']"
SkeletonData\SkeletonData\RawData\204_18_3_53_1_chair.txt,204,0,0,0,0.9656498432159424,0.03435011953115463,0.9656498432159424,"['SpineShoulder', 'SpineBase', 'WristLeft']"
SkeletonData\SkeletonData\RawData\204_18_3_54_1_chair.txt,204,0,0,0,0.9517595767974854,0.048240382224321365,0.9517595767974854,"['SpineShoulder', 'SpineBase', 'WristLeft']"
SkeletonData\SkeletonData\RawData\204_18_3_55_1_chair.txt,204,0,0,0,0.9583125710487366,0.041687484830617905,0.9583125710487366,"['SpineShoulder', 'SpineBase', 'WristLeft']"
SkeletonData\SkeletonData\RawData\204_18_3_56_1_chair.txt,204,0,0,0,0.9622396230697632,0.037760309875011444,0.9622396230697632,"['SpineShoulder', 'SpineBase', 'WristLeft']"
SkeletonData\SkeletonData\RawData\204_18_3_57_1_chair.txt,204,0,0,0,0.9592360258102417,0.04076400026679039,0.9592360258102417,"['SpineShoulder', 'SpineBase', 'WristLeft']"
SkeletonData\SkeletonData\RawData\204_18_3_58_1_chair.txt,204,0,0,0,0.9636112451553345,0.036388691514730453,0.9636112451553345,"['SpineShoulder', 'SpineBase', 'WristLeft']"
SkeletonData\SkeletonData\RawData\204_18_3_5_2_chair.txt,204,0,1,0,0.9323806166648865,0.06761934608221054,0.9323806166648865,"['SpineShoulder', 'SpineBase', 'WristRight']"
SkeletonData\SkeletonData\RawData\204_18_3_6_2_chair.txt,204,0,1,0,0.8839015960693359,0.11609841883182526,0.8839015960693359,"['SpineShoulder', 'SpineBase', 'WristRight']"
SkeletonData\SkeletonData\RawData\204_18_3_7_2_chair.txt,204,0,1,0,0.8439919948577881,0.1560080200433731,0.8439919948577881,"['SpineShoulder', 'SpineBase', 'WristRight']"
SkeletonData\SkeletonData\RawData\204_18_3_8_2_chair.txt,204,0,1,1,0.058337509632110596,0.9416624903678894,0.9416624903678894,"['SpineShoulder', 'SpineBase', 'WristRight']"
SkeletonData\SkeletonData\RawData\204_18_3_9_2_chair.txt,204,0,1,1,0.030393045395612717,0.9696069955825806,0.9696069955825806,"['SpineShoulder', 'SpineBase', 'WristRight']"
SkeletonData\SkeletonData\RawData\204_18_4_1_1_chair.txt,204,0,0,1,0.39371487498283386,0.6062850952148438,0.6062850952148438,"['SpineShoulder', 'SpineBase', 'WristRight']"
SkeletonData\SkeletonData\RawData\204_18_4_2_1_chair.txt,204,0,0,1,0.4017285108566284,0.5982714295387268,0.5982714295387268,"['SpineShoulder', 'SpineBase', 'WristRight']"
SkeletonData\SkeletonData\RawData\204_18_4_3_1_chair.txt,204,0,0,1,0.3922370672225952,0.6077629327774048,0.6077629327774048,"['SpineShoulder', 'SpineBase', 'WristRight']"
SkeletonData\SkeletonData\RawData\204_18_4_4_2_chair.txt,204,0,1,1,0.29775571823120117,0.702244222164154,0.702244222164154,"['SpineShoulder', 'SpineBase', 'WristRight']"
SkeletonData\SkeletonData\RawData\204_18_4_5_2_chair.txt,204,0,1,1,0.47743290662765503,0.522567093372345,0.522567093372345,"['SpineShoulder', 'SpineBase', 'WristRight']"
SkeletonData\SkeletonData\RawData\204_18_4_6_2_chair.txt,204,0,1,1,0.28387683629989624,0.7161231637001038,0.7161231637001038,"['SpineShoulder', 'SpineBase', 'WristRight']"
SkeletonData\SkeletonData\RawData\204_18_4_7_2_chair.txt,204,0,1,1,0.4584437906742096,0.541556179523468,0.541556179523468,"['SpineShoulder', 'SpineBase', 'WristRight']"
SkeletonData\SkeletonData\RawData\204_18_5_1_1_chair.txt,204,0,0,0,0.8109650611877441,0.18903493881225586,0.8109650611877441,"['SpineShoulder', 'SpineBase', 'WristLeft']"
SkeletonData\SkeletonData\RawData\204_18_5_2_1_chair.txt,204,0,0,0,0.8945411443710327,0.1054588258266449,0.8945411443710327,"['SpineShoulder', 'SpineBase', 'WristLeft']"
SkeletonData\SkeletonData\RawData\204_18_5_3_1_chair.txt,204,0,0,0,0.9413268566131592,0.0586731843650341,0.9413268566131592,"['SpineShoulder', 'SpineBase', 'WristLeft']"
SkeletonData\SkeletonData\RawData\204_18_5_4_1_chair.txt,204,0,0,0,0.9001472592353821,0.09985277056694031,0.9001472592353821,"['SpineShoulder', 'SpineBase', 'WristLeft']"
SkeletonData\SkeletonData\RawData\204_18_5_5_2_chair.txt,204,0,1,1,0.2455398291349411,0.7544601559638977,0.7544601559638977,"['SpineShoulder', 'SpineBase', 'WristLeft']"
SkeletonData\SkeletonData\RawData\204_18_5_6_2_chair.txt,204,0,1,0,0.8106270432472229,0.18937291204929352,0.8106270432472229,"['SpineShoulder', 'SpineBase', 'WristLeft']"
SkeletonData\SkeletonData\RawData\204_18_5_7_2_chair.txt,204,0,1,0,0.8266167640686035,0.1733832061290741,0.8266167640686035,"['SpineShoulder', 'SpineBase', 'WristLeft']"
SkeletonData\SkeletonData\RawData\204_18_6_1_1_chair.txt,204,0,0,1,0.21230682730674744,0.787693202495575,0.787693202495575,"['SpineShoulder', 'SpineBase', 'WristLeft']"
SkeletonData\SkeletonData\RawData\204_18_6_2_1_chair.txt,204,0,0,0,0.9443516731262207,0.055648352950811386,0.9443516731262207,"['SpineShoulder', 'SpineBase', 'WristLeft']"
SkeletonData\SkeletonData\RawData\204_18_6_3_1_chair.txt,204,0,0,0,0.9201399087905884,0.07986017316579819,0.9201399087905884,"['SpineShoulder', 'SpineBase', 'WristLeft']"
SkeletonData\SkeletonData\RawData\204_18_6_4_1_chair.txt,204,0,0,0,0.9459600448608398,0.05403991788625717,0.9459600448608398,"['SpineShoulder', 'SpineBase', 'WristLeft']"
SkeletonData\SkeletonData\RawData\204_18_6_5_1_chair.txt,204,0,0,0,0.9356494545936584,0.06435052305459976,0.9356494545936584,"['SpineShoulder', 'SpineBase', 'WristLeft']"
SkeletonData\SkeletonData\RawData\204_18_6_6_1_chair.txt,204,0,0,0,0.9628776907920837,0.037122294306755066,0.9628776907920837,"['SpineShoulder', 'SpineBase', 'WristLeft']"
SkeletonData\SkeletonData\RawData\204_18_7_1_2_chair.txt,204,0,1,1,0.2322062849998474,0.7677936553955078,0.7677936553955078,"['SpineShoulder', 'SpineBase', 'WristRight']"
SkeletonData\SkeletonData\RawData\204_18_7_2_1_chair.txt,204,0,0,1,0.3191538155078888,0.6808462142944336,0.6808462142944336,"['SpineShoulder', 'SpineBase', 'WristRight']"
SkeletonData\SkeletonData\RawData\204_18_7_3_1_chair.txt,204,0,0,1,0.46892595291137695,0.531074047088623,0.531074047088623,"['SpineShoulder', 'SpineBase', 'WristRight']"
SkeletonData\SkeletonData\RawData\204_18_7_4_1_chair.txt,204,0,0,1,0.2968061566352844,0.7031939029693604,0.7031939029693604,"['SpineShoulder', 'SpineBase', 'WristRight']"
SkeletonData\SkeletonData\RawData\204_18_7_5_1_chair.txt,204,0,0,1,0.2912464439868927,0.7087536454200745,0.7087536454200745,"['SpineShoulder', 'SpineBase', 'WristRight']"
SkeletonData\SkeletonData\RawData\204_18_7_6_1_chair.txt,204,0,0,1,0.3020859360694885,0.6979140639305115,0.6979140639305115,"['SpineShoulder', 'SpineBase', 'WristRight']"
SkeletonData\SkeletonData\RawData\204_18_7_7_1_chair.txt,204,0,0,1,0.2969287931919098,0.7030711770057678,0.7030711770057678,"['SpineShoulder', 'SpineBase', 'WristRight']"
SkeletonData\SkeletonData\RawData\204_18_8_10_1_chair.txt,204,0,0,1,0.3868696987628937,0.6131303310394287,0.6131303310394287,"['SpineShoulder', 'SpineBase', 'WristLeft']"
SkeletonData\SkeletonData\RawData\204_18_8_11_1_chair.txt,204,0,0,1,0.31224605441093445,0.6877539753913879,0.6877539753913879,"['SpineShoulder', 'SpineBase', 'WristLeft']"
SkeletonData\SkeletonData\RawData\204_18_8_12_1_chair.txt,204,0,0,1,0.3463398516178131,0.6536601781845093,0.6536601781845093,"['SpineShoulder', 'SpineBase', 'WristLeft']"
SkeletonData\SkeletonData\RawData\204_18_8_13_1_chair.txt,204,0,0,1,0.3105754852294922,0.6894245147705078,0.6894245147705078,"['SpineShoulder', 'SpineBase', 'WristLeft']"
SkeletonData\SkeletonData\RawData\204_18_8_14_3_chair.txt,204,0,0,1,0.34562990069389343,0.6543700695037842,0.6543700695037842,"['SpineShoulder', 'SpineBase', 'WristRight']"
SkeletonData\SkeletonData\RawData\204_18_8_15_3_chair.txt,204,0,0,1,0.32645827531814575,0.6735417246818542,0.6735417246818542,"['SpineShoulder', 'SpineBase', 'WristRight']"
SkeletonData\SkeletonData\RawData\204_18_8_1_2_chair.txt,204,0,1,1,0.33169639110565186,0.6683036088943481,0.6683036088943481,"['SpineShoulder', 'SpineBase', 'WristRight']"
SkeletonData\SkeletonData\RawData\204_18_8_2_2_chair.txt,204,0,1,1,0.2914188504219055,0.7085811495780945,0.7085811495780945,"['SpineShoulder', 'SpineBase', 'WristRight']"
SkeletonData\SkeletonData\RawData\204_18_8_3_2_chair.txt,204,0,1,0,0.5289130210876465,0.47108694911003113,0.5289130210876465,"['SpineShoulder', 'SpineBase', 'WristRight']"
SkeletonData\SkeletonData\RawData\204_18_8_4_2_chair.txt,204,0,1,1,0.3365562856197357,0.6634437441825867,0.6634437441825867,"['SpineShoulder', 'SpineBase', 'WristRight']"
SkeletonData\SkeletonData\RawData\204_18_8_5_2_chair.txt,204,0,1,1,0.3612043559551239,0.6387956142425537,0.6387956142425537,"['SpineShoulder', 'SpineBase', 'WristRight']"
SkeletonData\SkeletonData\RawData\204_18_8_6_2_chair.txt,204,0,1,1,0.3611047863960266,0.6388952136039734,0.6388952136039734,"['SpineShoulder', 'SpineBase', 'WristRight']"
SkeletonData\SkeletonData\RawData\204_18_8_7_1_chair.txt,204,0,0,1,0.3101821839809418,0.6898177862167358,0.6898177862167358,"['SpineShoulder', 'SpineBase', 'WristLeft']"
SkeletonData\SkeletonData\RawData\204_18_8_8_1_chair.txt,204,0,0,1,0.3048403859138489,0.6951596140861511,0.6951596140861511,"['SpineShoulder', 'SpineBase', 'WristLeft']"
SkeletonData\SkeletonData\RawData\204_18_8_9_1_chair.txt,204,0,0,1,0.3064509630203247,0.6935490965843201,0.6935490965843201,"['SpineShoulder', 'SpineBase', 'WristLeft']"
SkeletonData\SkeletonData\RawData\205_18_0_1_1_stand.txt,205,4,0,1,0.14146928489208221,0.8585307002067566,0.8585307002067566,"['SpineShoulder', 'SpineBase', 'WristRight']"
SkeletonData\SkeletonData\RawData\205_18_0_2_1_stand.txt,205,4,0,0,0.7854284048080444,0.21457159519195557,0.7854284048080444,"['SpineShoulder', 'SpineBase', 'WristRight']"
SkeletonData\SkeletonData\RawData\205_18_0_3_1_stand.txt,205,4,0,0,0.627291738986969,0.3727082312107086,0.627291738986969,"['SpineShoulder', 'SpineBase', 'WristRight']"
SkeletonData\SkeletonData\RawData\205_18_1_10_1_stand.txt,205,4,0,0,0.7691819667816162,0.2308180332183838,0.7691819667816162,"['SpineShoulder', 'SpineBase', 'WristRight']"
SkeletonData\SkeletonData\RawData\205_18_1_11_1_stand.txt,205,4,0,0,0.9101046323776245,0.08989540487527847,0.9101046323776245,"['SpineShoulder', 'SpineBase', 'WristRight']"
SkeletonData\SkeletonData\RawData\205_18_1_12_1_stand.txt,205,4,0,0,0.942594051361084,0.05740594118833542,0.942594051361084,"['SpineShoulder', 'SpineBase', 'WristRight']"
SkeletonData\SkeletonData\RawData\205_18_1_13_1_stand.txt,205,4,0,0,0.6471645832061768,0.35283544659614563,0.6471645832061768,"['SpineShoulder', 'SpineBase', 'WristRight']"
SkeletonData\SkeletonData\RawData\205_18_1_14_1_stand.txt,205,4,0,0,0.9080596566200256,0.09194038063287735,0.9080596566200256,"['SpineShoulder', 'SpineBase', 'WristRight']"
SkeletonData\SkeletonData\RawData\205_18_1_15_1_stand.txt,205,4,0,0,0.8209866285324097,0.17901334166526794,0.8209866285324097,"['SpineShoulder', 'SpineBase', 'WristRight']"
SkeletonData\SkeletonData\RawData\205_18_1_16_2_stand.txt,205,4,1,0,0.9359840154647827,0.0640159547328949,0.9359840154647827,"['SpineShoulder', 'SpineBase', 'WristRight']"
SkeletonData\SkeletonData\RawData\205_18_1_17_2_stand.txt,205,4,1,0,0.9546287059783936,0.04537123441696167,0.9546287059783936,"['SpineShoulder', 'SpineBase', 'WristRight']"
SkeletonData\SkeletonData\RawData\205_18_1_1_1_stand.txt,205,4,0,0,0.975356936454773,0.024643022567033768,0.975356936454773,"['SpineShoulder', 'SpineBase', 'WristRight']"
SkeletonData\SkeletonData\RawData\205_18_1_2_1_stand.txt,205,4,0,0,0.907547116279602,0.09245280921459198,0.907547116279602,"['SpineShoulder', 'SpineBase', 'WristRight']"
SkeletonData\SkeletonData\RawData\205_18_1_3_1_stand.txt,205,4,0,0,0.9744466543197632,0.025553319603204727,0.9744466543197632,"['SpineShoulder', 'SpineBase', 'WristRight']"
SkeletonData\SkeletonData\RawData\205_18_1_4_1_stand.txt,205,4,0,0,0.9748308062553406,0.02516922913491726,0.9748308062553406,"['SpineShoulder', 'SpineBase', 'WristRight']"
SkeletonData\SkeletonData\RawData\205_18_1_5_1_stand.txt,205,4,0,0,0.9171172976493835,0.08288273215293884,0.9171172976493835,"['SpineShoulder', 'SpineBase', 'WristRight']"
SkeletonData\SkeletonData\RawData\205_18_1_6_1_stand.txt,205,4,0,0,0.9676563143730164,0.032343652099370956,0.9676563143730164,"['SpineShoulder', 'SpineBase', 'WristRight']"
SkeletonData\SkeletonData\RawData\205_18_1_7_1_stand.txt,205,4,0,0,0.9751873016357422,0.02481267601251602,0.9751873016357422,"['SpineShoulder', 'SpineBase', 'WristRight']"
SkeletonData\SkeletonData\RawData\205_18_1_8_1_stand.txt,205,4,0,0,0.7133370041847229,0.2866629958152771,0.7133370041847229,"['SpineShoulder', 'SpineBase', 'WristRight']"
SkeletonData\SkeletonData\RawData\205_18_1_9_1_stand.txt,205,4,0,0,0.5895681381225586,0.410431832075119,0.5895681381225586,"['SpineShoulder', 'SpineBase', 'WristRight']"
SkeletonData\SkeletonData\RawData\205_18_5_1_1_stand.txt,205,4,0,1,0.29549241065979004,0.70450758934021,0.70450758934021,"['SpineShoulder', 'SpineBase', 'WristRight']"
SkeletonData\SkeletonData\RawData\206_18_0_10_1_stand.txt,206,2,0,0,0.9382972121238708,0.061702776700258255,0.9382972121238708,"['SpineShoulder', 'SpineBase', 'WristLeft']"
SkeletonData\SkeletonData\RawData\206_18_0_11_1_stand.txt,206,2,0,0,0.9613306522369385,0.03866931423544884,0.9613306522369385,"['SpineShoulder', 'SpineBase', 'WristLeft']"
SkeletonData\SkeletonData\RawData\206_18_0_1_1_chair.txt,206,4,0,1,0.34741470217704773,0.6525852680206299,0.6525852680206299,"['SpineShoulder', 'SpineBase', 'WristLeft']"
SkeletonData\SkeletonData\RawData\206_18_0_2_1_chair.txt,206,4,0,1,0.4525042772293091,0.5474957227706909,0.5474957227706909,"['SpineShoulder', 'SpineBase', 'WristRight']"
SkeletonData\SkeletonData\RawData\206_18_0_3_1_chair.txt,206,4,0,0,0.5141268968582153,0.4858730435371399,0.5141268968582153,"['SpineShoulder', 'SpineBase', 'WristLeft']"
SkeletonData\SkeletonData\RawData\206_18_0_4_1_chair.txt,206,4,0,0,0.6569597721099854,0.34304022789001465,0.6569597721099854,"['SpineShoulder', 'SpineBase', 'WristLeft']"
SkeletonData\SkeletonData\RawData\206_18_0_5_1_chair.txt,206,4,0,0,0.6257281303405762,0.3742718994617462,0.6257281303405762,"['SpineShoulder', 'SpineBase', 'WristLeft']"
SkeletonData\SkeletonData\RawData\206_18_0_6_1_stand.txt,206,2,0,0,0.9521617889404297,0.04783819615840912,0.9521617889404297,"['SpineShoulder', 'SpineBase', 'WristLeft']"
SkeletonData\SkeletonData\RawData\206_18_0_7_1_stand.txt,206,2,0,0,0.9365644454956055,0.0634356215596199,0.9365644454956055,"['SpineShoulder', 'SpineBase', 'WristLeft']"
SkeletonData\SkeletonData\RawData\206_18_0_8_1_stand.txt,206,2,0,0,0.925386369228363,0.07461363822221756,0.925386369228363,"['SpineShoulder', 'SpineBase', 'WristLeft']"
SkeletonData\SkeletonData\RawData\206_18_0_9_1_stand.txt,206,2,0,0,0.9449101686477661,0.05508987233042717,0.9449101686477661,"['SpineShoulder', 'SpineBase', 'WristLeft']"
SkeletonData\SkeletonData\RawData\206_18_1_10_2_stand.txt,206,2,1,1,0.21402856707572937,0.7859713435173035,0.7859713435173035,"['SpineShoulder', 'SpineBase', 'WristRight']"
SkeletonData\SkeletonData\RawData\206_18_1_11_2_stand.txt,206,2,1,1,0.146860271692276,0.8531396985054016,0.8531396985054016,"['SpineShoulder', 'SpineBase', 'WristRight']"
SkeletonData\SkeletonData\RawData\206_18_1_12_2_stand.txt,206,2,1,1,0.14514198899269104,0.8548580408096313,0.8548580408096313,"['SpineShoulder', 'SpineBase', 'WristRight']"
SkeletonData\SkeletonData\RawData\206_18_1_1_2_chair.txt,206,4,1,1,0.16323763132095337,0.8367623686790466,0.8367623686790466,"['SpineShoulder', 'SpineBase', 'WristRight']"
SkeletonData\SkeletonData\RawData\206_18_1_2_1_chair.txt,206,4,0,1,0.16699306666851044,0.8330069184303284,0.8330069184303284,"['SpineShoulder', 'SpineBase', 'WristLeft']"
SkeletonData\SkeletonData\RawData\206_18_1_3_2_chair.txt,206,4,1,0,0.7059973478317261,0.2940027117729187,0.7059973478317261,"['SpineShoulder', 'SpineBase', 'WristLeft']"
SkeletonData\SkeletonData\RawData\206_18_1_4_2_chair.txt,206,4,1,1,0.1835869997739792,0.8164130449295044,0.8164130449295044,"['SpineShoulder', 'SpineBase', 'WristLeft']"
SkeletonData\SkeletonData\RawData\206_18_1_5_1_chair.txt,206,4,0,1,0.09795968979597092,0.9020403623580933,0.9020403623580933,"['SpineShoulder', 'SpineBase', 'WristRight']"
SkeletonData\SkeletonData\RawData\206_18_1_6_1_chair.txt,206,4,0,1,0.12281708419322968,0.8771829009056091,0.8771829009056091,"['SpineShoulder', 'SpineBase', 'WristRight']"
SkeletonData\SkeletonData\RawData\206_18_1_7_1_stand.txt,206,2,0,1,0.16212381422519684,0.8378762006759644,0.8378762006759644,"['SpineShoulder', 'SpineBase', 'WristRight']"
SkeletonData\SkeletonData\RawData\206_18_1_8_1_stand.txt,206,2,0,1,0.11556720733642578,0.8844327926635742,0.8844327926635742,"['SpineShoulder', 'SpineBase', 'WristLeft']"
SkeletonData\SkeletonData\RawData\206_18_1_9_2_stand.txt,206,2,1,1,0.21339194476604462,0.7866079807281494,0.7866079807281494,"['SpineShoulder', 'SpineBase', 'WristRight']"
SkeletonData\SkeletonData\RawData\206_18_2_10_1_stand.txt,206,4,0,1,0.12312845140695572,0.8768715262413025,0.8768715262413025,"['SpineShoulder', 'SpineBase', 'WristRight']"
SkeletonData\SkeletonData\RawData\206_18_2_11_1_stand.txt,206,4,0,1,0.13161493837833405,0.8683850169181824,0.8683850169181824,"['SpineShoulder', 'SpineBase', 'WristRight']"
SkeletonData\SkeletonData\RawData\206_18_2_12_1_stand.txt,206,4,0,1,0.10055496543645859,0.8994450569152832,0.8994450569152832,"['SpineShoulder', 'SpineBase', 'WristRight']"
SkeletonData\SkeletonData\RawData\206_18_2_13_1_stand.txt,206,4,0,1,0.1359155923128128,0.8640843629837036,0.8640843629837036,"['SpineShoulder', 'SpineBase', 'WristRight']"
SkeletonData\SkeletonData\RawData\206_18_2_14_2_chair.txt,206,4,1,1,0.1716657280921936,0.8283342719078064,0.8283342719078064,"['SpineShoulder', 'SpineBase', 'WristRight']"
SkeletonData\SkeletonData\RawData\206_18_2_15_2_chair.txt,206,4,1,1,0.18963870406150818,0.8103612661361694,0.8103612661361694,"['SpineShoulder', 'SpineBase', 'WristRight']"
SkeletonData\SkeletonData\RawData\206_18_2_16_2_stand.txt,206,2,1,0,0.6223494410514832,0.37765058875083923,0.6223494410514832,"['SpineShoulder', 'SpineBase', 'WristLeft']"
SkeletonData\SkeletonData\RawData\206_18_2_17_2_stand.txt,206,2,1,1,0.47651365399360657,0.5234862565994263,0.5234862565994263,"['SpineShoulder', 'SpineBase', 'WristLeft']"
SkeletonData\SkeletonData\RawData\206_18_2_1_2_chair.txt,206,4,1,0,0.6515839695930481,0.3484160006046295,0.6515839695930481,"['SpineShoulder', 'SpineBase', 'WristLeft']"
SkeletonData\SkeletonData\RawData\206_18_2_2_1_chair.txt,206,4,0,1,0.295346200466156,0.7046538591384888,0.7046538591384888,"['SpineShoulder', 'SpineBase', 'WristRight']"
SkeletonData\SkeletonData\RawData\206_18_2_3_1_chair.txt,206,4,0,1,0.2953827679157257,0.7046172618865967,0.7046172618865967,"['SpineShoulder', 'SpineBase', 'WristRight']"
SkeletonData\SkeletonData\RawData\206_18_2_4_1_chair.txt,206,4,0,0,0.6168859601020813,0.3831140100955963,0.6168859601020813,"['SpineShoulder', 'SpineBase', 'WristRight']"
SkeletonData\SkeletonData\RawData\206_18_2_5_1_chair.txt,206,4,0,1,0.32050833106040955,0.6794916391372681,0.6794916391372681,"['SpineShoulder', 'SpineBase', 'WristRight']"
SkeletonData\SkeletonData\RawData\206_18_2_6_1_chair.txt,206,4,0,1,0.426693856716156,0.573306143283844,0.573306143283844,"['SpineShoulder', 'SpineBase', 'WristRight']"
SkeletonData\SkeletonData\RawData\206_18_2_7_1_chair.txt,206,4,0,1,0.48455703258514404,0.5154429078102112,0.5154429078102112,"['SpineShoulder', 'SpineBase', 'WristRight']"
SkeletonData\SkeletonData\RawData\206_18_2_8_1_stand.txt,206,2,0,0,0.9442207217216492,0.05577927455306053,0.9442207217216492,"['SpineShoulder', 'SpineBase', 'WristRight']"
SkeletonData\SkeletonData\RawData\206_18_2_9_1_stand.txt,206,4,0,1,0.08853865414857864,0.911461353302002,0.911461353302002,"['SpineShoulder', 'SpineBase', 'WristRight']"
SkeletonData\SkeletonData\RawData\206_18_3_10_2_stand.txt,206,4,1,0,0.6836982369422913,0.31630176305770874,0.6836982369422913,"['SpineShoulder', 'SpineBase', 'WristLeft']"
SkeletonData\SkeletonData\RawData\206_18_3_11_2_stand.txt,206,4,1,0,0.5896938443183899,0.4103062152862549,0.5896938443183899,"['SpineShoulder', 'SpineBase', 'WristLeft']"
SkeletonData\SkeletonData\RawData\206_18_3_12_2_stand.txt,206,4,1,0,0.5742139220237732,0.4257860779762268,0.5742139220237732,"['SpineShoulder', 'SpineBase', 'WristLeft']"
SkeletonData\SkeletonData\RawData\206_18_3_13_2_stand.txt,206,4,1,0,0.9656908512115479,0.03430914133787155,0.9656908512115479,"['SpineShoulder', 'SpineBase', 'WristRight']"
SkeletonData\SkeletonData\RawData\206_18_3_14_2_chair.txt,206,4,1,0,0.8905569911003113,0.10944297909736633,0.8905569911003113,"['SpineShoulder', 'SpineBase', 'WristLeft']"
SkeletonData\SkeletonData\RawData\206_18_3_15_2_chair.txt,206,4,1,1,0.39535194635391235,0.6046480536460876,0.6046480536460876,"['SpineShoulder', 'SpineBase', 'WristLeft']"
SkeletonData\SkeletonData\RawData\206_18_3_16_2_chair.txt,206,4,1,1,0.07290983945131302,0.9270901083946228,0.9270901083946228,"['SpineShoulder', 'SpineBase', 'WristRight']"
SkeletonData\SkeletonData\RawData\206_18_3_17_2_chair.txt,206,4,1,1,0.13694512844085693,0.8630549311637878,0.8630549311637878,"['SpineShoulder', 'SpineBase', 'WristLeft']"
SkeletonData\SkeletonData\RawData\206_18_3_1_2_chair.txt,206,4,1,1,0.06742735952138901,0.932572603225708,0.932572603225708,"['SpineShoulder', 'SpineBase', 'WristLeft']"
SkeletonData\SkeletonData\RawData\206_18_3_2_2_chair.txt,206,4,1,1,0.030031375586986542,0.9699686765670776,0.9699686765670776,"['SpineShoulder', 'SpineBase', 'WristLeft']"
SkeletonData\SkeletonData\RawData\206_18_3_3_2_chair.txt,206,4,1,1,0.04525375738739967,0.9547463059425354,0.9547463059425354,"['SpineShoulder', 'SpineBase', 'WristLeft']"
SkeletonData\SkeletonData\RawData\206_18_3_4_2_chair.txt,206,4,1,1,0.11481241136789322,0.8851876258850098,0.8851876258850098,"['SpineShoulder', 'SpineBase', 'WristLeft']"
SkeletonData\SkeletonData\RawData\206_18_3_5_2_chair.txt,206,4,1,1,0.13694387674331665,0.8630561232566833,0.8630561232566833,"['SpineShoulder', 'SpineBase', 'WristLeft']"
SkeletonData\SkeletonData\RawData\206_18_3_6_2_chair.txt,206,4,1,1,0.23903116583824158,0.7609688639640808,0.7609688639640808,"['SpineShoulder', 'SpineBase', 'WristLeft']"
SkeletonData\SkeletonData\RawData\206_18_3_7_2_chair.txt,206,4,1,1,0.3443428874015808,0.6556571125984192,0.6556571125984192,"['SpineShoulder', 'SpineBase', 'WristLeft']"
SkeletonData\SkeletonData\RawData\206_18_3_8_2_chair.txt,206,4,1,1,0.2433774322271347,0.7566226124763489,0.7566226124763489,"['SpineShoulder', 'SpineBase', 'WristLeft']"
SkeletonData\SkeletonData\RawData\206_18_3_9_2_stand.txt,206,4,1,1,0.4510793685913086,0.5489206910133362,0.5489206910133362,"['SpineShoulder', 'SpineBase', 'WristLeft']"
SkeletonData\SkeletonData\RawData\206_18_4_10_1_stand.txt,206,2,0,0,0.7018783092498779,0.29812169075012207,0.7018783092498779,"['SpineShoulder', 'SpineBase', 'WristRight']"
SkeletonData\SkeletonData\RawData\206_18_4_11_1_stand.txt,206,2,0,0,0.6197912096977234,0.380208820104599,0.6197912096977234,"['SpineShoulder', 'SpineBase', 'WristRight']"
SkeletonData\SkeletonData\RawData\206_18_4_12_2_chair.txt,206,0,1,1,0.4226990044116974,0.577301025390625,0.577301025390625,"['SpineShoulder', 'SpineBase', 'WristLeft']"
SkeletonData\SkeletonData\RawData\206_18_4_13_2_chair.txt,206,4,1,1,0.3075070381164551,0.6924929022789001,0.6924929022789001,"['SpineShoulder', 'SpineBase', 'WristRight']"
SkeletonData\SkeletonData\RawData\206_18_4_14_2_chair.txt,206,4,1,1,0.26310282945632935,0.7368971705436707,0.7368971705436707,"['SpineShoulder', 'SpineBase', 'WristRight']"
SkeletonData\SkeletonData\RawData\206_18_4_1_2_chair.txt,206,4,1,1,0.11202497035264969,0.8879750370979309,0.8879750370979309,"['SpineShoulder', 'SpineBase', 'WristRight']"
SkeletonData\SkeletonData\RawData\206_18_4_2_1_chair.txt,206,4,0,1,0.3070520758628845,0.6929478645324707,0.6929478645324707,"['SpineShoulder', 'SpineBase', 'WristRight']"
SkeletonData\SkeletonData\RawData\206_18_4_3_1_chair.txt,206,4,0,1,0.24571938812732697,0.7542806267738342,0.7542806267738342,"['SpineShoulder', 'SpineBase', 'WristRight']"
SkeletonData\SkeletonData\RawData\206_18_4_4_1_chair.txt,206,4,0,1,0.2300296276807785,0.7699702978134155,0.7699702978134155,"['SpineShoulder', 'SpineBase', 'WristRight']"
SkeletonData\SkeletonData\RawData\206_18_4_5_1_chair.txt,206,4,0,1,0.21370287239551544,0.7862971425056458,0.7862971425056458,"['SpineShoulder', 'SpineBase', 'WristRight']"
SkeletonData\SkeletonData\RawData\206_18_4_6_1_chair.txt,206,4,0,1,0.24440698325634003,0.7555930018424988,0.7555930018424988,"['SpineShoulder', 'SpineBase', 'WristRight']"
SkeletonData\SkeletonData\RawData\206_18_4_7_1_chair.txt,206,4,0,1,0.23955632746219635,0.7604436874389648,0.7604436874389648,"['SpineShoulder', 'SpineBase', 'WristRight']"
SkeletonData\SkeletonData\RawData\206_18_4_8_2_chair.txt,206,4,1,1,0.22442510724067688,0.7755749225616455,0.7755749225616455,"['SpineShoulder', 'SpineBase', 'WristRight']"
SkeletonData\SkeletonData\RawData\206_18_4_9_1_stand.txt,206,2,0,0,0.6752103567123413,0.3247896432876587,0.6752103567123413,"['SpineShoulder', 'SpineBase', 'WristRight']"
SkeletonData\SkeletonData\RawData\206_18_5_10_2_chair.txt,206,0,1,1,0.48413756489753723,0.5158624649047852,0.5158624649047852,"['SpineShoulder', 'SpineBase', 'WristLeft']"
SkeletonData\SkeletonData\RawData\206_18_5_11_2_chair.txt,206,0,1,0,0.7671579718589783,0.23284202814102173,0.7671579718589783,"['SpineShoulder', 'SpineBase', 'WristLeft']"
SkeletonData\SkeletonData\RawData\206_18_5_12_2_chair.txt,206,0,1,0,0.5759525895118713,0.42404744029045105,0.5759525895118713,"['SpineShoulder', 'SpineBase', 'WristLeft']"
SkeletonData\SkeletonData\RawData\206_18_5_13_2_chair.txt,206,4,1,1,0.2630701959133148,0.7369298338890076,0.7369298338890076,"['SpineShoulder', 'SpineBase', 'WristRight']"
SkeletonData\SkeletonData\RawData\206_18_5_14_2_chair.txt,206,3,1,1,0.49703043699264526,0.5029695630073547,0.5029695630073547,"['SpineShoulder', 'SpineBase', 'WristLeft']"
SkeletonData\SkeletonData\RawData\206_18_5_15_2_chair.txt,206,3,1,0,0.880250096321106,0.11974993348121643,0.880250096321106,"['SpineShoulder', 'SpineBase', 'WristLeft']"
SkeletonData\SkeletonData\RawData\206_18_5_16_2_chair.txt,206,3,1,0,0.6518487334251404,0.3481512665748596,0.6518487334251404,"['SpineShoulder', 'SpineBase', 'WristLeft']"
SkeletonData\SkeletonData\RawData\206_18_5_17_2_chair.txt,206,3,1,0,0.5286417007446289,0.4713583290576935,0.5286417007446289,"['SpineShoulder', 'SpineBase', 'WristLeft']"
SkeletonData\SkeletonData\RawData\206_18_5_18_2_chair.txt,206,4,1,1,0.06688123941421509,0.9331187605857849,0.9331187605857849,"['SpineShoulder', 'SpineBase', 'WristRight']"
SkeletonData\SkeletonData\RawData\206_18_5_19_2_chair.txt,206,4,1,1,0.05399467796087265,0.9460053443908691,0.9460053443908691,"['SpineShoulder', 'SpineBase', 'WristRight']"
SkeletonData\SkeletonData\RawData\206_18_5_1_2_chair.txt,206,4,1,1,0.14122140407562256,0.8587785959243774,0.8587785959243774,"['SpineShoulder', 'SpineBase', 'WristRight']"
SkeletonData\SkeletonData\RawData\206_18_5_20_2_chair.txt,206,4,1,1,0.17524640262126923,0.8247535824775696,0.8247535824775696,"['SpineShoulder', 'SpineBase', 'WristRight']"
SkeletonData\SkeletonData\RawData\206_18_5_2_2_chair.txt,206,4,1,1,0.09517796337604523,0.904822051525116,0.904822051525116,"['SpineShoulder', 'SpineBase', 'WristRight']"
SkeletonData\SkeletonData\RawData\206_18_5_3_2_chair.txt,206,4,1,1,0.09492440521717072,0.9050756096839905,0.9050756096839905,"['SpineShoulder', 'SpineBase', 'WristRight']"
SkeletonData\SkeletonData\RawData\206_18_5_4_2_chair.txt,206,4,1,1,0.2603050470352173,0.7396949529647827,0.7396949529647827,"['SpineShoulder', 'SpineBase', 'WristRight']"
SkeletonData\SkeletonData\RawData\206_18_5_5_2_chair.txt,206,4,1,1,0.07898282259702682,0.9210171699523926,0.9210171699523926,"['SpineShoulder', 'SpineBase', 'WristRight']"
SkeletonData\SkeletonData\RawData\206_18_5_6_2_stand.txt,206,2,1,1,0.15111206471920013,0.8488879203796387,0.8488879203796387,"['SpineShoulder', 'SpineBase', 'WristRight']"
SkeletonData\SkeletonData\RawData\206_18_5_7_2_stand.txt,206,2,1,1,0.07992921769618988,0.9200707674026489,0.9200707674026489,"['SpineShoulder', 'SpineBase', 'WristRight']"
SkeletonData\SkeletonData\RawData\206_18_5_8_2_stand.txt,206,2,1,1,0.1135859563946724,0.8864140510559082,0.8864140510559082,"['SpineShoulder', 'SpineBase', 'WristRight']"
SkeletonData\SkeletonData\RawData\206_18_5_9_2_stand.txt,206,2,1,1,0.06439042836427689,0.9356095790863037,0.9356095790863037,"['SpineShoulder', 'SpineBase', 'WristRight']"
SkeletonData\SkeletonData\RawData\206_18_6_10_1_stand.txt,206,4,0,1,0.01633070409297943,0.9836693406105042,0.9836693406105042,"['SpineShoulder', 'SpineBase', 'WristLeft']"
SkeletonData\SkeletonData\RawData\206_18_6_11_1_stand.txt,206,4,0,1,0.029859108850359917,0.970140814781189,0.970140814781189,"['SpineShoulder', 'SpineBase', 'WristLeft']"
SkeletonData\SkeletonData\RawData\206_18_6_12_2_chair.txt,206,3,1,0,0.6474577188491821,0.35254228115081787,0.6474577188491821,"['SpineShoulder', 'SpineBase', 'WristLeft']"
SkeletonData\SkeletonData\RawData\206_18_6_13_2_chair.txt,206,3,1,0,0.8786905407905579,0.12130945175886154,0.8786905407905579,"['SpineShoulder', 'SpineBase', 'WristLeft']"
SkeletonData\SkeletonData\RawData\206_18_6_14_2_stand.txt,206,4,1,1,0.014682620763778687,0.9853174090385437,0.9853174090385437,"['SpineShoulder', 'SpineBase', 'WristLeft']"
SkeletonData\SkeletonData\RawData\206_18_6_1_1_chair.txt,206,3,0,1,0.18508747220039368,0.8149125576019287,0.8149125576019287,"['SpineShoulder', 'SpineBase', 'WristLeft']"
SkeletonData\SkeletonData\RawData\206_18_6_2_2_chair.txt,206,4,1,1,0.3446592688560486,0.6553407311439514,0.6553407311439514,"['SpineShoulder', 'SpineBase', 'WristLeft']"
SkeletonData\SkeletonData\RawData\206_18_6_3_1_chair.txt,206,4,0,1,0.19902412593364716,0.8009758591651917,0.8009758591651917,"['SpineShoulder', 'SpineBase', 'WristRight']"
SkeletonData\SkeletonData\RawData\206_18_6_4_1_chair.txt,206,4,0,1,0.13195200264453888,0.8680479526519775,0.8680479526519775,"['SpineShoulder', 'SpineBase', 'WristRight']"
SkeletonData\SkeletonData\RawData\206_18_6_5_1_chair.txt,206,4,0,1,0.1955973356962204,0.8044027090072632,0.8044027090072632,"['SpineShoulder', 'SpineBase', 'WristRight']"
SkeletonData\SkeletonData\RawData\206_18_6_6_1_chair.txt,206,4,0,1,0.18184971809387207,0.8181502819061279,0.8181502819061279,"['SpineShoulder', 'SpineBase', 'WristRight']"
SkeletonData\SkeletonData\RawData\206_18_6_7_2_chair.txt,206,4,1,1,0.04757656902074814,0.9524233937263489,0.9524233937263489,"['SpineShoulder', 'SpineBase', 'WristLeft']"
SkeletonData\SkeletonData\RawData\206_18_6_8_1_stand.txt,206,4,0,1,0.01634698361158371,0.9836530685424805,0.9836530685424805,"['SpineShoulder', 'SpineBase', 'WristLeft']"
SkeletonData\SkeletonData\RawData\206_18_6_9_1_stand.txt,206,4,0,1,0.017691263929009438,0.9823087453842163,0.9823087453842163,"['SpineShoulder', 'SpineBase', 'WristLeft']"
SkeletonData\SkeletonData\RawData\206_18_7_10_1_chair.txt,206,4,0,0,0.755466878414154,0.24453313648700714,0.755466878414154,"['SpineShoulder', 'SpineBase', 'WristLeft']"
SkeletonData\SkeletonData\RawData\206_18_7_11_1_chair.txt,206,4,0,0,0.740259051322937,0.2597409188747406,0.740259051322937,"['SpineShoulder', 'SpineBase', 'WristLeft']"
SkeletonData\SkeletonData\RawData\206_18_7_12_1_chair.txt,206,4,0,0,0.7804333567619324,0.2195666879415512,0.7804333567619324,"['SpineShoulder', 'SpineBase', 'WristLeft']"
SkeletonData\SkeletonData\RawData\206_18_7_13_1_chair.txt,206,4,0,0,0.7686444520950317,0.23135559260845184,0.7686444520950317,"['SpineShoulder', 'SpineBase', 'WristLeft']"
SkeletonData\SkeletonData\RawData\206_18_7_14_2_chair.txt,206,4,1,0,0.8808299899101257,0.11917001008987427,0.8808299899101257,"['SpineShoulder', 'SpineBase', 'WristLeft']"
SkeletonData\SkeletonData\RawData\206_18_7_15_1_stand.txt,206,4,0,0,0.643873393535614,0.3561266362667084,0.643873393535614,"['SpineShoulder', 'SpineBase', 'WristRight']"
SkeletonData\SkeletonData\RawData\206_18_7_16_1_stand.txt,206,4,0,0,0.9766157865524292,0.023384282365441322,0.9766157865524292,"['SpineShoulder', 'SpineBase', 'WristRight']"
SkeletonData\SkeletonData\RawData\206_18_7_17_1_stand.txt,206,4,0,0,0.9583113193511963,0.04168868437409401,0.9583113193511963,"['SpineShoulder', 'SpineBase', 'WristRight']"
SkeletonData\SkeletonData\RawData\206_18_7_18_1_stand.txt,206,4,0,0,0.9581804275512695,0.041819531470537186,0.9581804275512695,"['SpineShoulder', 'SpineBase', 'WristRight']"
SkeletonData\SkeletonData\RawData\206_18_7_19_1_stand.txt,206,4,0,0,0.9733532071113586,0.02664681151509285,0.9733532071113586,"['SpineShoulder', 'SpineBase', 'WristRight']"
SkeletonData\SkeletonData\RawData\206_18_7_1_1_chair.txt,206,4,0,1,0.39427340030670166,0.6057265996932983,0.6057265996932983,"['SpineShoulder', 'SpineBase', 'WristRight']"
SkeletonData\SkeletonData\RawData\206_18_7_20_1_stand.txt,206,4,0,0,0.9759470224380493,0.024052947759628296,0.9759470224380493,"['SpineShoulder', 'SpineBase', 'WristRight']"
SkeletonData\SkeletonData\RawData\206_18_7_21_1_stand.txt,206,4,0,0,0.9593729972839355,0.04062696918845177,0.9593729972839355,"['SpineShoulder', 'SpineBase', 'WristRight']"
SkeletonData\SkeletonData\RawData\206_18_7_22_1_stand.txt,206,4,0,0,0.9661732316017151,0.03382669761776924,0.9661732316017151,"['SpineShoulder', 'SpineBase', 'WristRight']"
SkeletonData\SkeletonData\RawData\206_18_7_23_2_chair.txt,206,4,1,1,0.37500983476638794,0.6249901652336121,0.6249901652336121,"['SpineShoulder', 'SpineBase', 'WristRight']"
SkeletonData\SkeletonData\RawData\206_18_7_24_2_chair.txt,206,4,1,1,0.42206722497940063,0.5779328346252441,0.5779328346252441,"['SpineShoulder', 'SpineBase', 'WristRight']"
SkeletonData\SkeletonData\RawData\206_18_7_25_2_stand.txt,206,4,1,0,0.5698992013931274,0.43010079860687256,0.5698992013931274,"['SpineShoulder', 'SpineBase', 'WristRight']"
SkeletonData\SkeletonData\RawData\206_18_7_2_1_chair.txt,206,4,0,0,0.5447455048561096,0.45525452494621277,0.5447455048561096,"['SpineShoulder', 'SpineBase', 'WristRight']"
SkeletonData\SkeletonData\RawData\206_18_7_3_1_chair.txt,206,4,0,1,0.39797458052635193,0.6020254492759705,0.6020254492759705,"['SpineShoulder', 'SpineBase', 'WristRight']"
SkeletonData\SkeletonData\RawData\206_18_7_4_1_chair.txt,206,4,0,1,0.4738925099372864,0.5261074900627136,0.5261074900627136,"['SpineShoulder', 'SpineBase', 'WristRight']"
SkeletonData\SkeletonData\RawData\206_18_7_5_1_chair.txt,206,4,0,1,0.4597436487674713,0.5402562618255615,0.5402562618255615,"['SpineShoulder', 'SpineBase', 'WristRight']"
SkeletonData\SkeletonData\RawData\206_18_7_6_1_chair.txt,206,4,0,1,0.46559423208236694,0.5344057083129883,0.5344057083129883,"['SpineShoulder', 'SpineBase', 'WristRight']"
SkeletonData\SkeletonData\RawData\206_18_7_7_1_chair.txt,206,4,0,0,0.73545241355896,0.26454755663871765,0.73545241355896,"['SpineShoulder', 'SpineBase', 'WristRight']"
SkeletonData\SkeletonData\RawData\206_18_7_8_2_chair.txt,206,4,1,0,0.7363731861114502,0.2636268138885498,0.7363731861114502,"['SpineShoulder', 'SpineBase', 'WristLeft']"
SkeletonData\SkeletonData\RawData\206_18_7_9_1_chair.txt,206,4,0,0,0.6865684390068054,0.3134315311908722,0.6865684390068054,"['SpineShoulder', 'SpineBase', 'WristLeft']"
SkeletonData\SkeletonData\RawData\206_18_8_10_2_stand.txt,206,4,1,0,0.7889918088912964,0.2110081911087036,0.7889918088912964,"['SpineShoulder', 'SpineBase', 'WristRight']"
SkeletonData\SkeletonData\RawData\206_18_8_1_1_stand.txt,206,4,0,0,0.975126326084137,0.024873724207282066,0.975126326084137,"['SpineShoulder', 'SpineBase', 'WristRight']"
SkeletonData\SkeletonData\RawData\206_18_8_2_1_stand.txt,206,4,0,0,0.6464566588401794,0.3535432815551758,0.6464566588401794,"['SpineShoulder', 'SpineBase', 'WristRight']"
SkeletonData\SkeletonData\RawData\206_18_8_3_1_stand.txt,206,4,0,0,0.7122752666473389,0.2877247631549835,0.7122752666473389,"['SpineShoulder', 'SpineBase', 'WristRight']"
SkeletonData\SkeletonData\RawData\206_18_8_4_1_stand.txt,206,4,0,0,0.6805709600448608,0.31942903995513916,0.6805709600448608,"['SpineShoulder', 'SpineBase', 'WristRight']"
SkeletonData\SkeletonData\RawData\206_18_8_5_1_stand.txt,206,4,0,0,0.7655513286590576,0.23444868624210358,0.7655513286590576,"['SpineShoulder', 'SpineBase', 'WristRight']"
SkeletonData\SkeletonData\RawData\206_18_8_6_1_stand.txt,206,4,0,0,0.7290773391723633,0.2709226906299591,0.7290773391723633,"['SpineShoulder', 'SpineBase', 'WristRight']"
SkeletonData\SkeletonData\RawData\206_18_8_7_1_stand.txt,206,4,0,0,0.9593884944915771,0.04061155766248703,0.9593884944915771,"['SpineShoulder', 'SpineBase', 'WristRight']"
SkeletonData\SkeletonData\RawData\206_18_8_8_2_stand.txt,206,4,1,0,0.7854941487312317,0.21450582146644592,0.7854941487312317,"['SpineShoulder', 'SpineBase', 'WristRight']"
SkeletonData\SkeletonData\RawData\206_18_8_9_2_stand.txt,206,4,1,0,0.9657958149909973,0.0342041552066803,0.9657958149909973,"['SpineShoulder', 'SpineBase', 'WristRight']"
SkeletonData\SkeletonData\RawData\207_18_0_10_2_stand.txt,207,0,1,1,0.04697464033961296,0.9530253410339355,0.9530253410339355,"['SpineShoulder', 'SpineBase', 'WristLeft']"
SkeletonData\SkeletonData\RawData\207_18_0_11_2_stand.txt,207,0,1,1,0.25000298023223877,0.7499970197677612,0.7499970197677612,"['SpineShoulder', 'SpineBase', 'WristLeft']"
SkeletonData\SkeletonData\RawData\207_18_0_12_2_stand.txt,207,0,1,1,0.07878895103931427,0.9212110638618469,0.9212110638618469,"['SpineShoulder', 'SpineBase', 'WristLeft']"
SkeletonData\SkeletonData\RawData\207_18_0_13_2_stand.txt,207,0,1,1,0.035570479929447174,0.964429497718811,0.964429497718811,"['SpineShoulder', 'SpineBase', 'WristLeft']"
SkeletonData\SkeletonData\RawData\207_18_0_14_2_stand.txt,207,0,1,1,0.16823552548885345,0.8317644596099854,0.8317644596099854,"['SpineShoulder', 'SpineBase', 'WristLeft']"
SkeletonData\SkeletonData\RawData\207_18_0_15_2_stand.txt,207,0,1,1,0.05730827897787094,0.9426916837692261,0.9426916837692261,"['SpineShoulder', 'SpineBase', 'WristLeft']"
SkeletonData\SkeletonData\RawData\207_18_0_16_2_stand.txt,207,0,1,1,0.04052460566163063,0.9594753980636597,0.9594753980636597,"['SpineShoulder', 'SpineBase', 'WristLeft']"
SkeletonData\SkeletonData\RawData\207_18_0_17_2_stand.txt,207,0,1,1,0.02535318396985531,0.9746468663215637,0.9746468663215637,"['SpineShoulder', 'SpineBase', 'WristLeft']"
SkeletonData\SkeletonData\RawData\207_18_0_18_2_stand.txt,207,0,1,1,0.049744803458452225,0.9502552151679993,0.9502552151679993,"['SpineShoulder', 'SpineBase', 'WristRight']"
SkeletonData\SkeletonData\RawData\207_18_0_19_2_stand.txt,207,0,1,0,0.9406559467315674,0.059344079345464706,0.9406559467315674,"['SpineShoulder', 'SpineBase', 'WristLeft']"
SkeletonData\SkeletonData\RawData\207_18_0_1_2_stand.txt,207,0,1,1,0.05409955978393555,0.9459003806114197,0.9459003806114197,"['SpineShoulder', 'SpineBase', 'WristLeft']"
SkeletonData\SkeletonData\RawData\207_18_0_20_2_stand.txt,207,0,1,1,0.18305496871471405,0.8169450163841248,0.8169450163841248,"['SpineShoulder', 'SpineBase', 'WristLeft']"
SkeletonData\SkeletonData\RawData\207_18_0_21_2_stand.txt,207,0,1,1,0.14031556248664856,0.859684407711029,0.859684407711029,"['SpineShoulder', 'SpineBase', 'WristLeft']"
SkeletonData\SkeletonData\RawData\207_18_0_2_2_stand.txt,207,0,1,1,0.05117955803871155,0.9488204717636108,0.9488204717636108,"['SpineShoulder', 'SpineBase', 'WristLeft']"
SkeletonData\SkeletonData\RawData\207_18_0_3_2_stand.txt,207,0,1,1,0.051890116184949875,0.9481098651885986,0.9481098651885986,"['SpineShoulder', 'SpineBase', 'WristLeft']"
SkeletonData\SkeletonData\RawData\207_18_0_4_2_stand.txt,207,0,1,1,0.08940889686346054,0.9105910658836365,0.9105910658836365,"['SpineShoulder', 'SpineBase', 'WristLeft']"
SkeletonData\SkeletonData\RawData\207_18_0_5_2_stand.txt,207,0,1,0,0.6318759322166443,0.3681240677833557,0.6318759322166443,"['SpineShoulder', 'SpineBase', 'WristLeft']"
SkeletonData\SkeletonData\RawData\207_18_0_6_2_stand.txt,207,0,1,1,0.03798750415444374,0.9620124101638794,0.9620124101638794,"['SpineShoulder', 'SpineBase', 'WristRight']"
SkeletonData\SkeletonData\RawData\207_18_0_7_2_stand.txt,207,0,1,1,0.02560347318649292,0.9743965268135071,0.9743965268135071,"['SpineShoulder', 'SpineBase', 'WristRight']"
SkeletonData\SkeletonData\RawData\207_18_0_8_2_stand.txt,207,0,1,1,0.09847264736890793,0.9015273451805115,0.9015273451805115,"['SpineShoulder', 'SpineBase', 'WristLeft']"
SkeletonData\SkeletonData\RawData\207_18_0_9_2_stand.txt,207,0,1,1,0.04041631892323494,0.9595836997032166,0.9595836997032166,"['SpineShoulder', 'SpineBase', 'WristLeft']"
SkeletonData\SkeletonData\RawData\207_18_1_10_1_stand.txt,207,0,0,1,0.11771548539400101,0.8822845220565796,0.8822845220565796,"['SpineShoulder', 'SpineBase', 'WristRight']"
SkeletonData\SkeletonData\RawData\207_18_1_11_2_stand.txt,207,0,1,1,0.054789744317531586,0.9452102780342102,0.9452102780342102,"['SpineShoulder', 'SpineBase', 'WristRight']"
SkeletonData\SkeletonData\RawData\207_18_1_12_2_stand.txt,207,0,1,1,0.07156688719987869,0.9284331798553467,0.9284331798553467,"['SpineShoulder', 'SpineBase', 'WristRight']"
SkeletonData\SkeletonData\RawData\207_18_1_13_2_stand.txt,207,0,1,1,0.08063514530658722,0.919364869594574,0.919364869594574,"['SpineShoulder', 'SpineBase', 'WristLeft']"
SkeletonData\SkeletonData\RawData\207_18_1_14_2_stand.txt,207,0,1,1,0.09830541163682938,0.9016945958137512,0.9016945958137512,"['SpineShoulder', 'SpineBase', 'WristLeft']"
SkeletonData\SkeletonData\RawData\207_18_1_15_2_stand.txt,207,0,1,1,0.0921139046549797,0.9078860878944397,0.9078860878944397,"['SpineShoulder', 'SpineBase', 'WristLeft']"
SkeletonData\SkeletonData\RawData\207_18_1_1_1_stand.txt,207,0,0,1,0.14888635277748108,0.8511136770248413,0.8511136770248413,"['SpineShoulder', 'SpineBase', 'WristRight']"
SkeletonData\SkeletonData\RawData\207_18_1_2_2_stand.txt,207,0,1,1,0.09568110853433609,0.9043189287185669,0.9043189287185669,"['SpineShoulder', 'SpineBase', 'WristLeft']"
SkeletonData\SkeletonData\RawData\207_18_1_3_2_stand.txt,207,0,1,1,0.18951475620269775,0.8104852437973022,0.8104852437973022,"['SpineShoulder', 'SpineBase', 'WristLeft']"
SkeletonData\SkeletonData\RawData\207_18_1_4_2_stand.txt,207,0,1,1,0.07685805857181549,0.9231418967247009,0.9231418967247009,"['SpineShoulder', 'SpineBase', 'WristLeft']"
SkeletonData\SkeletonData\RawData\207_18_1_5_2_stand.txt,207,0,1,1,0.07393279671669006,0.9260672330856323,0.9260672330856323,"['SpineShoulder', 'SpineBase', 'WristLeft']"
SkeletonData\SkeletonData\RawData\207_18_1_6_2_stand.txt,207,0,1,1,0.0751282125711441,0.9248717427253723,0.9248717427253723,"['SpineShoulder', 'SpineBase', 'WristRight']"
SkeletonData\SkeletonData\RawData\207_18_1_7_2_stand.txt,207,0,1,1,0.2752644419670105,0.7247355580329895,0.7247355580329895,"['SpineShoulder', 'SpineBase', 'WristRight']"
SkeletonData\SkeletonData\RawData\207_18_1_8_2_stand.txt,207,0,1,1,0.1811051219701767,0.8188949227333069,0.8188949227333069,"['SpineShoulder', 'SpineBase', 'WristRight']"
SkeletonData\SkeletonData\RawData\207_18_1_9_1_stand.txt,207,0,0,0,0.8002229332923889,0.19977706670761108,0.8002229332923889,"['SpineShoulder', 'SpineBase', 'WristRight']"
SkeletonData\SkeletonData\RawData\207_18_3_10_2_stand.txt,207,0,1,1,0.07380978763103485,0.9261901378631592,0.9261901378631592,"['SpineShoulder', 'SpineBase', 'WristRight']"
SkeletonData\SkeletonData\RawData\207_18_3_11_2_stand.txt,207,0,1,1,0.050320640206336975,0.9496793746948242,0.9496793746948242,"['SpineShoulder', 'SpineBase', 'WristRight']"
SkeletonData\SkeletonData\RawData\207_18_3_12_2_stand.txt,207,0,1,1,0.0539238303899765,0.9460762143135071,0.9460762143135071,"['SpineShoulder', 'SpineBase', 'WristLeft']"
SkeletonData\SkeletonData\RawData\207_18_3_13_2_stand.txt,207,0,1,1,0.09538492560386658,0.9046151041984558,0.9046151041984558,"['SpineShoulder', 'SpineBase', 'WristLeft']"
SkeletonData\SkeletonData\RawData\207_18_3_14_2_stand.txt,207,0,1,1,0.07358147948980331,0.9264185428619385,0.9264185428619385,"['SpineShoulder', 'SpineBase', 'WristLeft']"
SkeletonData\SkeletonData\RawData\207_18_3_15_2_stand.txt,207,0,1,0,0.9595609903335571,0.040439046919345856,0.9595609903335571,"['SpineShoulder', 'SpineBase', 'WristLeft']"
SkeletonData\SkeletonData\RawData\207_18_3_16_2_stand.txt,207,0,1,0,0.9885459542274475,0.011454058811068535,0.9885459542274475,"['SpineShoulder', 'SpineBase', 'WristLeft']"
SkeletonData\SkeletonData\RawData\207_18_3_1_2_stand.txt,207,0,1,0,0.5771030783653259,0.4228968322277069,0.5771030783653259,"['SpineShoulder', 'SpineBase', 'WristLeft']"
SkeletonData\SkeletonData\RawData\207_18_3_2_2_stand.txt,207,0,1,1,0.04153930023312569,0.9584606885910034,0.9584606885910034,"['SpineShoulder', 'SpineBase', 'WristLeft']"
SkeletonData\SkeletonData\RawData\207_18_3_3_2_stand.txt,207,0,1,1,0.22657667100429535,0.7734233140945435,0.7734233140945435,"['SpineShoulder', 'SpineBase', 'WristRight']"
SkeletonData\SkeletonData\RawData\207_18_3_4_2_stand.txt,207,0,1,1,0.06246178597211838,0.937538206577301,0.937538206577301,"['SpineShoulder', 'SpineBase', 'WristRight']"
SkeletonData\SkeletonData\RawData\207_18_3_5_2_stand.txt,207,0,1,1,0.4227001965045929,0.5772997736930847,0.5772997736930847,"['SpineShoulder', 'SpineBase', 'WristLeft']"
SkeletonData\SkeletonData\RawData\207_18_3_6_2_stand.txt,207,0,1,1,0.04933841526508331,0.9506615400314331,0.9506615400314331,"['SpineShoulder', 'SpineBase', 'WristRight']"
SkeletonData\SkeletonData\RawData\207_18_3_7_2_stand.txt,207,0,1,1,0.1335250735282898,0.8664749264717102,0.8664749264717102,"['SpineShoulder', 'SpineBase', 'WristRight']"
SkeletonData\SkeletonData\RawData\207_18_3_8_2_stand.txt,207,0,1,1,0.08048687130212784,0.9195131659507751,0.9195131659507751,"['SpineShoulder', 'SpineBase', 'WristRight']"
SkeletonData\SkeletonData\RawData\207_18_3_9_2_stand.txt,207,0,1,1,0.09904439747333527,0.9009556770324707,0.9009556770324707,"['SpineShoulder', 'SpineBase', 'WristRight']"
SkeletonData\SkeletonData\RawData\207_18_6_10_2_stand.txt,207,0,1,1,0.03234352543950081,0.9676564335823059,0.9676564335823059,"['SpineShoulder', 'SpineBase', 'WristLeft']"
SkeletonData\SkeletonData\RawData\207_18_6_11_2_stand.txt,207,0,1,1,0.022576425224542618,0.9774236083030701,0.9774236083030701,"['SpineShoulder', 'SpineBase', 'WristLeft']"
SkeletonData\SkeletonData\RawData\207_18_6_12_2_stand.txt,207,0,1,1,0.016710955649614334,0.9832890629768372,0.9832890629768372,"['SpineShoulder', 'SpineBase', 'WristLeft']"
SkeletonData\SkeletonData\RawData\207_18_6_13_2_stand.txt,207,0,1,1,0.022690236568450928,0.9773097038269043,0.9773097038269043,"['SpineShoulder', 'SpineBase', 'WristLeft']"
SkeletonData\SkeletonData\RawData\207_18_6_14_2_stand.txt,207,0,1,1,0.03549465909600258,0.9645053744316101,0.9645053744316101,"['SpineShoulder', 'SpineBase', 'WristLeft']"
SkeletonData\SkeletonData\RawData\207_18_6_15_2_stand.txt,207,0,1,1,0.04364746809005737,0.9563525319099426,0.9563525319099426,"['SpineShoulder', 'SpineBase', 'WristLeft']"
SkeletonData\SkeletonData\RawData\207_18_6_16_2_stand.txt,207,0,1,1,0.03502790629863739,0.9649721384048462,0.9649721384048462,"['SpineShoulder', 'SpineBase', 'WristLeft']"
SkeletonData\SkeletonData\RawData\207_18_6_17_2_stand.txt,207,0,1,1,0.018566209822893143,0.9814338088035583,0.9814338088035583,"['SpineShoulder', 'SpineBase', 'WristLeft']"
SkeletonData\SkeletonData\RawData\207_18_6_18_2_stand.txt,207,0,1,1,0.013450686819851398,0.9865493178367615,0.9865493178367615,"['SpineShoulder', 'SpineBase', 'WristLeft']"
SkeletonData\SkeletonData\RawData\207_18_6_19_2_stand.txt,207,0,1,1,0.19097530841827393,0.8090246915817261,0.8090246915817261,"['SpineShoulder', 'SpineBase', 'WristLeft']"
SkeletonData\SkeletonData\RawData\207_18_6_1_2_stand.txt,207,0,1,1,0.022009802982211113,0.9779901504516602,0.9779901504516602,"['SpineShoulder', 'SpineBase', 'WristLeft']"
SkeletonData\SkeletonData\RawData\207_18_6_20_2_stand.txt,207,0,1,1,0.024642586708068848,0.9753574132919312,0.9753574132919312,"['SpineShoulder', 'SpineBase', 'WristLeft']"
SkeletonData\SkeletonData\RawData\207_18_6_2_2_stand.txt,207,0,1,1,0.015369735658168793,0.984630286693573,0.984630286693573,"['SpineShoulder', 'SpineBase', 'WristLeft']"
SkeletonData\SkeletonData\RawData\207_18_6_3_2_stand.txt,207,0,1,1,0.014294714666903019,0.9857052564620972,0.9857052564620972,"['SpineShoulder', 'SpineBase', 'WristLeft']"
SkeletonData\SkeletonData\RawData\207_18_6_4_2_stand.txt,207,0,1,1,0.020617729052901268,0.9793822765350342,0.9793822765350342,"['SpineShoulder', 'SpineBase', 'WristLeft']"
SkeletonData\SkeletonData\RawData\207_18_6_5_2_stand.txt,207,0,1,1,0.032241906970739365,0.967758059501648,0.967758059501648,"['SpineShoulder', 'SpineBase', 'WristLeft']"
SkeletonData\SkeletonData\RawData\207_18_6_6_2_stand.txt,207,0,1,1,0.021495355293154716,0.9785046577453613,0.9785046577453613,"['SpineShoulder', 'SpineBase', 'WristLeft']"
SkeletonData\SkeletonData\RawData\207_18_6_7_2_stand.txt,207,0,1,1,0.04239322990179062,0.9576067328453064,0.9576067328453064,"['SpineShoulder', 'SpineBase', 'WristLeft']"
SkeletonData\SkeletonData\RawData\207_18_6_8_2_stand.txt,207,0,1,1,0.015891358256340027,0.9841086268424988,0.9841086268424988,"['SpineShoulder', 'SpineBase', 'WristLeft']"
SkeletonData\SkeletonData\RawData\207_18_6_9_2_stand.txt,207,0,1,1,0.027916448190808296,0.972083568572998,0.972083568572998,"['SpineShoulder', 'SpineBase', 'WristLeft']"
SkeletonData\SkeletonData\RawData\207_18_7_1_2_stand.txt,207,0,1,1,0.14513130486011505,0.8548687100410461,0.8548687100410461,"['SpineShoulder', 'SpineBase', 'WristLeft']"
SkeletonData\SkeletonData\RawData\207_18_7_2_2_stand.txt,207,0,1,1,0.12219364196062088,0.8778063654899597,0.8778063654899597,"['SpineShoulder', 'SpineBase', 'WristLeft']"
SkeletonData\SkeletonData\RawData\207_18_7_3_2_stand.txt,207,0,1,1,0.1767720729112625,0.8232279419898987,0.8232279419898987,"['SpineShoulder', 'SpineBase', 'WristLeft']"
SkeletonData\SkeletonData\RawData\207_18_7_4_2_stand.txt,207,0,1,1,0.2028588056564331,0.7971411347389221,0.7971411347389221,"['SpineShoulder', 'SpineBase', 'WristLeft']"
SkeletonData\SkeletonData\RawData\207_18_7_5_2_stand.txt,207,0,1,1,0.09227283298969269,0.9077271819114685,0.9077271819114685,"['SpineShoulder', 'SpineBase', 'WristLeft']"
SkeletonData\SkeletonData\RawData\207_18_7_6_2_stand.txt,207,0,1,1,0.07574591040611267,0.9242541193962097,0.9242541193962097,"['SpineShoulder', 'SpineBase', 'WristLeft']"
SkeletonData\SkeletonData\RawData\207_18_7_7_2_stand.txt,207,0,1,1,0.11684323847293854,0.8831567764282227,0.8831567764282227,"['SpineShoulder', 'SpineBase', 'WristLeft']"
SkeletonData\SkeletonData\RawData\207_18_7_8_2_stand.txt,207,0,1,1,0.21253995597362518,0.7874600291252136,0.7874600291252136,"['SpineShoulder', 'SpineBase', 'WristLeft']"
SkeletonData\SkeletonData\RawData\207_18_7_9_1_stand.txt,207,0,0,1,0.07948374003171921,0.920516312122345,0.920516312122345,"['SpineShoulder', 'SpineBase', 'WristLeft']"
SkeletonData\SkeletonData\RawData\207_18_8_1_1_stand.txt,207,0,0,1,0.2038758099079132,0.7961242198944092,0.7961242198944092,"['SpineShoulder', 'SpineBase', 'WristRight']"
SkeletonData\SkeletonData\RawData\207_18_8_2_2_stand.txt,207,0,1,1,0.08667448163032532,0.9133254885673523,0.9133254885673523,"['SpineShoulder', 'SpineBase', 'WristLeft']"
SkeletonData\SkeletonData\RawData\207_18_8_3_2_stand.txt,207,0,1,1,0.1381070911884308,0.8618928790092468,0.8618928790092468,"['SpineShoulder', 'SpineBase', 'WristLeft']"
SkeletonData\SkeletonData\RawData\207_18_8_4_2_stand.txt,207,0,1,1,0.08677516877651215,0.9132247567176819,0.9132247567176819,"['SpineShoulder', 'SpineBase', 'WristLeft']"
SkeletonData\SkeletonData\RawData\207_18_8_5_2_stand.txt,207,0,1,1,0.08455625176429749,0.9154437184333801,0.9154437184333801,"['SpineShoulder', 'SpineBase', 'WristLeft']"
SkeletonData\SkeletonData\RawData\207_18_8_6_2_stand.txt,207,0,1,1,0.28050553798675537,0.7194945216178894,0.7194945216178894,"['SpineShoulder', 'SpineBase', 'WristLeft']"
SkeletonData\SkeletonData\RawData\207_18_8_7_2_stand.txt,207,0,1,0,0.6181488633155823,0.38185110688209534,0.6181488633155823,"['SpineShoulder', 'SpineBase', 'WristLeft']"
SkeletonData\SkeletonData\RawData\207_18_8_8_2_stand.txt,207,0,1,1,0.08927067369222641,0.9107293486595154,0.9107293486595154,"['SpineShoulder', 'SpineBase', 'WristLeft']"
SkeletonData\SkeletonData\RawData\209_18_0_1_2_wheelchair.txt,209,1,1,1,0.05279999598860741,0.9472000002861023,0.9472000002861023,"['SpineShoulder', 'SpineBase', 'WristLeft']"
SkeletonData\SkeletonData\RawData\209_18_0_2_1_wheelchair.txt,209,1,0,1,0.34667477011680603,0.6533252596855164,0.6533252596855164,"['SpineShoulder', 'SpineBase', 'WristLeft']"
SkeletonData\SkeletonData\RawData\209_18_0_3_1_wheelchair.txt,209,1,0,1,0.2755225598812103,0.7244774103164673,0.7244774103164673,"['SpineShoulder', 'SpineBase', 'WristLeft']"
SkeletonData\SkeletonData\RawData\209_18_0_4_1_wheelchair.txt,209,1,0,1,0.2394750416278839,0.7605249881744385,0.7605249881744385,"['SpineShoulder', 'SpineBase', 'WristLeft']"
SkeletonData\SkeletonData\RawData\209_18_0_5_1_wheelchair.txt,209,1,0,1,0.24680572748184204,0.753194272518158,0.753194272518158,"['SpineShoulder', 'SpineBase', 'WristLeft']"
SkeletonData\SkeletonData\RawData\209_18_0_6_1_wheelchair.txt,209,1,0,1,0.30223825573921204,0.6977617144584656,0.6977617144584656,"['SpineShoulder', 'SpineBase', 'WristLeft']"
SkeletonData\SkeletonData\RawData\209_18_0_7_2_wheelchair.txt,209,1,1,1,0.10772526264190674,0.8922746777534485,0.8922746777534485,"['SpineShoulder', 'SpineBase', 'WristLeft']"
SkeletonData\SkeletonData\RawData\209_18_1_1_1_wheelchair.txt,209,1,0,0,0.7957732081413269,0.2042267918586731,0.7957732081413269,"['SpineShoulder', 'SpineBase', 'WristRight']"
SkeletonData\SkeletonData\RawData\209_18_1_2_1_wheelchair.txt,209,1,0,0,0.8244683742523193,0.17553158104419708,0.8244683742523193,"['SpineShoulder', 'SpineBase', 'WristRight']"
SkeletonData\SkeletonData\RawData\209_18_1_3_1_wheelchair.txt,209,1,0,0,0.6648545265197754,0.335145503282547,0.6648545265197754,"['SpineShoulder', 'SpineBase', 'WristRight']"
SkeletonData\SkeletonData\RawData\209_18_1_4_1_wheelchair.txt,209,1,0,0,0.8043524026870728,0.19564762711524963,0.8043524026870728,"['SpineShoulder', 'SpineBase', 'WristRight']"
SkeletonData\SkeletonData\RawData\209_18_1_5_1_wheelchair.txt,209,1,0,0,0.8201508522033691,0.17984917759895325,0.8201508522033691,"['SpineShoulder', 'SpineBase', 'WristRight']"
SkeletonData\SkeletonData\RawData\209_18_1_6_1_wheelchair.txt,209,1,0,0,0.713556706905365,0.2864433228969574,0.713556706905365,"['SpineShoulder', 'SpineBase', 'WristRight']"
SkeletonData\SkeletonData\RawData\209_18_2_10_1_wheelchair.txt,209,1,0,1,0.36547523736953735,0.6345247626304626,0.6345247626304626,"['SpineShoulder', 'SpineBase', 'WristRight']"
SkeletonData\SkeletonData\RawData\209_18_2_11_1_wheelchair.txt,209,1,0,1,0.2775999903678894,0.7224000096321106,0.7224000096321106,"['SpineShoulder', 'SpineBase', 'WristRight']"
SkeletonData\SkeletonData\RawData\209_18_2_12_1_wheelchair.txt,209,1,0,1,0.27022871375083923,0.7297712564468384,0.7297712564468384,"['SpineShoulder', 'SpineBase', 'WristRight']"
SkeletonData\SkeletonData\RawData\209_18_2_1_2_wheelchair.txt,209,1,1,1,0.4428487718105316,0.557151198387146,0.557151198387146,"['SpineShoulder', 'SpineBase', 'WristRight']"
SkeletonData\SkeletonData\RawData\209_18_2_2_1_wheelchair.txt,209,1,0,1,0.30294206738471985,0.6970579028129578,0.6970579028129578,"['SpineShoulder', 'SpineBase', 'WristRight']"
SkeletonData\SkeletonData\RawData\209_18_2_3_2_wheelchair.txt,209,1,1,1,0.3140076696872711,0.6859923601150513,0.6859923601150513,"['SpineShoulder', 'SpineBase', 'WristRight']"
SkeletonData\SkeletonData\RawData\209_18_2_4_2_wheelchair.txt,209,1,1,1,0.2592115104198456,0.740788459777832,0.740788459777832,"['SpineShoulder', 'SpineBase', 'WristRight']"
SkeletonData\SkeletonData\RawData\209_18_2_5_2_wheelchair.txt,209,1,1,1,0.2488252818584442,0.7511746883392334,0.7511746883392334,"['SpineShoulder', 'SpineBase', 'WristRight']"
SkeletonData\SkeletonData\RawData\209_18_2_6_2_wheelchair.txt,209,1,1,1,0.28535085916519165,0.7146491408348083,0.7146491408348083,"['SpineShoulder', 'SpineBase', 'WristRight']"
SkeletonData\SkeletonData\RawData\209_18_2_7_1_wheelchair.txt,209,1,0,1,0.3274439573287964,0.6725559830665588,0.6725559830665588,"['SpineShoulder', 'SpineBase', 'WristRight']"
SkeletonData\SkeletonData\RawData\209_18_2_8_1_wheelchair.txt,209,1,0,1,0.35010161995887756,0.6498982906341553,0.6498982906341553,"['SpineShoulder', 'SpineBase', 'WristRight']"
SkeletonData\SkeletonData\RawData\209_18_2_9_1_wheelchair.txt,209,1,0,1,0.3745634853839874,0.6254364848136902,0.6254364848136902,"['SpineShoulder', 'SpineBase', 'WristRight']"
SkeletonData\SkeletonData\RawData\209_18_3_1_1_wheelchair.txt,209,1,0,0,0.7401493191719055,0.2598506808280945,0.7401493191719055,"['SpineShoulder', 'SpineBase', 'WristLeft']"
SkeletonData\SkeletonData\RawData\209_18_3_2_1_wheelchair.txt,209,1,0,0,0.5872333645820618,0.41276663541793823,0.5872333645820618,"['SpineShoulder', 'SpineBase', 'WristLeft']"
SkeletonData\SkeletonData\RawData\209_18_3_3_1_wheelchair.txt,209,1,0,0,0.6682353019714355,0.33176469802856445,0.6682353019714355,"['SpineShoulder', 'SpineBase', 'WristLeft']"
SkeletonData\SkeletonData\RawData\209_18_3_4_1_wheelchair.txt,209,1,0,0,0.6353928446769714,0.36460718512535095,0.6353928446769714,"['SpineShoulder', 'SpineBase', 'WristLeft']"
SkeletonData\SkeletonData\RawData\209_18_3_5_1_wheelchair.txt,209,1,0,0,0.6209608316421509,0.37903913855552673,0.6209608316421509,"['SpineShoulder', 'SpineBase', 'WristLeft']"
SkeletonData\SkeletonData\RawData\209_18_5_1_1_wheelchair.txt,209,1,0,1,0.30279645323753357,0.697203516960144,0.697203516960144,"['SpineShoulder', 'SpineBase', 'WristRight']"
SkeletonData\SkeletonData\RawData\209_18_5_2_1_wheelchair.txt,209,1,0,1,0.45813173055648804,0.541868269443512,0.541868269443512,"['SpineShoulder', 'SpineBase', 'WristRight']"
SkeletonData\SkeletonData\RawData\209_18_5_3_1_wheelchair.txt,209,1,0,0,0.553800106048584,0.446199893951416,0.553800106048584,"['SpineShoulder', 'SpineBase', 'WristRight']"
SkeletonData\SkeletonData\RawData\209_18_5_4_1_wheelchair.txt,209,1,0,0,0.6044461131095886,0.3955538868904114,0.6044461131095886,"['SpineShoulder', 'SpineBase', 'WristRight']"
SkeletonData\SkeletonData\RawData\209_18_5_5_1_wheelchair.txt,209,1,0,0,0.6735416650772095,0.32645830512046814,0.6735416650772095,"['SpineShoulder', 'SpineBase', 'WristRight']"
SkeletonData\SkeletonData\RawData\209_18_5_6_1_wheelchair.txt,209,1,0,0,0.6379169821739197,0.36208298802375793,0.6379169821739197,"['SpineShoulder', 'SpineBase', 'WristRight']"
SkeletonData\SkeletonData\RawData\209_18_6_1_1_wheelchair.txt,209,1,0,1,0.12407832592725754,0.8759216666221619,0.8759216666221619,"['SpineShoulder', 'SpineBase', 'WristRight']"
SkeletonData\SkeletonData\RawData\209_18_6_2_1_wheelchair.txt,209,1,0,1,0.10535289347171783,0.8946470618247986,0.8946470618247986,"['SpineShoulder', 'SpineBase', 'WristRight']"
SkeletonData\SkeletonData\RawData\209_18_6_3_1_wheelchair.txt,209,1,0,1,0.11250248551368713,0.8874975442886353,0.8874975442886353,"['SpineShoulder', 'SpineBase', 'WristRight']"
SkeletonData\SkeletonData\RawData\209_18_6_4_1_wheelchair.txt,209,1,0,1,0.18700513243675232,0.8129948973655701,0.8129948973655701,"['SpineShoulder', 'SpineBase', 'WristRight']"
SkeletonData\SkeletonData\RawData\209_18_6_5_1_wheelchair.txt,209,1,0,1,0.16337664425373077,0.8366233110427856,0.8366233110427856,"['SpineShoulder', 'SpineBase', 'WristRight']"
SkeletonData\SkeletonData\RawData\209_18_6_6_1_wheelchair.txt,209,1,0,1,0.22602644562721252,0.7739735841751099,0.7739735841751099,"['SpineShoulder', 'SpineBase', 'WristRight']"
SkeletonData\SkeletonData\RawData\209_18_7_1_2_wheelchair.txt,209,1,1,1,0.47762173414230347,0.5223783254623413,0.5223783254623413,"['SpineShoulder', 'SpineBase', 'WristRight']"
SkeletonData\SkeletonData\RawData\209_18_7_2_2_wheelchair.txt,209,1,1,1,0.37799152731895447,0.6220085024833679,0.6220085024833679,"['SpineShoulder', 'SpineBase', 'WristRight']"
SkeletonData\SkeletonData\RawData\209_18_7_3_2_wheelchair.txt,209,1,1,1,0.39678606390953064,0.6032139658927917,0.6032139658927917,"['SpineShoulder', 'SpineBase', 'WristRight']"
SkeletonData\SkeletonData\RawData\209_18_7_4_2_wheelchair.txt,209,1,1,1,0.4159195125102997,0.5840805172920227,0.5840805172920227,"['SpineShoulder', 'SpineBase', 'WristRight']"
SkeletonData\SkeletonData\RawData\209_18_7_5_2_wheelchair.txt,209,1,1,1,0.3757438063621521,0.6242562532424927,0.6242562532424927,"['SpineShoulder', 'SpineBase', 'WristRight']"
SkeletonData\SkeletonData\RawData\209_18_7_6_2_wheelchair.txt,209,1,1,1,0.30406615138053894,0.6959338784217834,0.6959338784217834,"['SpineShoulder', 'SpineBase', 'WristRight']"
SkeletonData\SkeletonData\RawData\209_18_8_1_2_wheelchair.txt,209,1,1,1,0.2800065279006958,0.7199934720993042,0.7199934720993042,"['SpineShoulder', 'SpineBase', 'WristLeft']"
SkeletonData\SkeletonData\RawData\209_18_8_2_1_wheelchair.txt,209,1,0,1,0.47690993547439575,0.5230900645256042,0.5230900645256042,"['SpineShoulder', 'SpineBase', 'WristLeft']"
SkeletonData\SkeletonData\RawData\209_18_8_3_1_wheelchair.txt,209,1,0,0,0.5924246907234192,0.4075753092765808,0.5924246907234192,"['SpineShoulder', 'SpineBase', 'WristLeft']"
SkeletonData\SkeletonData\RawData\209_18_8_4_1_wheelchair.txt,209,1,0,0,0.5297428369522095,0.47025710344314575,0.5297428369522095,"['SpineShoulder', 'SpineBase', 'WristLeft']"
SkeletonData\SkeletonData\RawData\209_18_8_5_1_wheelchair.txt,209,1,0,0,0.6418924927711487,0.3581075072288513,0.6418924927711487,"['SpineShoulder', 'SpineBase', 'WristLeft']"
SkeletonData\SkeletonData\RawData\210_18_1_1_1_wheelchair.txt,210,0,0,1,0.3872832953929901,0.6127166152000427,0.6127166152000427,"['SpineShoulder', 'SpineBase', 'WristRight']"
SkeletonData\SkeletonData\RawData\210_18_1_2_1_wheelchair.txt,210,0,0,1,0.402926504611969,0.597073495388031,0.597073495388031,"['SpineShoulder', 'SpineBase', 'WristRight']"
SkeletonData\SkeletonData\RawData\210_18_1_3_1_wheelchair.txt,210,0,0,1,0.40417617559432983,0.5958238244056702,0.5958238244056702,"['SpineShoulder', 'SpineBase', 'WristRight']"
SkeletonData\SkeletonData\RawData\210_18_1_4_1_wheelchair.txt,210,0,0,1,0.4994395971298218,0.5005604028701782,0.5005604028701782,"['SpineShoulder', 'SpineBase', 'WristLeft']"
SkeletonData\SkeletonData\RawData\210_18_1_5_1_wheelchair.txt,210,0,0,0,0.8083621859550476,0.19163785874843597,0.8083621859550476,"['SpineShoulder', 'SpineBase', 'WristRight']"
SkeletonData\SkeletonData\RawData\210_18_1_6_2_wheelchair.txt,210,0,1,0,0.6756463646888733,0.3243536353111267,0.6756463646888733,"['SpineShoulder', 'SpineBase', 'WristRight']"
SkeletonData\SkeletonData\RawData\210_18_2_1_1_wheelchair.txt,210,0,0,1,0.2011343538761139,0.7988656759262085,0.7988656759262085,"['SpineShoulder', 'SpineBase', 'WristRight']"
SkeletonData\SkeletonData\RawData\210_18_2_2_1_wheelchair.txt,210,0,0,1,0.2392127364873886,0.760787308216095,0.760787308216095,"['SpineShoulder', 'SpineBase', 'WristRight']"
SkeletonData\SkeletonData\RawData\210_18_2_3_1_wheelchair.txt,210,0,0,1,0.1976931393146515,0.8023068904876709,0.8023068904876709,"['SpineShoulder', 'SpineBase', 'WristRight']"
SkeletonData\SkeletonData\RawData\210_18_2_4_1_wheelchair.txt,210,0,0,1,0.3281611204147339,0.6718388199806213,0.6718388199806213,"['SpineShoulder', 'SpineBase', 'WristRight']"
SkeletonData\SkeletonData\RawData\210_18_2_5_1_wheelchair.txt,210,0,0,1,0.34247246384620667,0.657527506351471,0.657527506351471,"['SpineShoulder', 'SpineBase', 'WristRight']"
SkeletonData\SkeletonData\RawData\210_18_3_1_1_wheelchair.txt,210,0,0,1,0.13142628967761993,0.8685736656188965,0.8685736656188965,"['SpineShoulder', 'SpineBase', 'WristRight']"
SkeletonData\SkeletonData\RawData\210_18_3_2_1_wheelchair.txt,210,0,0,1,0.21274366974830627,0.7872563004493713,0.7872563004493713,"['SpineShoulder', 'SpineBase', 'WristRight']"
SkeletonData\SkeletonData\RawData\210_18_3_3_1_wheelchair.txt,210,0,0,1,0.2640441358089447,0.7359558939933777,0.7359558939933777,"['SpineShoulder', 'SpineBase', 'WristRight']"
SkeletonData\SkeletonData\RawData\210_18_3_4_1_wheelchair.txt,210,0,0,1,0.16610917448997498,0.8338907957077026,0.8338907957077026,"['SpineShoulder', 'SpineBase', 'WristRight']"
SkeletonData\SkeletonData\RawData\210_18_3_5_1_wheelchair.txt,210,0,0,1,0.15859834849834442,0.8414016366004944,0.8414016366004944,"['SpineShoulder', 'SpineBase', 'WristRight']"
SkeletonData\SkeletonData\RawData\210_18_4_1_1_wheelchair.txt,210,0,0,1,0.15426048636436462,0.8457395434379578,0.8457395434379578,"['SpineShoulder', 'SpineBase', 'WristRight']"
SkeletonData\SkeletonData\RawData\210_18_4_2_1_wheelchair.txt,210,0,0,1,0.11816276609897614,0.8818372488021851,0.8818372488021851,"['SpineShoulder', 'SpineBase', 'WristRight']"
SkeletonData\SkeletonData\RawData\210_18_4_3_1_wheelchair.txt,210,0,0,1,0.16255921125411987,0.8374407291412354,0.8374407291412354,"['SpineShoulder', 'SpineBase', 'WristRight']"
SkeletonData\SkeletonData\RawData\210_18_4_4_1_wheelchair.txt,210,0,0,1,0.12963756918907166,0.8703624606132507,0.8703624606132507,"['SpineShoulder', 'SpineBase', 'WristRight']"
SkeletonData\SkeletonData\RawData\210_18_4_5_1_wheelchair.txt,210,0,0,1,0.14879770576953888,0.8512023091316223,0.8512023091316223,"['SpineShoulder', 'SpineBase', 'WristRight']"
SkeletonData\SkeletonData\RawData\210_18_5_1_1_wheelchair.txt,210,0,0,1,0.15131360292434692,0.8486863970756531,0.8486863970756531,"['SpineShoulder', 'SpineBase', 'WristRight']"
SkeletonData\SkeletonData\RawData\210_18_5_2_1_wheelchair.txt,210,0,0,1,0.10546356439590454,0.8945364952087402,0.8945364952087402,"['SpineShoulder', 'SpineBase', 'WristRight']"
SkeletonData\SkeletonData\RawData\210_18_5_3_1_wheelchair.txt,210,0,0,1,0.1256771832704544,0.8743228316307068,0.8743228316307068,"['SpineShoulder', 'SpineBase', 'WristRight']"
SkeletonData\SkeletonData\RawData\210_18_5_4_1_wheelchair.txt,210,0,0,1,0.10509699583053589,0.8949030041694641,0.8949030041694641,"['SpineShoulder', 'SpineBase', 'WristRight']"
SkeletonData\SkeletonData\RawData\210_18_5_5_1_wheelchair.txt,210,0,0,1,0.11409357935190201,0.8859063982963562,0.8859063982963562,"['SpineShoulder', 'SpineBase', 'WristRight']"
SkeletonData\SkeletonData\RawData\210_18_5_6_2_wheelchair.txt,210,0,1,1,0.15463632345199585,0.8453636765480042,0.8453636765480042,"['SpineShoulder', 'SpineBase', 'WristRight']"
SkeletonData\SkeletonData\RawData\210_18_6_1_2_wheelchair.txt,210,0,1,1,0.07918719947338104,0.9208127856254578,0.9208127856254578,"['SpineShoulder', 'SpineBase', 'WristRight']"
SkeletonData\SkeletonData\RawData\210_18_6_2_2_wheelchair.txt,210,0,1,1,0.0878918468952179,0.9121081829071045,0.9121081829071045,"['SpineShoulder', 'SpineBase', 'WristLeft']"
SkeletonData\SkeletonData\RawData\210_18_6_3_2_wheelchair.txt,210,0,1,1,0.09202659875154495,0.9079733490943909,0.9079733490943909,"['SpineShoulder', 'SpineBase', 'WristLeft']"
SkeletonData\SkeletonData\RawData\210_18_6_4_2_wheelchair.txt,210,0,1,1,0.09811229258775711,0.9018877148628235,0.9018877148628235,"['SpineShoulder', 'SpineBase', 'WristLeft']"
SkeletonData\SkeletonData\RawData\210_18_6_5_2_wheelchair.txt,210,0,1,1,0.09729909896850586,0.9027009010314941,0.9027009010314941,"['SpineShoulder', 'SpineBase', 'WristLeft']"
SkeletonData\SkeletonData\RawData\210_18_7_1_3_wheelchair.txt,210,0,0,0,0.5042779445648193,0.4957220256328583,0.5042779445648193,"['SpineShoulder', 'SpineBase', 'WristRight']"
SkeletonData\SkeletonData\RawData\210_18_8_1_3_wheelchair.txt,210,0,0,0,0.6729670166969299,0.32703298330307007,0.6729670166969299,"['SpineShoulder', 'SpineBase', 'WristLeft']"
SkeletonData\SkeletonData\RawData\211_18_0_1_2_stand.txt,211,0,1,1,0.06601560115814209,0.9339843988418579,0.9339843988418579,"['SpineShoulder', 'SpineBase', 'WristLeft']"
SkeletonData\SkeletonData\RawData\211_18_0_2_2_stand.txt,211,0,1,1,0.0569244883954525,0.9430755376815796,0.9430755376815796,"['SpineShoulder', 'SpineBase', 'WristRight']"
SkeletonData\SkeletonData\RawData\211_18_0_3_2_stand.txt,211,0,1,1,0.048128239810466766,0.9518717527389526,0.9518717527389526,"['SpineShoulder', 'SpineBase', 'WristRight']"
SkeletonData\SkeletonData\RawData\211_18_0_4_2_stand.txt,211,0,1,1,0.08621348440647125,0.9137865304946899,0.9137865304946899,"['SpineShoulder', 'SpineBase', 'WristRight']"
SkeletonData\SkeletonData\RawData\211_18_0_5_2_stand.txt,211,0,1,1,0.080980084836483,0.9190199375152588,0.9190199375152588,"['SpineShoulder', 'SpineBase', 'WristLeft']"
SkeletonData\SkeletonData\RawData\211_18_1_1_1_stand.txt,211,0,0,0,0.9633356332778931,0.03666438162326813,0.9633356332778931,"['SpineShoulder', 'SpineBase', 'WristRight']"
SkeletonData\SkeletonData\RawData\211_18_1_2_1_stand.txt,211,0,0,0,0.9690572023391724,0.030942825600504875,0.9690572023391724,"['SpineShoulder', 'SpineBase', 'WristRight']"
SkeletonData\SkeletonData\RawData\211_18_1_3_1_stand.txt,211,0,0,0,0.9606573581695557,0.03934258967638016,0.9606573581695557,"['SpineShoulder', 'SpineBase', 'WristRight']"
SkeletonData\SkeletonData\RawData\211_18_1_4_1_stand.txt,211,0,0,0,0.9624201655387878,0.03757982328534126,0.9624201655387878,"['SpineShoulder', 'SpineBase', 'WristRight']"
SkeletonData\SkeletonData\RawData\211_18_1_5_1_stand.txt,211,0,0,0,0.9506417512893677,0.04935822635889053,0.9506417512893677,"['SpineShoulder', 'SpineBase', 'WristRight']"
SkeletonData\SkeletonData\RawData\211_18_2_1_2_stand.txt,211,0,1,1,0.06069961562752724,0.9393003582954407,0.9393003582954407,"['SpineShoulder', 'SpineBase', 'WristRight']"
SkeletonData\SkeletonData\RawData\211_18_2_2_2_stand.txt,211,0,1,1,0.07867371290922165,0.9213263392448425,0.9213263392448425,"['SpineShoulder', 'SpineBase', 'WristRight']"
SkeletonData\SkeletonData\RawData\211_18_2_3_2_stand.txt,211,0,1,1,0.07883744686841965,0.9211625456809998,0.9211625456809998,"['SpineShoulder', 'SpineBase', 'WristRight']"
SkeletonData\SkeletonData\RawData\211_18_2_4_2_stand.txt,211,0,1,1,0.03831995278596878,0.9616800546646118,0.9616800546646118,"['SpineShoulder', 'SpineBase', 'WristRight']"
SkeletonData\SkeletonData\RawData\211_18_2_5_2_stand.txt,211,0,1,1,0.030084824189543724,0.9699151515960693,0.9699151515960693,"['SpineShoulder', 'SpineBase', 'WristRight']"
SkeletonData\SkeletonData\RawData\211_18_3_1_1_stand.txt,211,0,0,0,0.9747656583786011,0.025234343484044075,0.9747656583786011,"['SpineShoulder', 'SpineBase', 'WristRight']"
SkeletonData\SkeletonData\RawData\211_18_3_2_1_stand.txt,211,0,0,0,0.9817982316017151,0.018201693892478943,0.9817982316017151,"['SpineShoulder', 'SpineBase', 'WristRight']"
SkeletonData\SkeletonData\RawData\211_18_3_3_1_stand.txt,211,0,0,0,0.978198766708374,0.021801210939884186,0.978198766708374,"['SpineShoulder', 'SpineBase', 'WristRight']"
SkeletonData\SkeletonData\RawData\211_18_3_4_1_stand.txt,211,0,0,0,0.9747981429100037,0.025201838463544846,0.9747981429100037,"['SpineShoulder', 'SpineBase', 'WristRight']"
SkeletonData\SkeletonData\RawData\211_18_3_5_1_stand.txt,211,0,0,0,0.9824376702308655,0.01756233163177967,0.9824376702308655,"['SpineShoulder', 'SpineBase', 'WristRight']"
SkeletonData\SkeletonData\RawData\211_18_4_1_2_stand.txt,211,0,1,1,0.07132146507501602,0.9286785125732422,0.9286785125732422,"['SpineShoulder', 'SpineBase', 'WristRight']"
SkeletonData\SkeletonData\RawData\211_18_4_2_2_stand.txt,211,0,1,1,0.06908421218395233,0.9309158325195312,0.9309158325195312,"['SpineShoulder', 'SpineBase', 'WristRight']"
SkeletonData\SkeletonData\RawData\211_18_4_3_2_stand.txt,211,0,1,1,0.04562417045235634,0.9543757438659668,0.9543757438659668,"['SpineShoulder', 'SpineBase', 'WristRight']"
SkeletonData\SkeletonData\RawData\211_18_4_4_2_stand.txt,211,0,1,1,0.0469096302986145,0.9530904293060303,0.9530904293060303,"['SpineShoulder', 'SpineBase', 'WristRight']"
SkeletonData\SkeletonData\RawData\211_18_4_5_2_stand.txt,211,0,1,1,0.03654118627309799,0.9634588360786438,0.9634588360786438,"['SpineShoulder', 'SpineBase', 'WristRight']"
SkeletonData\SkeletonData\RawData\211_18_5_1_1_stand.txt,211,0,0,0,0.7918122410774231,0.20818769931793213,0.7918122410774231,"['SpineShoulder', 'SpineBase', 'WristLeft']"
SkeletonData\SkeletonData\RawData\211_18_5_2_1_stand.txt,211,0,0,0,0.8040211200714111,0.19597886502742767,0.8040211200714111,"['SpineShoulder', 'SpineBase', 'WristLeft']"
SkeletonData\SkeletonData\RawData\211_18_5_3_1_stand.txt,211,0,0,0,0.8465344905853271,0.15346556901931763,0.8465344905853271,"['SpineShoulder', 'SpineBase', 'WristLeft']"
SkeletonData\SkeletonData\RawData\211_18_5_4_1_stand.txt,211,0,0,0,0.8015525341033936,0.19844751060009003,0.8015525341033936,"['SpineShoulder', 'SpineBase', 'WristLeft']"
SkeletonData\SkeletonData\RawData\211_18_5_5_1_stand.txt,211,0,0,0,0.8122307062149048,0.18776936829090118,0.8122307062149048,"['SpineShoulder', 'SpineBase', 'WristLeft']"
SkeletonData\SkeletonData\RawData\211_18_6_1_1_stand.txt,211,0,0,1,0.19464197754859924,0.8053580522537231,0.8053580522537231,"['SpineShoulder', 'SpineBase', 'WristLeft']"
SkeletonData\SkeletonData\RawData\211_18_6_2_1_stand.txt,211,0,0,1,0.34885409474372864,0.6511459946632385,0.6511459946632385,"['SpineShoulder', 'SpineBase', 'WristLeft']"
SkeletonData\SkeletonData\RawData\211_18_6_3_1_stand.txt,211,0,0,1,0.28681206703186035,0.7131878733634949,0.7131878733634949,"['SpineShoulder', 'SpineBase', 'WristLeft']"
SkeletonData\SkeletonData\RawData\211_18_6_4_1_stand.txt,211,0,0,1,0.42080923914909363,0.5791907906532288,0.5791907906532288,"['SpineShoulder', 'SpineBase', 'WristLeft']"
SkeletonData\SkeletonData\RawData\211_18_6_5_3_stand.txt,211,0,0,1,0.33867520093917847,0.6613248586654663,0.6613248586654663,"['SpineShoulder', 'SpineBase', 'WristLeft']"
SkeletonData\SkeletonData\RawData\211_18_6_6_1_stand.txt,211,0,0,1,0.26082149147987366,0.7391785383224487,0.7391785383224487,"['SpineShoulder', 'SpineBase', 'WristLeft']"
SkeletonData\SkeletonData\RawData\211_18_7_1_1_stand.txt,211,0,0,0,0.7097112536430359,0.2902887761592865,0.7097112536430359,"['SpineShoulder', 'SpineBase', 'WristLeft']"
SkeletonData\SkeletonData\RawData\211_18_7_2_1_stand.txt,211,0,0,0,0.6604548692703247,0.3395451605319977,0.6604548692703247,"['SpineShoulder', 'SpineBase', 'WristLeft']"
SkeletonData\SkeletonData\RawData\211_18_7_3_1_stand.txt,211,0,0,0,0.7224448919296265,0.2775551378726959,0.7224448919296265,"['SpineShoulder', 'SpineBase', 'WristLeft']"
SkeletonData\SkeletonData\RawData\211_18_7_4_2_stand.txt,211,0,1,0,0.9692419767379761,0.030757980421185493,0.9692419767379761,"['SpineShoulder', 'SpineBase', 'WristLeft']"
SkeletonData\SkeletonData\RawData\211_18_7_5_3_stand.txt,211,0,0,1,0.15775299072265625,0.8422470688819885,0.8422470688819885,"['SpineShoulder', 'SpineBase', 'WristLeft']"
SkeletonData\SkeletonData\RawData\211_18_7_6_3_stand.txt,211,0,0,1,0.15411633253097534,0.8458836674690247,0.8458836674690247,"['SpineShoulder', 'SpineBase', 'WristLeft']"
SkeletonData\SkeletonData\RawData\211_18_7_7_2_stand.txt,211,0,1,0,0.5716848373413086,0.428315132856369,0.5716848373413086,"['SpineShoulder', 'SpineBase', 'WristLeft']"
SkeletonData\SkeletonData\RawData\211_18_7_8_2_stand.txt,211,0,1,0,0.5847302675247192,0.41526976227760315,0.5847302675247192,"['SpineShoulder', 'SpineBase', 'WristLeft']"
SkeletonData\SkeletonData\RawData\211_18_7_9_2_stand.txt,211,0,1,0,0.684798538684845,0.31520146131515503,0.684798538684845,"['SpineShoulder', 'SpineBase', 'WristLeft']"
SkeletonData\SkeletonData\RawData\211_18_8_1_1_stand.txt,211,0,0,1,0.16580182313919067,0.8341982364654541,0.8341982364654541,"['SpineShoulder', 'SpineBase', 'WristLeft']"
SkeletonData\SkeletonData\RawData\211_18_8_2_1_stand.txt,211,0,0,1,0.408139169216156,0.591860830783844,0.591860830783844,"['SpineShoulder', 'SpineBase', 'WristLeft']"
SkeletonData\SkeletonData\RawData\211_18_8_3_1_stand.txt,211,0,0,1,0.43854621052742004,0.5614537596702576,0.5614537596702576,"['SpineShoulder', 'SpineBase', 'WristLeft']"
SkeletonData\SkeletonData\RawData\211_18_8_4_1_stand.txt,211,0,0,1,0.4692976772785187,0.5307023525238037,0.5307023525238037,"['SpineShoulder', 'SpineBase', 'WristLeft']"
SkeletonData\SkeletonData\RawData\211_18_8_5_1_stand.txt,211,0,0,1,0.2753349542617798,0.7246650457382202,0.7246650457382202,"['SpineShoulder', 'SpineBase', 'WristLeft']"
SkeletonData\SkeletonData\RawData\211_18_8_6_1_stand.txt,211,0,0,1,0.4228435754776001,0.5771564245223999,0.5771564245223999,"['SpineShoulder', 'SpineBase', 'WristLeft']"
SkeletonData\SkeletonData\RawData\212_18_0_1_1_wheelchair.txt,212,3,0,0,0.5737845301628113,0.42621541023254395,0.5737845301628113,"['SpineShoulder', 'SpineBase', 'WristRight']"
SkeletonData\SkeletonData\RawData\212_18_0_2_1_wheelchair.txt,212,3,0,0,0.5523672699928284,0.4476327896118164,0.5523672699928284,"['SpineShoulder', 'SpineBase', 'WristRight']"
SkeletonData\SkeletonData\RawData\212_18_0_3_1_wheelchair.txt,212,3,0,0,0.5217179656028748,0.47828206419944763,0.5217179656028748,"['SpineShoulder', 'SpineBase', 'WristRight']"
SkeletonData\SkeletonData\RawData\212_18_0_4_1_wheelchair.txt,212,3,0,0,0.5610474944114685,0.4389524757862091,0.5610474944114685,"['SpineShoulder', 'SpineBase', 'WristRight']"
SkeletonData\SkeletonData\RawData\212_18_0_5_1_wheelchair.txt,212,3,0,0,0.6273654699325562,0.3726344704627991,0.6273654699325562,"['SpineShoulder', 'SpineBase', 'WristRight']"
SkeletonData\SkeletonData\RawData\212_18_0_6_1_wheelchair.txt,212,3,0,1,0.4978295564651489,0.5021704435348511,0.5021704435348511,"['SpineShoulder', 'SpineBase', 'WristRight']"
SkeletonData\SkeletonData\RawData\212_18_1_1_1_wheelchair.txt,212,3,0,0,0.6521444320678711,0.3478555381298065,0.6521444320678711,"['SpineShoulder', 'SpineBase', 'WristRight']"
SkeletonData\SkeletonData\RawData\212_18_1_2_2_wheelchair.txt,212,3,1,0,0.7227217555046082,0.277278333902359,0.7227217555046082,"['SpineShoulder', 'SpineBase', 'WristRight']"
SkeletonData\SkeletonData\RawData\212_18_1_3_1_wheelchair.txt,212,3,0,0,0.5254341959953308,0.4745658040046692,0.5254341959953308,"['SpineShoulder', 'SpineBase', 'WristRight']"
SkeletonData\SkeletonData\RawData\212_18_1_4_1_wheelchair.txt,212,3,0,0,0.6738083958625793,0.32619160413742065,0.6738083958625793,"['SpineShoulder', 'SpineBase', 'WristRight']"
SkeletonData\SkeletonData\RawData\212_18_1_5_1_wheelchair.txt,212,3,0,1,0.47610825300216675,0.5238917469978333,0.5238917469978333,"['SpineShoulder', 'SpineBase', 'WristRight']"
SkeletonData\SkeletonData\RawData\212_18_1_6_1_wheelchair.txt,212,3,0,0,0.5288425087928772,0.471157431602478,0.5288425087928772,"['SpineShoulder', 'SpineBase', 'WristRight']"
SkeletonData\SkeletonData\RawData\212_18_2_1_2_wheelchair.txt,212,3,1,0,0.752753496170044,0.24724654853343964,0.752753496170044,"['SpineShoulder', 'SpineBase', 'WristRight']"
SkeletonData\SkeletonData\RawData\212_18_2_2_1_wheelchair.txt,212,3,0,0,0.8128830194473267,0.18711698055267334,0.8128830194473267,"['SpineShoulder', 'SpineBase', 'WristRight']"
SkeletonData\SkeletonData\RawData\212_18_2_3_1_wheelchair.txt,212,3,0,0,0.821868896484375,0.1781311333179474,0.821868896484375,"['SpineShoulder', 'SpineBase', 'WristRight']"
SkeletonData\SkeletonData\RawData\212_18_2_4_1_wheelchair.txt,212,3,0,0,0.7053519487380981,0.29464811086654663,0.7053519487380981,"['SpineShoulder', 'SpineBase', 'WristRight']"
SkeletonData\SkeletonData\RawData\212_18_2_5_1_wheelchair.txt,212,3,0,0,0.6815301179885864,0.3184698820114136,0.6815301179885864,"['SpineShoulder', 'SpineBase', 'WristRight']"
SkeletonData\SkeletonData\RawData\212_18_2_6_1_wheelchair.txt,212,3,0,0,0.7531246542930603,0.2468753457069397,0.7531246542930603,"['SpineShoulder', 'SpineBase', 'WristRight']"
SkeletonData\SkeletonData\RawData\212_18_3_1_2_wheelchair.txt,212,3,1,0,0.5332456827163696,0.466754287481308,0.5332456827163696,"['SpineShoulder', 'SpineBase', 'WristRight']"
SkeletonData\SkeletonData\RawData\212_18_3_2_1_wheelchair.txt,212,3,0,0,0.7790776491165161,0.2209223061800003,0.7790776491165161,"['SpineShoulder', 'SpineBase', 'WristRight']"
SkeletonData\SkeletonData\RawData\212_18_3_3_1_wheelchair.txt,212,3,0,0,0.7576160430908203,0.24238400161266327,0.7576160430908203,"['SpineShoulder', 'SpineBase', 'WristRight']"
SkeletonData\SkeletonData\RawData\212_18_3_4_1_wheelchair.txt,212,3,0,0,0.7152083516120911,0.28479161858558655,0.7152083516120911,"['SpineShoulder', 'SpineBase', 'WristRight']"
SkeletonData\SkeletonData\RawData\212_18_3_5_1_wheelchair.txt,212,3,0,0,0.765612781047821,0.23438726365566254,0.765612781047821,"['SpineShoulder', 'SpineBase', 'WristRight']"
SkeletonData\SkeletonData\RawData\212_18_3_6_2_wheelchair.txt,212,3,1,0,0.7039446830749512,0.2960553467273712,0.7039446830749512,"['SpineShoulder', 'SpineBase', 'WristRight']"
SkeletonData\SkeletonData\RawData\212_18_4_1_1_wheelchair.txt,212,3,0,0,0.554394543170929,0.44560548663139343,0.554394543170929,"['SpineShoulder', 'SpineBase', 'WristRight']"
SkeletonData\SkeletonData\RawData\212_18_4_2_1_wheelchair.txt,212,3,0,0,0.6908029913902283,0.30919700860977173,0.6908029913902283,"['SpineShoulder', 'SpineBase', 'WristRight']"
SkeletonData\SkeletonData\RawData\212_18_4_3_1_wheelchair.txt,212,3,0,0,0.6539345979690552,0.34606537222862244,0.6539345979690552,"['SpineShoulder', 'SpineBase', 'WristRight']"
SkeletonData\SkeletonData\RawData\212_18_4_4_1_wheelchair.txt,212,3,0,1,0.4653489589691162,0.534650981426239,0.534650981426239,"['SpineShoulder', 'SpineBase', 'WristRight']"
SkeletonData\SkeletonData\RawData\212_18_4_5_1_wheelchair.txt,212,3,0,0,0.6154909133911133,0.3845091164112091,0.6154909133911133,"['SpineShoulder', 'SpineBase', 'WristRight']"
SkeletonData\SkeletonData\RawData\212_18_4_6_1_wheelchair.txt,212,3,0,0,0.6283442378044128,0.37165579199790955,0.6283442378044128,"['SpineShoulder', 'SpineBase', 'WristRight']"
SkeletonData\SkeletonData\RawData\212_18_5_1_2_wheelchair.txt,212,3,1,0,0.634236752986908,0.36576324701309204,0.634236752986908,"['SpineShoulder', 'SpineBase', 'WristRight']"
SkeletonData\SkeletonData\RawData\212_18_5_2_2_wheelchair.txt,212,3,1,0,0.6720369458198547,0.3279630243778229,0.6720369458198547,"['SpineShoulder', 'SpineBase', 'WristRight']"
SkeletonData\SkeletonData\RawData\212_18_5_3_1_wheelchair.txt,212,3,0,0,0.6421687006950378,0.35783129930496216,0.6421687006950378,"['SpineShoulder', 'SpineBase', 'WristRight']"
SkeletonData\SkeletonData\RawData\212_18_5_4_1_wheelchair.txt,212,3,0,0,0.6062958836555481,0.3937041461467743,0.6062958836555481,"['SpineShoulder', 'SpineBase', 'WristLeft']"
SkeletonData\SkeletonData\RawData\212_18_5_5_1_wheelchair.txt,212,3,0,0,0.707543671131134,0.29245632886886597,0.707543671131134,"['SpineShoulder', 'SpineBase', 'WristLeft']"
SkeletonData\SkeletonData\RawData\212_18_5_6_1_wheelchair.txt,212,3,0,0,0.6290298700332642,0.37097010016441345,0.6290298700332642,"['SpineShoulder', 'SpineBase', 'WristRight']"
SkeletonData\SkeletonData\RawData\212_18_6_1_2_wheelchair.txt,212,3,1,0,0.7362987995147705,0.2637012004852295,0.7362987995147705,"['SpineShoulder', 'SpineBase', 'WristLeft']"
SkeletonData\SkeletonData\RawData\212_18_6_2_2_wheelchair.txt,212,3,1,0,0.9300393462181091,0.06996062397956848,0.9300393462181091,"['SpineShoulder', 'SpineBase', 'WristLeft']"
SkeletonData\SkeletonData\RawData\212_18_6_3_2_wheelchair.txt,212,3,1,0,0.6243840456008911,0.37561601400375366,0.6243840456008911,"['SpineShoulder', 'SpineBase', 'WristLeft']"
SkeletonData\SkeletonData\RawData\212_18_6_4_2_wheelchair.txt,212,3,1,0,0.7390115261077881,0.2609884440898895,0.7390115261077881,"['SpineShoulder', 'SpineBase', 'WristLeft']"
SkeletonData\SkeletonData\RawData\212_18_6_5_1_wheelchair.txt,212,3,0,0,0.9316821694374084,0.06831780076026917,0.9316821694374084,"['SpineShoulder', 'SpineBase', 'WristLeft']"
SkeletonData\SkeletonData\RawData\212_18_7_1_2_wheelchair.txt,212,0,1,0,0.6662136912345886,0.333786278963089,0.6662136912345886,"['SpineShoulder', 'SpineBase', 'WristRight']"
SkeletonData\SkeletonData\RawData\212_18_7_2_2_wheelchair.txt,212,0,1,0,0.6523069739341736,0.34769299626350403,0.6523069739341736,"['SpineShoulder', 'SpineBase', 'WristRight']"
SkeletonData\SkeletonData\RawData\212_18_7_3_2_wheelchair.txt,212,0,1,0,0.6534613966941833,0.34653857350349426,0.6534613966941833,"['SpineShoulder', 'SpineBase', 'WristRight']"
SkeletonData\SkeletonData\RawData\212_18_7_4_2_wheelchair.txt,212,0,1,0,0.5506414175033569,0.44935858249664307,0.5506414175033569,"['SpineShoulder', 'SpineBase', 'WristRight']"
SkeletonData\SkeletonData\RawData\212_18_7_5_2_wheelchair.txt,212,0,1,0,0.6262834072113037,0.3737165331840515,0.6262834072113037,"['SpineShoulder', 'SpineBase', 'WristRight']"
SkeletonData\SkeletonData\RawData\212_18_8_1_2_wheelchair.txt,212,0,1,0,0.6334547400474548,0.3665452301502228,0.6334547400474548,"['SpineShoulder', 'SpineBase', 'WristRight']"
SkeletonData\SkeletonData\RawData\212_18_8_2_2_wheelchair.txt,212,0,1,0,0.6310874819755554,0.3689125180244446,0.6310874819755554,"['SpineShoulder', 'SpineBase', 'WristRight']"
SkeletonData\SkeletonData\RawData\212_18_8_3_2_wheelchair.txt,212,0,1,0,0.6234807968139648,0.37651920318603516,0.6234807968139648,"['SpineShoulder', 'SpineBase', 'WristRight']"
SkeletonData\SkeletonData\RawData\212_18_8_4_2_wheelchair.txt,212,0,1,0,0.5950141549110413,0.40498587489128113,0.5950141549110413,"['SpineShoulder', 'SpineBase', 'WristRight']"
SkeletonData\SkeletonData\RawData\212_18_8_5_2_wheelchair.txt,212,0,1,0,0.6225004196166992,0.377499520778656,0.6225004196166992,"['SpineShoulder', 'SpineBase', 'WristLeft']"
SkeletonData\SkeletonData\RawData\212_18_8_6_2_wheelchair.txt,212,0,1,0,0.6178016066551208,0.3821983337402344,0.6178016066551208,"['SpineShoulder', 'SpineBase', 'WristRight']"
SkeletonData\SkeletonData\RawData\213_18_0_1_1_stand.txt,213,1,0,0,0.9896386861801147,0.010361279360949993,0.9896386861801147,"['SpineShoulder', 'SpineBase', 'WristLeft']"
SkeletonData\SkeletonData\RawData\213_18_0_2_1_stand.txt,213,1,0,0,0.9615092873573303,0.03849075362086296,0.9615092873573303,"['SpineShoulder', 'SpineBase', 'WristLeft']"
SkeletonData\SkeletonData\RawData\213_18_0_3_1_stand.txt,213,1,0,0,0.9487701058387756,0.05122990906238556,0.9487701058387756,"['SpineShoulder', 'SpineBase', 'WristLeft']"
SkeletonData\SkeletonData\RawData\213_18_0_4_1_stand.txt,213,1,0,0,0.9448398947715759,0.05516010895371437,0.9448398947715759,"['SpineShoulder', 'SpineBase', 'WristLeft']"
SkeletonData\SkeletonData\RawData\213_18_0_5_1_stand.txt,213,1,0,0,0.9432054758071899,0.05679456144571304,0.9432054758071899,"['SpineShoulder', 'SpineBase', 'WristLeft']"
SkeletonData\SkeletonData\RawData\213_18_0_6_1_stand.txt,213,1,0,0,0.951653003692627,0.04834695905447006,0.951653003692627,"['SpineShoulder', 'SpineBase', 'WristLeft']"
SkeletonData\SkeletonData\RawData\213_18_1_1_2_stand.txt,213,1,1,1,0.18627536296844482,0.8137246966362,0.8137246966362,"['SpineShoulder', 'SpineBase', 'WristRight']"
SkeletonData\SkeletonData\RawData\213_18_1_2_2_stand.txt,213,1,1,1,0.36834052205085754,0.6316595077514648,0.6316595077514648,"['SpineShoulder', 'SpineBase', 'WristRight']"
SkeletonData\SkeletonData\RawData\213_18_1_3_1_stand.txt,213,1,0,1,0.1439693421125412,0.8560306429862976,0.8560306429862976,"['SpineShoulder', 'SpineBase', 'WristRight']"
SkeletonData\SkeletonData\RawData\213_18_1_4_1_stand.txt,213,1,0,1,0.3419220745563507,0.6580778360366821,0.6580778360366821,"['SpineShoulder', 'SpineBase', 'WristRight']"
SkeletonData\SkeletonData\RawData\213_18_1_5_1_stand.txt,213,1,0,1,0.09747737646102905,0.9025226831436157,0.9025226831436157,"['SpineShoulder', 'SpineBase', 'WristRight']"
SkeletonData\SkeletonData\RawData\213_18_1_6_2_stand.txt,213,1,1,1,0.05505938082933426,0.9449405670166016,0.9449405670166016,"['SpineShoulder', 'SpineBase', 'WristRight']"
SkeletonData\SkeletonData\RawData\213_18_2_1_1_stand.txt,213,1,0,0,0.9548699855804443,0.045130014419555664,0.9548699855804443,"['SpineShoulder', 'SpineBase', 'WristRight']"
SkeletonData\SkeletonData\RawData\213_18_2_2_1_stand.txt,213,1,0,0,0.9264492392539978,0.07355078309774399,0.9264492392539978,"['SpineShoulder', 'SpineBase', 'WristRight']"
SkeletonData\SkeletonData\RawData\213_18_2_3_1_stand.txt,213,1,0,0,0.9757063388824463,0.024293603375554085,0.9757063388824463,"['SpineShoulder', 'SpineBase', 'WristRight']"
SkeletonData\SkeletonData\RawData\213_18_2_4_1_stand.txt,213,1,0,0,0.9742586016654968,0.025741375982761383,0.9742586016654968,"['SpineShoulder', 'SpineBase', 'WristRight']"
SkeletonData\SkeletonData\RawData\213_18_2_5_1_stand.txt,213,1,0,0,0.9753968715667725,0.02460319548845291,0.9753968715667725,"['SpineShoulder', 'SpineBase', 'WristRight']"
SkeletonData\SkeletonData\RawData\213_18_2_6_1_stand.txt,213,1,0,0,0.9814289808273315,0.01857108436524868,0.9814289808273315,"['SpineShoulder', 'SpineBase', 'WristRight']"
SkeletonData\SkeletonData\RawData\213_18_3_1_2_stand.txt,213,1,1,1,0.4696650207042694,0.5303349494934082,0.5303349494934082,"['SpineShoulder', 'SpineBase', 'WristRight']"
SkeletonData\SkeletonData\RawData\213_18_3_2_2_stand.txt,213,1,1,1,0.13818685710430145,0.8618131279945374,0.8618131279945374,"['SpineShoulder', 'SpineBase', 'WristRight']"
SkeletonData\SkeletonData\RawData\213_18_3_3_2_stand.txt,213,1,1,1,0.10381453484296799,0.8961854577064514,0.8961854577064514,"['SpineShoulder', 'SpineBase', 'WristRight']"
SkeletonData\SkeletonData\RawData\213_18_3_4_2_stand.txt,213,1,1,1,0.043925318866968155,0.9560747146606445,0.9560747146606445,"['SpineShoulder', 'SpineBase', 'WristRight']"
SkeletonData\SkeletonData\RawData\213_18_3_5_2_stand.txt,213,1,1,1,0.0478200763463974,0.9521799087524414,0.9521799087524414,"['SpineShoulder', 'SpineBase', 'WristRight']"
SkeletonData\SkeletonData\RawData\213_18_3_6_2_stand.txt,213,1,1,1,0.03902977705001831,0.9609702229499817,0.9609702229499817,"['SpineShoulder', 'SpineBase', 'WristRight']"
SkeletonData\SkeletonData\RawData\213_18_3_7_2_stand.txt,213,1,1,1,0.055660855025053024,0.9443391561508179,0.9443391561508179,"['SpineShoulder', 'SpineBase', 'WristRight']"
SkeletonData\SkeletonData\RawData\213_18_4_1_1_stand.txt,213,1,0,0,0.8948624730110168,0.10513757169246674,0.8948624730110168,"['SpineShoulder', 'SpineBase', 'WristRight']"
SkeletonData\SkeletonData\RawData\213_18_4_2_1_stand.txt,213,1,0,0,0.9705373644828796,0.029462577775120735,0.9705373644828796,"['SpineShoulder', 'SpineBase', 'WristRight']"
SkeletonData\SkeletonData\RawData\213_18_4_3_1_stand.txt,213,1,0,0,0.976353108882904,0.023646950721740723,0.976353108882904,"['SpineShoulder', 'SpineBase', 'WristRight']"
SkeletonData\SkeletonData\RawData\213_18_4_4_1_stand.txt,213,1,0,0,0.9802812933921814,0.019718723371624947,0.9802812933921814,"['SpineShoulder', 'SpineBase', 'WristRight']"
SkeletonData\SkeletonData\RawData\213_18_4_5_1_stand.txt,213,1,0,0,0.9802046418190002,0.019795401021838188,0.9802046418190002,"['SpineShoulder', 'SpineBase', 'WristRight']"
SkeletonData\SkeletonData\RawData\213_18_4_6_1_stand.txt,213,1,0,0,0.9908586144447327,0.009141401387751102,0.9908586144447327,"['SpineShoulder', 'SpineBase', 'WristRight']"
SkeletonData\SkeletonData\RawData\213_18_5_1_1_stand.txt,213,1,0,0,0.7992045879364014,0.20079536736011505,0.7992045879364014,"['SpineShoulder', 'SpineBase', 'WristRight']"
SkeletonData\SkeletonData\RawData\213_18_5_2_1_stand.txt,213,1,0,0,0.8979523777961731,0.10204760730266571,0.8979523777961731,"['SpineShoulder', 'SpineBase', 'WristRight']"
SkeletonData\SkeletonData\RawData\213_18_5_3_1_stand.txt,213,1,0,0,0.8737026453018188,0.12629736959934235,0.8737026453018188,"['SpineShoulder', 'SpineBase', 'WristRight']"
SkeletonData\SkeletonData\RawData\213_18_5_4_1_stand.txt,213,1,0,0,0.8811707496643066,0.11882927268743515,0.8811707496643066,"['SpineShoulder', 'SpineBase', 'WristRight']"
SkeletonData\SkeletonData\RawData\213_18_5_5_1_stand.txt,213,1,0,0,0.8811913132667542,0.11880867183208466,0.8811913132667542,"['SpineShoulder', 'SpineBase', 'WristRight']"
SkeletonData\SkeletonData\RawData\213_18_5_6_2_stand.txt,213,1,1,0,0.8021880388259888,0.19781194627285004,0.8021880388259888,"['SpineShoulder', 'SpineBase', 'WristRight']"
SkeletonData\SkeletonData\RawData\213_18_6_1_1_stand.txt,213,1,0,1,0.35167405009269714,0.6483259797096252,0.6483259797096252,"['SpineShoulder', 'SpineBase', 'WristLeft']"
SkeletonData\SkeletonData\RawData\213_18_6_2_1_stand.txt,213,1,0,0,0.5938851237297058,0.4061148464679718,0.5938851237297058,"['SpineShoulder', 'SpineBase', 'WristLeft']"
SkeletonData\SkeletonData\RawData\213_18_6_3_1_stand.txt,213,1,0,1,0.4460698664188385,0.5539301633834839,0.5539301633834839,"['SpineShoulder', 'SpineBase', 'WristLeft']"
SkeletonData\SkeletonData\RawData\213_18_6_4_1_stand.txt,213,1,0,1,0.3993448317050934,0.600655198097229,0.600655198097229,"['SpineShoulder', 'SpineBase', 'WristLeft']"
SkeletonData\SkeletonData\RawData\213_18_6_5_1_stand.txt,213,1,0,1,0.4956168532371521,0.5043831467628479,0.5043831467628479,"['SpineShoulder', 'SpineBase', 'WristLeft']"
SkeletonData\SkeletonData\RawData\213_18_6_6_1_stand.txt,213,1,0,1,0.4571126401424408,0.5428873896598816,0.5428873896598816,"['SpineShoulder', 'SpineBase', 'WristLeft']"
SkeletonData\SkeletonData\RawData\213_18_7_1_1_stand.txt,213,1,0,0,0.6194394826889038,0.3805604875087738,0.6194394826889038,"['SpineShoulder', 'SpineBase', 'WristLeft']"
SkeletonData\SkeletonData\RawData\213_18_7_2_1_stand.txt,213,1,0,0,0.6421382427215576,0.35786178708076477,0.6421382427215576,"['SpineShoulder', 'SpineBase', 'WristLeft']"
SkeletonData\SkeletonData\RawData\213_18_7_3_1_stand.txt,213,1,0,0,0.6563401222229004,0.34365981817245483,0.6563401222229004,"['SpineShoulder', 'SpineBase', 'WristLeft']"
SkeletonData\SkeletonData\RawData\213_18_7_4_1_stand.txt,213,1,0,0,0.6643704175949097,0.3356296122074127,0.6643704175949097,"['SpineShoulder', 'SpineBase', 'WristLeft']"
SkeletonData\SkeletonData\RawData\213_18_7_5_1_stand.txt,213,1,0,0,0.6772971749305725,0.3227028250694275,0.6772971749305725,"['SpineShoulder', 'SpineBase', 'WristLeft']"
SkeletonData\SkeletonData\RawData\213_18_8_1_1_stand.txt,213,1,0,0,0.6427752375602722,0.3572247624397278,0.6427752375602722,"['SpineShoulder', 'SpineBase', 'WristLeft']"
SkeletonData\SkeletonData\RawData\213_18_8_2_1_stand.txt,213,1,0,0,0.5608538389205933,0.4391462206840515,0.5608538389205933,"['SpineShoulder', 'SpineBase', 'WristLeft']"
SkeletonData\SkeletonData\RawData\213_18_8_3_2_stand.txt,213,1,1,0,0.5151574611663818,0.48484256863594055,0.5151574611663818,"['SpineShoulder', 'SpineBase', 'WristLeft']"
SkeletonData\SkeletonData\RawData\213_18_8_4_2_stand.txt,213,1,1,0,0.6170775890350342,0.3829224705696106,0.6170775890350342,"['SpineShoulder', 'SpineBase', 'WristLeft']"
SkeletonData\SkeletonData\RawData\213_18_8_5_2_stand.txt,213,1,1,0,0.657020628452301,0.34297943115234375,0.657020628452301,"['SpineShoulder', 'SpineBase', 'WristRight']"
SkeletonData\SkeletonData\RawData\213_18_8_6_2_stand.txt,213,1,1,0,0.6860483288764954,0.31395161151885986,0.6860483288764954,"['SpineShoulder', 'SpineBase', 'WristRight']"
SkeletonData\SkeletonData\RawData\214_18_0_1_2_Stand-frame.txt,214,4,1,1,0.34583747386932373,0.654162585735321,0.654162585735321,"['SpineShoulder', 'SpineBase', 'WristRight']"
SkeletonData\SkeletonData\RawData\214_18_0_2_1_Stand-frame.txt,214,4,0,0,0.8051595091819763,0.19484050571918488,0.8051595091819763,"['SpineShoulder', 'SpineBase', 'WristRight']"
SkeletonData\SkeletonData\RawData\214_18_0_3_1_Stand-frame.txt,214,4,0,0,0.9388026595115662,0.061197321861982346,0.9388026595115662,"['SpineShoulder', 'SpineBase', 'WristLeft']"
SkeletonData\SkeletonData\RawData\214_18_0_4_1_Stand-frame.txt,214,4,0,0,0.8998486995697021,0.10015133768320084,0.8998486995697021,"['SpineShoulder', 'SpineBase', 'WristLeft']"
SkeletonData\SkeletonData\RawData\214_18_0_5_1_Stand-frame.txt,214,4,0,0,0.947519838809967,0.05248013883829117,0.947519838809967,"['SpineShoulder', 'SpineBase', 'WristLeft']"
SkeletonData\SkeletonData\RawData\214_18_0_6_1_Stand-frame.txt,214,4,0,0,0.954713761806488,0.04528625309467316,0.954713761806488,"['SpineShoulder', 'SpineBase', 'WristLeft']"
SkeletonData\SkeletonData\RawData\214_18_0_7_1_Stand-frame.txt,214,4,0,0,0.90644371509552,0.09355625510215759,0.90644371509552,"['SpineShoulder', 'SpineBase', 'WristLeft']"
SkeletonData\SkeletonData\RawData\214_18_1_1_1_Stand-frame.txt,214,4,0,0,0.9788559079170227,0.021144093945622444,0.9788559079170227,"['SpineShoulder', 'SpineBase', 'WristRight']"
SkeletonData\SkeletonData\RawData\214_18_1_2_1_Stand-frame.txt,214,4,0,0,0.7997373342514038,0.200262650847435,0.7997373342514038,"['SpineShoulder', 'SpineBase', 'WristRight']"
SkeletonData\SkeletonData\RawData\214_18_1_3_1_Stand-frame.txt,214,4,0,0,0.9662455916404724,0.03375445306301117,0.9662455916404724,"['SpineShoulder', 'SpineBase', 'WristRight']"
SkeletonData\SkeletonData\RawData\214_18_1_4_1_Stand-frame.txt,214,4,0,0,0.6182093024253845,0.3817906677722931,0.6182093024253845,"['SpineShoulder', 'SpineBase', 'WristRight']"
SkeletonData\SkeletonData\RawData\214_18_1_5_1_Stand-frame.txt,214,4,0,0,0.7799528241157532,0.22004719078540802,0.7799528241157532,"['SpineShoulder', 'SpineBase', 'WristRight']"
SkeletonData\SkeletonData\RawData\214_18_1_6_1_Stand-frame.txt,214,4,0,0,0.9723367691040039,0.027663173153996468,0.9723367691040039,"['SpineShoulder', 'SpineBase', 'WristRight']"
SkeletonData\SkeletonData\RawData\214_18_2_1_1_Stand-frame.txt,214,4,0,0,0.7835767865180969,0.21642319858074188,0.7835767865180969,"['SpineShoulder', 'SpineBase', 'WristRight']"
SkeletonData\SkeletonData\RawData\214_18_2_2_1_Stand-frame.txt,214,4,0,1,0.38060712814331055,0.6193929314613342,0.6193929314613342,"['SpineShoulder', 'SpineBase', 'WristRight']"
SkeletonData\SkeletonData\RawData\214_18_2_3_1_Stand-frame.txt,214,4,0,0,0.9683310985565186,0.03166884928941727,0.9683310985565186,"['SpineShoulder', 'SpineBase', 'WristRight']"
SkeletonData\SkeletonData\RawData\214_18_2_4_1_Stand-frame.txt,214,4,0,0,0.9782804250717163,0.021719617769122124,0.9782804250717163,"['SpineShoulder', 'SpineBase', 'WristRight']"
SkeletonData\SkeletonData\RawData\214_18_2_5_2_Stand-frame.txt,214,4,1,1,0.37198397517204285,0.6280159950256348,0.6280159950256348,"['SpineShoulder', 'SpineBase', 'WristLeft']"
SkeletonData\SkeletonData\RawData\214_18_2_6_2_Stand-frame.txt,214,4,1,0,0.8485735654830933,0.15142640471458435,0.8485735654830933,"['SpineShoulder', 'SpineBase', 'WristRight']"
SkeletonData\SkeletonData\RawData\214_18_3_1_1_Stand-frame.txt,214,4,0,0,0.9551873207092285,0.04481261968612671,0.9551873207092285,"['SpineShoulder', 'SpineBase', 'WristRight']"
SkeletonData\SkeletonData\RawData\214_18_3_2_1_Stand-frame.txt,214,4,0,0,0.972588300704956,0.027411745861172676,0.972588300704956,"['SpineShoulder', 'SpineBase', 'WristRight']"
SkeletonData\SkeletonData\RawData\214_18_3_3_1_Stand-frame.txt,214,4,0,0,0.9430046081542969,0.05699533224105835,0.9430046081542969,"['SpineShoulder', 'SpineBase', 'WristRight']"
SkeletonData\SkeletonData\RawData\214_18_3_4_1_Stand-frame.txt,214,4,0,0,0.9574068188667297,0.04259316995739937,0.9574068188667297,"['SpineShoulder', 'SpineBase', 'WristRight']"
SkeletonData\SkeletonData\RawData\214_18_3_5_1_Stand-frame.txt,214,4,0,0,0.9772512912750244,0.022748712450265884,0.9772512912750244,"['SpineShoulder', 'SpineBase', 'WristRight']"
SkeletonData\SkeletonData\RawData\214_18_4_1_1_Stand-frame.txt,214,4,0,0,0.9578790068626404,0.04212098941206932,0.9578790068626404,"['SpineShoulder', 'SpineBase', 'WristRight']"
SkeletonData\SkeletonData\RawData\214_18_4_2_1_Stand-frame.txt,214,4,0,0,0.8997238874435425,0.10027608275413513,0.8997238874435425,"['SpineShoulder', 'SpineBase', 'WristRight']"
SkeletonData\SkeletonData\RawData\214_18_4_3_1_Stand-frame.txt,214,4,0,0,0.8642300963401794,0.13576993346214294,0.8642300963401794,"['SpineShoulder', 'SpineBase', 'WristRight']"
SkeletonData\SkeletonData\RawData\214_18_4_4_1_Stand-frame.txt,214,4,0,0,0.9802361130714417,0.019763857126235962,0.9802361130714417,"['SpineShoulder', 'SpineBase', 'WristRight']"
SkeletonData\SkeletonData\RawData\214_18_4_5_1_Stand-frame.txt,214,4,0,0,0.9767667055130005,0.023233288899064064,0.9767667055130005,"['SpineShoulder', 'SpineBase', 'WristRight']"
SkeletonData\SkeletonData\RawData\214_18_5_1_1_Stand-frame.txt,214,4,0,0,0.8774439692497253,0.12255611270666122,0.8774439692497253,"['SpineShoulder', 'SpineBase', 'WristRight']"
SkeletonData\SkeletonData\RawData\214_18_5_2_1_Stand-frame.txt,214,4,0,0,0.9704760909080505,0.029523860663175583,0.9704760909080505,"['SpineShoulder', 'SpineBase', 'WristRight']"
SkeletonData\SkeletonData\RawData\214_18_5_3_1_Stand-frame.txt,214,4,0,0,0.9015560150146484,0.09844399243593216,0.9015560150146484,"['SpineShoulder', 'SpineBase', 'WristRight']"
SkeletonData\SkeletonData\RawData\214_18_5_4_1_Stand-frame.txt,214,4,0,0,0.9423359632492065,0.05766397342085838,0.9423359632492065,"['SpineShoulder', 'SpineBase', 'WristRight']"
SkeletonData\SkeletonData\RawData\214_18_5_5_1_Stand-frame.txt,214,4,0,0,0.8841454982757568,0.11585449427366257,0.8841454982757568,"['SpineShoulder', 'SpineBase', 'WristRight']"
SkeletonData\SkeletonData\RawData\214_18_6_1_1_Stand-frame.txt,214,4,0,1,0.048457179218530655,0.9515427947044373,0.9515427947044373,"['SpineShoulder', 'SpineBase', 'WristLeft']"
SkeletonData\SkeletonData\RawData\214_18_6_2_1_Stand-frame.txt,214,4,0,1,0.0859868973493576,0.9140130281448364,0.9140130281448364,"['SpineShoulder', 'SpineBase', 'WristLeft']"
SkeletonData\SkeletonData\RawData\214_18_6_3_1_Stand-frame.txt,214,4,0,1,0.09987183660268784,0.900128185749054,0.900128185749054,"['SpineShoulder', 'SpineBase', 'WristLeft']"
SkeletonData\SkeletonData\RawData\214_18_6_4_1_Stand-frame.txt,214,4,0,1,0.11167296022176743,0.8883270025253296,0.8883270025253296,"['SpineShoulder', 'SpineBase', 'WristLeft']"
SkeletonData\SkeletonData\RawData\214_18_6_5_3_Stand-frame.txt,214,4,0,0,0.8268955945968628,0.173104390501976,0.8268955945968628,"['SpineShoulder', 'SpineBase', 'WristLeft']"
SkeletonData\SkeletonData\RawData\214_18_7_1_1_Stand-frame.txt,214,4,0,1,0.3431181311607361,0.6568818688392639,0.6568818688392639,"['SpineShoulder', 'SpineBase', 'WristLeft']"
SkeletonData\SkeletonData\RawData\214_18_7_2_1_Stand-frame.txt,214,4,0,1,0.3696725070476532,0.6303274631500244,0.6303274631500244,"['SpineShoulder', 'SpineBase', 'WristLeft']"
SkeletonData\SkeletonData\RawData\214_18_7_3_1_Stand-frame.txt,214,4,0,1,0.43263518810272217,0.5673648118972778,0.5673648118972778,"['SpineShoulder', 'SpineBase', 'WristLeft']"
SkeletonData\SkeletonData\RawData\214_18_7_4_1_Stand-frame.txt,214,4,0,1,0.4074360728263855,0.5925639867782593,0.5925639867782593,"['SpineShoulder', 'SpineBase', 'WristLeft']"
SkeletonData\SkeletonData\RawData\214_18_7_5_1_Stand-frame.txt,214,4,0,1,0.4423319101333618,0.5576680898666382,0.5576680898666382,"['SpineShoulder', 'SpineBase', 'WristLeft']"
SkeletonData\SkeletonData\RawData\214_18_7_6_1_Stand-frame.txt,214,4,0,1,0.4629289209842682,0.5370711088180542,0.5370711088180542,"['SpineShoulder', 'SpineBase', 'WristLeft']"
SkeletonData\SkeletonData\RawData\214_18_8_1_1_Stand-frame.txt,214,4,0,0,0.7709322571754456,0.22906778752803802,0.7709322571754456,"['SpineShoulder', 'SpineBase', 'WristLeft']"
SkeletonData\SkeletonData\RawData\214_18_8_2_1_Stand-frame.txt,214,4,0,0,0.7787089347839355,0.22129103541374207,0.7787089347839355,"['SpineShoulder', 'SpineBase', 'WristLeft']"
SkeletonData\SkeletonData\RawData\214_18_8_3_1_Stand-frame.txt,214,4,0,0,0.70591139793396,0.29408854246139526,0.70591139793396,"['SpineShoulder', 'SpineBase', 'WristLeft']"
SkeletonData\SkeletonData\RawData\214_18_8_4_2_Stand-frame.txt,214,4,1,1,0.4025237262248993,0.5974762439727783,0.5974762439727783,"['SpineShoulder', 'SpineBase', 'WristLeft']"
SkeletonData\SkeletonData\RawData\214_18_8_5_1_Stand-frame.txt,214,4,0,1,0.42591238021850586,0.5740876197814941,0.5740876197814941,"['SpineShoulder', 'SpineBase', 'WristLeft']"
SkeletonData\SkeletonData\RawData\214_18_8_6_1_Stand-frame.txt,214,4,0,1,0.35047808289527893,0.6495218873023987,0.6495218873023987,"['SpineShoulder', 'SpineBase', 'WristLeft']"
SkeletonData\SkeletonData\RawData\214_18_8_7_2_Stand-frame.txt,214,4,1,0,0.6228829026222229,0.3771171271800995,0.6228829026222229,"['SpineShoulder', 'SpineBase', 'WristLeft']"
SkeletonData\SkeletonData\RawData\215_18_0_1_1_stand.txt,215,5,0,0,0.9715518355369568,0.028448201715946198,0.9715518355369568,"['SpineShoulder', 'SpineBase', 'WristLeft']"
SkeletonData\SkeletonData\RawData\215_18_0_2_1_stand.txt,215,5,0,0,0.9913964867591858,0.008603484369814396,0.9913964867591858,"['SpineShoulder', 'SpineBase', 'WristRight']"
SkeletonData\SkeletonData\RawData\215_18_0_3_1_stand.txt,215,5,0,0,0.9894112944602966,0.010588723234832287,0.9894112944602966,"['SpineShoulder', 'SpineBase', 'WristRight']"
SkeletonData\SkeletonData\RawData\215_18_0_4_1_stand.txt,215,5,0,0,0.9928896427154541,0.0071103377267718315,0.9928896427154541,"['SpineShoulder', 'SpineBase', 'WristRight']"
SkeletonData\SkeletonData\RawData\215_18_0_5_1_stand.txt,215,5,0,0,0.7394328713417053,0.2605670988559723,0.7394328713417053,"['SpineShoulder', 'SpineBase', 'WristLeft']"
SkeletonData\SkeletonData\RawData\215_18_0_6_1_stand.txt,215,5,0,0,0.9920052886009216,0.007994769141077995,0.9920052886009216,"['SpineShoulder', 'SpineBase', 'WristRight']"
SkeletonData\SkeletonData\RawData\215_18_1_1_2_stand.txt,215,5,1,0,0.9063466191291809,0.09365338832139969,0.9063466191291809,"['SpineShoulder', 'SpineBase', 'WristRight']"
SkeletonData\SkeletonData\RawData\215_18_1_2_2_stand.txt,215,5,1,0,0.9425995349884033,0.057400431483983994,0.9425995349884033,"['SpineShoulder', 'SpineBase', 'WristRight']"
SkeletonData\SkeletonData\RawData\215_18_1_3_2_stand.txt,215,5,1,1,0.387187659740448,0.612812340259552,0.612812340259552,"['SpineShoulder', 'SpineBase', 'WristRight']"
SkeletonData\SkeletonData\RawData\215_18_1_4_2_stand.txt,215,5,1,0,0.6031244993209839,0.3968755006790161,0.6031244993209839,"['SpineShoulder', 'SpineBase', 'WristRight']"
SkeletonData\SkeletonData\RawData\215_18_2_10_2_stand.txt,215,5,1,0,0.8507288694381714,0.1492711305618286,0.8507288694381714,"['SpineShoulder', 'SpineBase', 'WristLeft']"
SkeletonData\SkeletonData\RawData\215_18_2_1_1_stand.txt,215,5,0,0,0.910195529460907,0.08980447798967361,0.910195529460907,"['SpineShoulder', 'SpineBase', 'WristLeft']"
SkeletonData\SkeletonData\RawData\215_18_2_2_1_stand.txt,215,5,0,0,0.8779698610305786,0.1220300942659378,0.8779698610305786,"['SpineShoulder', 'SpineBase', 'WristLeft']"
SkeletonData\SkeletonData\RawData\215_18_2_3_1_stand.txt,215,5,0,0,0.9095132350921631,0.09048675000667572,0.9095132350921631,"['SpineShoulder', 'SpineBase', 'WristLeft']"
SkeletonData\SkeletonData\RawData\215_18_2_4_1_stand.txt,215,5,0,0,0.8926165103912354,0.10738351196050644,0.8926165103912354,"['SpineShoulder', 'SpineBase', 'WristLeft']"
SkeletonData\SkeletonData\RawData\215_18_2_5_1_stand.txt,215,5,0,0,0.9547616243362427,0.045238398015499115,0.9547616243362427,"['SpineShoulder', 'SpineBase', 'WristLeft']"
SkeletonData\SkeletonData\RawData\215_18_2_6_1_stand.txt,215,5,0,0,0.9732998013496399,0.02670017071068287,0.9732998013496399,"['SpineShoulder', 'SpineBase', 'WristLeft']"
SkeletonData\SkeletonData\RawData\215_18_2_7_1_stand.txt,215,5,0,0,0.9433373212814331,0.05666276812553406,0.9433373212814331,"['SpineShoulder', 'SpineBase', 'WristLeft']"
SkeletonData\SkeletonData\RawData\215_18_2_8_1_stand.txt,215,5,0,0,0.955314040184021,0.04468591511249542,0.955314040184021,"['SpineShoulder', 'SpineBase', 'WristLeft']"
SkeletonData\SkeletonData\RawData\215_18_2_9_2_stand.txt,215,5,1,0,0.8989928364753723,0.10100721567869186,0.8989928364753723,"['SpineShoulder', 'SpineBase', 'WristLeft']"
SkeletonData\SkeletonData\RawData\215_18_3_1_1_stand.txt,215,5,0,0,0.9773617386817932,0.022638216614723206,0.9773617386817932,"['SpineShoulder', 'SpineBase', 'WristRight']"
SkeletonData\SkeletonData\RawData\215_18_3_2_1_stand.txt,215,5,0,0,0.9642666578292847,0.035733286291360855,0.9642666578292847,"['SpineShoulder', 'SpineBase', 'WristRight']"
SkeletonData\SkeletonData\RawData\215_18_3_3_1_stand.txt,215,5,0,0,0.9732560515403748,0.026743868365883827,0.9732560515403748,"['SpineShoulder', 'SpineBase', 'WristRight']"
SkeletonData\SkeletonData\RawData\215_18_3_4_1_stand.txt,215,5,0,0,0.9759012460708618,0.024098709225654602,0.9759012460708618,"['SpineShoulder', 'SpineBase', 'WristRight']"
SkeletonData\SkeletonData\RawData\215_18_3_5_1_stand.txt,215,5,0,0,0.8672965168952942,0.13270354270935059,0.8672965168952942,"['SpineShoulder', 'SpineBase', 'WristRight']"
SkeletonData\SkeletonData\RawData\215_18_3_6_2_stand.txt,215,5,1,0,0.962691068649292,0.037308890372514725,0.962691068649292,"['SpineShoulder', 'SpineBase', 'WristRight']"
SkeletonData\SkeletonData\RawData\215_18_3_7_2_stand.txt,215,5,1,0,0.8955478072166443,0.1044522374868393,0.8955478072166443,"['SpineShoulder', 'SpineBase', 'WristRight']"
SkeletonData\SkeletonData\RawData\215_18_4_10_1_stand.txt,215,5,0,0,0.9202277064323425,0.07977224141359329,0.9202277064323425,"['SpineShoulder', 'SpineBase', 'WristRight']"
SkeletonData\SkeletonData\RawData\215_18_4_1_2_stand.txt,215,5,1,0,0.5463516712188721,0.45364826917648315,0.5463516712188721,"['SpineShoulder', 'SpineBase', 'WristRight']"
SkeletonData\SkeletonData\RawData\215_18_4_2_2_stand.txt,215,5,1,1,0.48187848925590515,0.5181215405464172,0.5181215405464172,"['SpineShoulder', 'SpineBase', 'WristRight']"
SkeletonData\SkeletonData\RawData\215_18_4_3_2_stand.txt,215,5,1,0,0.5611745119094849,0.43882545828819275,0.5611745119094849,"['SpineShoulder', 'SpineBase', 'WristRight']"
SkeletonData\SkeletonData\RawData\215_18_4_4_2_stand.txt,215,5,1,0,0.6533819437026978,0.34661805629730225,0.6533819437026978,"['SpineShoulder', 'SpineBase', 'WristRight']"
SkeletonData\SkeletonData\RawData\215_18_4_5_1_stand.txt,215,5,0,0,0.9414651393890381,0.058534830808639526,0.9414651393890381,"['SpineShoulder', 'SpineBase', 'WristRight']"
SkeletonData\SkeletonData\RawData\215_18_4_6_1_stand.txt,215,5,0,0,0.9374058842658997,0.06259416788816452,0.9374058842658997,"['SpineShoulder', 'SpineBase', 'WristRight']"
SkeletonData\SkeletonData\RawData\215_18_4_7_1_stand.txt,215,5,0,0,0.9363961219787598,0.06360390037298203,0.9363961219787598,"['SpineShoulder', 'SpineBase', 'WristRight']"
SkeletonData\SkeletonData\RawData\215_18_4_8_1_stand.txt,215,5,0,0,0.9668839573860168,0.03311603516340256,0.9668839573860168,"['SpineShoulder', 'SpineBase', 'WristRight']"
SkeletonData\SkeletonData\RawData\215_18_4_9_1_stand.txt,215,5,0,0,0.920687735080719,0.07931223511695862,0.920687735080719,"['SpineShoulder', 'SpineBase', 'WristRight']"
SkeletonData\SkeletonData\RawData\215_18_5_1_1_stand.txt,215,5,0,0,0.9421491622924805,0.05785084515810013,0.9421491622924805,"['SpineShoulder', 'SpineBase', 'WristRight']"
SkeletonData\SkeletonData\RawData\215_18_5_2_1_stand.txt,215,5,0,0,0.9782009124755859,0.021799100562930107,0.9782009124755859,"['SpineShoulder', 'SpineBase', 'WristRight']"
SkeletonData\SkeletonData\RawData\215_18_5_3_1_stand.txt,215,5,0,0,0.9623844027519226,0.03761559724807739,0.9623844027519226,"['SpineShoulder', 'SpineBase', 'WristRight']"
SkeletonData\SkeletonData\RawData\215_18_5_4_1_stand.txt,215,5,0,0,0.9686884880065918,0.03131145238876343,0.9686884880065918,"['SpineShoulder', 'SpineBase', 'WristRight']"
SkeletonData\SkeletonData\RawData\215_18_5_5_1_stand.txt,215,5,0,0,0.9716103672981262,0.028389645740389824,0.9716103672981262,"['SpineShoulder', 'SpineBase', 'WristRight']"
SkeletonData\SkeletonData\RawData\215_18_5_6_1_stand.txt,215,5,0,0,0.87770676612854,0.12229324132204056,0.87770676612854,"['SpineShoulder', 'SpineBase', 'WristRight']"
SkeletonData\SkeletonData\RawData\215_18_5_7_1_stand.txt,215,5,0,0,0.9665489792823792,0.03345099091529846,0.9665489792823792,"['SpineShoulder', 'SpineBase', 'WristRight']"
SkeletonData\SkeletonData\RawData\215_18_5_8_1_stand.txt,215,5,0,0,0.9547505378723145,0.04524943605065346,0.9547505378723145,"['SpineShoulder', 'SpineBase', 'WristRight']"
SkeletonData\SkeletonData\RawData\215_18_5_9_1_stand.txt,215,5,0,0,0.9827288389205933,0.01727115362882614,0.9827288389205933,"['SpineShoulder', 'SpineBase', 'WristRight']"
SkeletonData\SkeletonData\RawData\215_18_6_1_1_stand.txt,215,5,0,0,0.9507113099098206,0.04928867891430855,0.9507113099098206,"['SpineShoulder', 'SpineBase', 'WristLeft']"
SkeletonData\SkeletonData\RawData\215_18_6_2_1_stand.txt,215,5,0,0,0.9659242630004883,0.034075669944286346,0.9659242630004883,"['SpineShoulder', 'SpineBase', 'WristLeft']"
SkeletonData\SkeletonData\RawData\215_18_6_3_1_stand.txt,215,5,0,0,0.9814468622207642,0.018553096801042557,0.9814468622207642,"['SpineShoulder', 'SpineBase', 'WristLeft']"
SkeletonData\SkeletonData\RawData\215_18_6_4_1_stand.txt,215,5,0,0,0.9701756238937378,0.0298243910074234,0.9701756238937378,"['SpineShoulder', 'SpineBase', 'WristLeft']"
SkeletonData\SkeletonData\RawData\215_18_6_5_1_stand.txt,215,5,0,0,0.9704280495643616,0.029571978375315666,0.9704280495643616,"['SpineShoulder', 'SpineBase', 'WristLeft']"
SkeletonData\SkeletonData\RawData\215_18_6_6_1_stand.txt,215,5,0,0,0.9782439470291138,0.021756039932370186,0.9782439470291138,"['SpineShoulder', 'SpineBase', 'WristLeft']"
SkeletonData\SkeletonData\RawData\215_18_6_7_1_stand.txt,215,5,0,0,0.9771242737770081,0.022875702008605003,0.9771242737770081,"['SpineShoulder', 'SpineBase', 'WristLeft']"
SkeletonData\SkeletonData\RawData\215_18_6_8_1_stand.txt,215,5,0,0,0.7407097220420837,0.25929027795791626,0.7407097220420837,"['SpineShoulder', 'SpineBase', 'WristLeft']"
SkeletonData\SkeletonData\RawData\215_18_6_9_2_stand.txt,215,5,1,0,0.9251238107681274,0.07487616688013077,0.9251238107681274,"['SpineShoulder', 'SpineBase', 'WristLeft']"
SkeletonData\SkeletonData\RawData\215_18_7_1_1_stand.txt,215,5,0,0,0.9552350640296936,0.04476488009095192,0.9552350640296936,"['SpineShoulder', 'SpineBase', 'WristRight']"
SkeletonData\SkeletonData\RawData\215_18_7_2_1_stand.txt,215,5,0,0,0.6343525052070618,0.36564749479293823,0.6343525052070618,"['SpineShoulder', 'SpineBase', 'WristRight']"
SkeletonData\SkeletonData\RawData\215_18_7_3_1_stand.txt,215,5,0,1,0.4261278212070465,0.5738722085952759,0.5738722085952759,"['SpineShoulder', 'SpineBase', 'WristRight']"
SkeletonData\SkeletonData\RawData\215_18_7_4_1_stand.txt,215,5,0,0,0.9582750797271729,0.04172493889927864,0.9582750797271729,"['SpineShoulder', 'SpineBase', 'WristRight']"
SkeletonData\SkeletonData\RawData\215_18_7_5_1_stand.txt,215,5,0,0,0.9604862332344055,0.03951380029320717,0.9604862332344055,"['SpineShoulder', 'SpineBase', 'WristRight']"
SkeletonData\SkeletonData\RawData\215_18_7_6_1_stand.txt,215,5,0,0,0.9602997303009033,0.039700236171483994,0.9602997303009033,"['SpineShoulder', 'SpineBase', 'WristRight']"
SkeletonData\SkeletonData\RawData\215_18_7_7_1_stand.txt,215,5,0,0,0.963674783706665,0.03632514178752899,0.963674783706665,"['SpineShoulder', 'SpineBase', 'WristRight']"
SkeletonData\SkeletonData\RawData\215_18_7_8_1_stand.txt,215,5,0,0,0.9564590454101562,0.043540894985198975,0.9564590454101562,"['SpineShoulder', 'SpineBase', 'WristRight']"
SkeletonData\SkeletonData\RawData\215_18_8_10_1_stand.txt,215,5,0,0,0.9814637303352356,0.01853625476360321,0.9814637303352356,"['SpineShoulder', 'SpineBase', 'WristRight']"
SkeletonData\SkeletonData\RawData\215_18_8_1_1_stand.txt,215,5,0,0,0.9777801036834717,0.022219885140657425,0.9777801036834717,"['SpineShoulder', 'SpineBase', 'WristRight']"
SkeletonData\SkeletonData\RawData\215_18_8_2_1_stand.txt,215,5,0,0,0.9710464477539062,0.028953542932868004,0.9710464477539062,"['SpineShoulder', 'SpineBase', 'WristRight']"
SkeletonData\SkeletonData\RawData\215_18_8_3_1_stand.txt,215,5,0,0,0.9778081178665161,0.02219182625412941,0.9778081178665161,"['SpineShoulder', 'SpineBase', 'WristRight']"
SkeletonData\SkeletonData\RawData\215_18_8_4_1_stand.txt,215,5,0,0,0.7035714387893677,0.29642853140830994,0.7035714387893677,"['SpineShoulder', 'SpineBase', 'WristRight']"
SkeletonData\SkeletonData\RawData\215_18_8_5_1_stand.txt,215,5,0,0,0.9699488878250122,0.030051082372665405,0.9699488878250122,"['SpineShoulder', 'SpineBase', 'WristRight']"
SkeletonData\SkeletonData\RawData\215_18_8_6_1_stand.txt,215,5,0,0,0.9573774337768555,0.04262252897024155,0.9573774337768555,"['SpineShoulder', 'SpineBase', 'WristRight']"
SkeletonData\SkeletonData\RawData\215_18_8_7_1_stand.txt,215,5,0,0,0.9205464124679565,0.07945363223552704,0.9205464124679565,"['SpineShoulder', 'SpineBase', 'WristRight']"
SkeletonData\SkeletonData\RawData\215_18_8_8_1_stand.txt,215,5,0,0,0.9458531737327576,0.05414684861898422,0.9458531737327576,"['SpineShoulder', 'SpineBase', 'WristRight']"
SkeletonData\SkeletonData\RawData\215_18_8_9_1_stand.txt,215,5,0,0,0.9173246026039124,0.08267535269260406,0.9173246026039124,"['SpineShoulder', 'SpineBase', 'WristRight']"
SkeletonData\SkeletonData\RawData\216_18_0_1_2_stand.txt,216,5,1,1,0.0947057455778122,0.9052942991256714,0.9052942991256714,"['SpineShoulder', 'SpineBase', 'WristLeft']"
SkeletonData\SkeletonData\RawData\216_18_0_2_2_stand.txt,216,5,1,1,0.12484622001647949,0.8751537799835205,0.8751537799835205,"['SpineShoulder', 'SpineBase', 'WristLeft']"
SkeletonData\SkeletonData\RawData\216_18_0_3_2_stand.txt,216,5,1,1,0.13749735057353973,0.8625026941299438,0.8625026941299438,"['SpineShoulder', 'SpineBase', 'WristLeft']"
SkeletonData\SkeletonData\RawData\216_18_0_4_2_stand.txt,216,5,1,1,0.0968485027551651,0.9031514525413513,0.9031514525413513,"['SpineShoulder', 'SpineBase', 'WristLeft']"
SkeletonData\SkeletonData\RawData\216_18_0_5_2_stand.txt,216,5,1,1,0.07511022686958313,0.9248898029327393,0.9248898029327393,"['SpineShoulder', 'SpineBase', 'WristLeft']"
SkeletonData\SkeletonData\RawData\216_18_0_6_2_stand.txt,216,5,1,1,0.10238850861787796,0.8976114392280579,0.8976114392280579,"['SpineShoulder', 'SpineBase', 'WristLeft']"
SkeletonData\SkeletonData\RawData\216_18_1_1_1_stand.txt,216,5,0,0,0.9561402797698975,0.04385974258184433,0.9561402797698975,"['SpineShoulder', 'SpineBase', 'WristRight']"
SkeletonData\SkeletonData\RawData\216_18_1_2_1_stand.txt,216,5,0,0,0.9503980875015259,0.04960194602608681,0.9503980875015259,"['SpineShoulder', 'SpineBase', 'WristRight']"
SkeletonData\SkeletonData\RawData\216_18_1_3_1_stand.txt,216,5,0,0,0.9754554033279419,0.024544592946767807,0.9754554033279419,"['SpineShoulder', 'SpineBase', 'WristRight']"
SkeletonData\SkeletonData\RawData\216_18_1_4_1_stand.txt,216,5,0,0,0.9698349833488464,0.030165068805217743,0.9698349833488464,"['SpineShoulder', 'SpineBase', 'WristRight']"
SkeletonData\SkeletonData\RawData\216_18_1_5_1_stand.txt,216,5,0,0,0.9433568120002747,0.056643202900886536,0.9433568120002747,"['SpineShoulder', 'SpineBase', 'WristRight']"
SkeletonData\SkeletonData\RawData\216_18_1_6_1_stand.txt,216,5,0,0,0.971441388130188,0.02855861932039261,0.971441388130188,"['SpineShoulder', 'SpineBase', 'WristRight']"
SkeletonData\SkeletonData\RawData\216_18_2_1_2_stand.txt,216,5,1,1,0.08168362081050873,0.9183163642883301,0.9183163642883301,"['SpineShoulder', 'SpineBase', 'WristLeft']"
SkeletonData\SkeletonData\RawData\216_18_2_2_2_stand.txt,216,5,1,1,0.06708749383687973,0.9329124689102173,0.9329124689102173,"['SpineShoulder', 'SpineBase', 'WristLeft']"
SkeletonData\SkeletonData\RawData\216_18_2_3_2_stand.txt,216,5,1,1,0.08720004558563232,0.9127999544143677,0.9127999544143677,"['SpineShoulder', 'SpineBase', 'WristLeft']"
SkeletonData\SkeletonData\RawData\216_18_2_4_2_stand.txt,216,5,1,1,0.07102515548467636,0.9289748668670654,0.9289748668670654,"['SpineShoulder', 'SpineBase', 'WristLeft']"
SkeletonData\SkeletonData\RawData\216_18_2_5_2_stand.txt,216,5,1,1,0.06587623804807663,0.9341237545013428,0.9341237545013428,"['SpineShoulder', 'SpineBase', 'WristLeft']"
SkeletonData\SkeletonData\RawData\216_18_3_1_1_stand.txt,216,5,0,0,0.9028444886207581,0.09715557098388672,0.9028444886207581,"['SpineShoulder', 'SpineBase', 'WristLeft']"
SkeletonData\SkeletonData\RawData\216_18_3_2_1_stand.txt,216,5,0,0,0.9614289402961731,0.03857099637389183,0.9614289402961731,"['SpineShoulder', 'SpineBase', 'WristRight']"
SkeletonData\SkeletonData\RawData\216_18_3_3_1_stand.txt,216,5,0,0,0.9574831128120422,0.04251691326498985,0.9574831128120422,"['SpineShoulder', 'SpineBase', 'WristRight']"
SkeletonData\SkeletonData\RawData\216_18_3_4_1_stand.txt,216,5,0,0,0.9763191342353821,0.02368089370429516,0.9763191342353821,"['SpineShoulder', 'SpineBase', 'WristRight']"
SkeletonData\SkeletonData\RawData\216_18_3_5_1_stand.txt,216,5,0,0,0.9700291156768799,0.02997089922428131,0.9700291156768799,"['SpineShoulder', 'SpineBase', 'WristLeft']"
SkeletonData\SkeletonData\RawData\216_18_3_6_1_stand.txt,216,5,0,0,0.9754845499992371,0.024515435099601746,0.9754845499992371,"['SpineShoulder', 'SpineBase', 'WristRight']"
SkeletonData\SkeletonData\RawData\216_18_4_1_2_stand.txt,216,5,1,1,0.09842371195554733,0.9015762209892273,0.9015762209892273,"['SpineShoulder', 'SpineBase', 'WristRight']"
SkeletonData\SkeletonData\RawData\216_18_4_2_2_stand.txt,216,5,1,1,0.0886177346110344,0.9113823175430298,0.9113823175430298,"['SpineShoulder', 'SpineBase', 'WristRight']"
SkeletonData\SkeletonData\RawData\216_18_4_3_2_stand.txt,216,5,1,1,0.08598615974187851,0.9140138626098633,0.9140138626098633,"['SpineShoulder', 'SpineBase', 'WristRight']"
SkeletonData\SkeletonData\RawData\216_18_4_4_2_stand.txt,216,5,1,1,0.09655606746673584,0.9034439325332642,0.9034439325332642,"['SpineShoulder', 'SpineBase', 'WristRight']"
SkeletonData\SkeletonData\RawData\216_18_4_5_2_stand.txt,216,5,1,1,0.11039907485246658,0.8896008729934692,0.8896008729934692,"['SpineShoulder', 'SpineBase', 'WristRight']"
SkeletonData\SkeletonData\RawData\216_18_4_6_2_stand.txt,216,5,1,1,0.07436364889144897,0.925636351108551,0.925636351108551,"['SpineShoulder', 'SpineBase', 'WristRight']"
SkeletonData\SkeletonData\RawData\216_18_4_7_2_stand.txt,216,5,1,1,0.06605701893568039,0.9339430332183838,0.9339430332183838,"['SpineShoulder', 'SpineBase', 'WristRight']"
SkeletonData\SkeletonData\RawData\216_18_5_1_1_stand.txt,216,5,0,1,0.21913158893585205,0.7808683514595032,0.7808683514595032,"['SpineShoulder', 'SpineBase', 'WristRight']"
SkeletonData\SkeletonData\RawData\216_18_5_2_1_stand.txt,216,5,0,0,0.9380830526351929,0.06191692128777504,0.9380830526351929,"['SpineShoulder', 'SpineBase', 'WristLeft']"
SkeletonData\SkeletonData\RawData\216_18_5_3_1_stand.txt,216,5,0,0,0.9664032459259033,0.03359675779938698,0.9664032459259033,"['SpineShoulder', 'SpineBase', 'WristRight']"
SkeletonData\SkeletonData\RawData\216_18_5_4_1_stand.txt,216,5,0,0,0.9443665742874146,0.055633485317230225,0.9443665742874146,"['SpineShoulder', 'SpineBase', 'WristRight']"
SkeletonData\SkeletonData\RawData\216_18_5_5_1_stand.txt,216,5,0,0,0.8769155144691467,0.12308446317911148,0.8769155144691467,"['SpineShoulder', 'SpineBase', 'WristRight']"
SkeletonData\SkeletonData\RawData\216_18_5_6_1_stand.txt,216,5,0,0,0.9396935105323792,0.06030650809407234,0.9396935105323792,"['SpineShoulder', 'SpineBase', 'WristRight']"
SkeletonData\SkeletonData\RawData\216_18_6_1_1_stand.txt,216,5,0,1,0.2633872330188751,0.7366127371788025,0.7366127371788025,"['SpineShoulder', 'SpineBase', 'WristLeft']"
SkeletonData\SkeletonData\RawData\216_18_6_2_1_stand.txt,216,5,0,1,0.17417222261428833,0.8258277773857117,0.8258277773857117,"['SpineShoulder', 'SpineBase', 'WristLeft']"
SkeletonData\SkeletonData\RawData\216_18_6_3_1_stand.txt,216,5,0,1,0.3558345437049866,0.6441653966903687,0.6441653966903687,"['SpineShoulder', 'SpineBase', 'WristLeft']"
SkeletonData\SkeletonData\RawData\216_18_6_4_1_stand.txt,216,5,0,1,0.3412194550037384,0.6587805151939392,0.6587805151939392,"['SpineShoulder', 'SpineBase', 'WristLeft']"
SkeletonData\SkeletonData\RawData\216_18_6_5_1_stand.txt,216,5,0,0,0.6117671132087708,0.38823291659355164,0.6117671132087708,"['SpineShoulder', 'SpineBase', 'WristLeft']"
SkeletonData\SkeletonData\RawData\216_18_6_6_1_stand.txt,216,5,0,1,0.3544542193412781,0.6455457806587219,0.6455457806587219,"['SpineShoulder', 'SpineBase', 'WristLeft']"
SkeletonData\SkeletonData\RawData\216_18_7_1_1_stand.txt,216,5,0,1,0.08694048225879669,0.9130594730377197,0.9130594730377197,"['SpineShoulder', 'SpineBase', 'WristLeft']"
SkeletonData\SkeletonData\RawData\216_18_7_2_1_stand.txt,216,5,0,1,0.08745008707046509,0.9125499129295349,0.9125499129295349,"['SpineShoulder', 'SpineBase', 'WristLeft']"
SkeletonData\SkeletonData\RawData\216_18_7_3_1_stand.txt,216,5,0,1,0.08213813602924347,0.9178619384765625,0.9178619384765625,"['SpineShoulder', 'SpineBase', 'WristLeft']"
SkeletonData\SkeletonData\RawData\216_18_7_4_1_stand.txt,216,5,0,1,0.08988499641418457,0.9101150035858154,0.9101150035858154,"['SpineShoulder', 'SpineBase', 'WristLeft']"
SkeletonData\SkeletonData\RawData\216_18_7_5_1_stand.txt,216,5,0,1,0.09204306453466415,0.9079569578170776,0.9079569578170776,"['SpineShoulder', 'SpineBase', 'WristLeft']"
SkeletonData\SkeletonData\RawData\216_18_7_6_1_stand.txt,216,5,0,1,0.12346647679805756,0.8765335083007812,0.8765335083007812,"['SpineShoulder', 'SpineBase', 'WristLeft']"
SkeletonData\SkeletonData\RawData\216_18_8_1_1_stand.txt,216,5,0,1,0.1768541783094406,0.8231458067893982,0.8231458067893982,"['SpineShoulder', 'SpineBase', 'WristLeft']"
SkeletonData\SkeletonData\RawData\216_18_8_2_1_stand.txt,216,5,0,1,0.18862764537334442,0.8113723993301392,0.8113723993301392,"['SpineShoulder', 'SpineBase', 'WristLeft']"
SkeletonData\SkeletonData\RawData\216_18_8_3_1_stand.txt,216,5,0,1,0.1948089897632599,0.8051910400390625,0.8051910400390625,"['SpineShoulder', 'SpineBase', 'WristLeft']"
SkeletonData\SkeletonData\RawData\216_18_8_4_1_stand.txt,216,5,0,1,0.2078833281993866,0.792116641998291,0.792116641998291,"['SpineShoulder', 'SpineBase', 'WristLeft']"
SkeletonData\SkeletonData\RawData\216_18_8_5_1_stand.txt,216,5,0,1,0.19224578142166138,0.8077541589736938,0.8077541589736938,"['SpineShoulder', 'SpineBase', 'WristLeft']"
SkeletonData\SkeletonData\RawData\216_18_8_6_1_stand.txt,216,5,0,1,0.19432727992534637,0.8056727051734924,0.8056727051734924,"['SpineShoulder', 'SpineBase', 'WristLeft']"
SkeletonData\SkeletonData\RawData\217_18_0_1_1_wheelchair.txt,217,1,0,0,0.6207093596458435,0.37929055094718933,0.6207093596458435,"['SpineShoulder', 'SpineBase', 'WristLeft']"
SkeletonData\SkeletonData\RawData\217_18_0_2_2_wheelchair.txt,217,1,1,1,0.22181878983974457,0.7781811952590942,0.7781811952590942,"['SpineShoulder', 'SpineBase', 'WristRight']"
SkeletonData\SkeletonData\RawData\217_18_0_3_1_wheelchair.txt,217,3,0,0,0.7849602699279785,0.21503980457782745,0.7849602699279785,"['SpineShoulder', 'SpineBase', 'WristLeft']"
SkeletonData\SkeletonData\RawData\217_18_0_4_1_wheelchair.txt,217,3,0,0,0.525901198387146,0.4740988314151764,0.525901198387146,"['SpineShoulder', 'SpineBase', 'WristRight']"
SkeletonData\SkeletonData\RawData\217_18_0_5_1_wheelchair.txt,217,3,0,0,0.6730552315711975,0.3269447684288025,0.6730552315711975,"['SpineShoulder', 'SpineBase', 'WristLeft']"
SkeletonData\SkeletonData\RawData\217_18_0_6_1_wheelchair.txt,217,3,0,0,0.7607741355895996,0.23922587931156158,0.7607741355895996,"['SpineShoulder', 'SpineBase', 'WristRight']"
SkeletonData\SkeletonData\RawData\217_18_0_7_1_wheelchair.txt,217,3,0,0,0.6920146942138672,0.3079853355884552,0.6920146942138672,"['SpineShoulder', 'SpineBase', 'WristRight']"
SkeletonData\SkeletonData\RawData\217_18_0_8_1_wheelchair.txt,217,3,0,1,0.4581255316734314,0.5418745279312134,0.5418745279312134,"['SpineShoulder', 'SpineBase', 'WristRight']"
SkeletonData\SkeletonData\RawData\217_18_0_9_2_wheelchair.txt,217,1,1,1,0.19060316681861877,0.8093968033790588,0.8093968033790588,"['SpineShoulder', 'SpineBase', 'WristRight']"
SkeletonData\SkeletonData\RawData\217_18_1_1_1_wheelchair.txt,217,1,0,1,0.23677287995815277,0.763227105140686,0.763227105140686,"['SpineShoulder', 'SpineBase', 'WristRight']"
SkeletonData\SkeletonData\RawData\217_18_1_2_1_wheelchair.txt,217,3,0,0,0.8846383690834045,0.11536169797182083,0.8846383690834045,"['SpineShoulder', 'SpineBase', 'WristRight']"
SkeletonData\SkeletonData\RawData\217_18_1_3_1_wheelchair.txt,217,3,0,0,0.8902768492698669,0.10972317308187485,0.8902768492698669,"['SpineShoulder', 'SpineBase', 'WristRight']"
SkeletonData\SkeletonData\RawData\217_18_1_4_2_wheelchair.txt,217,3,1,1,0.3519492447376251,0.6480507254600525,0.6480507254600525,"['SpineShoulder', 'SpineBase', 'WristRight']"
SkeletonData\SkeletonData\RawData\217_18_1_5_2_wheelchair.txt,217,3,1,1,0.33489999175071716,0.6650999784469604,0.6650999784469604,"['SpineShoulder', 'SpineBase', 'WristRight']"
SkeletonData\SkeletonData\RawData\217_18_1_6_2_wheelchair.txt,217,3,1,1,0.3241587281227112,0.6758412718772888,0.6758412718772888,"['SpineShoulder', 'SpineBase', 'WristRight']"
SkeletonData\SkeletonData\RawData\217_18_1_7_2_wheelchair.txt,217,3,1,1,0.31486445665359497,0.685135543346405,0.685135543346405,"['SpineShoulder', 'SpineBase', 'WristRight']"
SkeletonData\SkeletonData\RawData\217_18_1_8_2_wheelchair.txt,217,3,1,1,0.26301494240760803,0.7369850873947144,0.7369850873947144,"['SpineShoulder', 'SpineBase', 'WristRight']"
SkeletonData\SkeletonData\RawData\217_18_2_1_1_wheelchair.txt,217,3,0,0,0.752729594707489,0.24727042019367218,0.752729594707489,"['SpineShoulder', 'SpineBase', 'WristRight']"
SkeletonData\SkeletonData\RawData\217_18_2_2_1_wheelchair.txt,217,3,0,0,0.7710248231887817,0.22897520661354065,0.7710248231887817,"['SpineShoulder', 'SpineBase', 'WristRight']"
SkeletonData\SkeletonData\RawData\217_18_2_3_1_wheelchair.txt,217,3,0,0,0.7664511203765869,0.2335488647222519,0.7664511203765869,"['SpineShoulder', 'SpineBase', 'WristRight']"
SkeletonData\SkeletonData\RawData\217_18_2_4_1_wheelchair.txt,217,3,0,0,0.8055750727653503,0.19442494213581085,0.8055750727653503,"['SpineShoulder', 'SpineBase', 'WristRight']"
SkeletonData\SkeletonData\RawData\217_18_2_5_1_wheelchair.txt,217,3,0,0,0.8091534376144409,0.1908465325832367,0.8091534376144409,"['SpineShoulder', 'SpineBase', 'WristRight']"
SkeletonData\SkeletonData\RawData\217_18_2_6_1_wheelchair.txt,217,3,0,0,0.8040338158607483,0.19596612453460693,0.8040338158607483,"['SpineShoulder', 'SpineBase', 'WristRight']"
SkeletonData\SkeletonData\RawData\217_18_3_1_2_wheelchair.txt,217,1,1,1,0.09578306972980499,0.9042169451713562,0.9042169451713562,"['SpineShoulder', 'SpineBase', 'WristRight']"
SkeletonData\SkeletonData\RawData\217_18_3_2_1_wheelchair.txt,217,3,0,0,0.958597719669342,0.04140227660536766,0.958597719669342,"['SpineShoulder', 'SpineBase', 'WristRight']"
SkeletonData\SkeletonData\RawData\217_18_3_3_1_wheelchair.txt,217,3,0,0,0.969941258430481,0.030058713629841805,0.969941258430481,"['SpineShoulder', 'SpineBase', 'WristRight']"
SkeletonData\SkeletonData\RawData\217_18_3_4_1_wheelchair.txt,217,3,0,0,0.9555497765541077,0.04445018246769905,0.9555497765541077,"['SpineShoulder', 'SpineBase', 'WristRight']"
SkeletonData\SkeletonData\RawData\217_18_3_5_1_wheelchair.txt,217,3,0,0,0.9633498787879944,0.03665008395910263,0.9633498787879944,"['SpineShoulder', 'SpineBase', 'WristRight']"
SkeletonData\SkeletonData\RawData\217_18_3_6_1_wheelchair.txt,217,3,0,0,0.9727654457092285,0.0272345170378685,0.9727654457092285,"['SpineShoulder', 'SpineBase', 'WristLeft']"
SkeletonData\SkeletonData\RawData\217_18_3_7_1_wheelchair.txt,217,3,0,0,0.9750403165817261,0.024959689006209373,0.9750403165817261,"['SpineShoulder', 'SpineBase', 'WristLeft']"
SkeletonData\SkeletonData\RawData\217_18_4_1_1_wheelchair.txt,217,3,0,1,0.32592475414276123,0.6740752458572388,0.6740752458572388,"['SpineShoulder', 'SpineBase', 'WristRight']"
SkeletonData\SkeletonData\RawData\217_18_4_2_1_wheelchair.txt,217,3,0,1,0.4083994925022125,0.5916004180908203,0.5916004180908203,"['SpineShoulder', 'SpineBase', 'WristRight']"
SkeletonData\SkeletonData\RawData\217_18_4_3_1_wheelchair.txt,217,3,0,1,0.4029821455478668,0.5970178842544556,0.5970178842544556,"['SpineShoulder', 'SpineBase', 'WristRight']"
SkeletonData\SkeletonData\RawData\217_18_4_4_1_wheelchair.txt,217,3,0,0,0.5198929309844971,0.48010697960853577,0.5198929309844971,"['SpineShoulder', 'SpineBase', 'WristRight']"
SkeletonData\SkeletonData\RawData\217_18_4_5_1_wheelchair.txt,217,3,0,0,0.5607205033302307,0.4392794966697693,0.5607205033302307,"['SpineShoulder', 'SpineBase', 'WristRight']"
SkeletonData\SkeletonData\RawData\217_18_4_6_1_wheelchair.txt,217,3,0,0,0.5608450174331665,0.4391549527645111,0.5608450174331665,"['SpineShoulder', 'SpineBase', 'WristRight']"
SkeletonData\SkeletonData\RawData\217_18_5_1_1_wheelchair.txt,217,3,0,0,0.8651479482650757,0.13485199213027954,0.8651479482650757,"['SpineShoulder', 'SpineBase', 'WristRight']"
SkeletonData\SkeletonData\RawData\217_18_5_2_1_wheelchair.txt,217,3,0,0,0.831714391708374,0.16828566789627075,0.831714391708374,"['SpineShoulder', 'SpineBase', 'WristRight']"
SkeletonData\SkeletonData\RawData\217_18_5_3_1_wheelchair.txt,217,3,0,0,0.8349948525428772,0.1650051474571228,0.8349948525428772,"['SpineShoulder', 'SpineBase', 'WristRight']"
SkeletonData\SkeletonData\RawData\217_18_5_4_1_wheelchair.txt,217,3,0,0,0.8954943418502808,0.10450562834739685,0.8954943418502808,"['SpineShoulder', 'SpineBase', 'WristRight']"
SkeletonData\SkeletonData\RawData\217_18_5_5_1_wheelchair.txt,217,3,0,0,0.8303661346435547,0.1696338951587677,0.8303661346435547,"['SpineShoulder', 'SpineBase', 'WristRight']"
SkeletonData\SkeletonData\RawData\217_18_5_6_1_wheelchair.txt,217,3,0,0,0.860105574131012,0.13989442586898804,0.860105574131012,"['SpineShoulder', 'SpineBase', 'WristRight']"
SkeletonData\SkeletonData\RawData\217_18_6_1_1_wheelchair.txt,217,3,0,0,0.5752267837524414,0.4247732162475586,0.5752267837524414,"['SpineShoulder', 'SpineBase', 'WristLeft']"
SkeletonData\SkeletonData\RawData\217_18_6_2_1_wheelchair.txt,217,3,0,0,0.8839827179908752,0.11601728945970535,0.8839827179908752,"['SpineShoulder', 'SpineBase', 'WristLeft']"
SkeletonData\SkeletonData\RawData\217_18_6_3_1_wheelchair.txt,217,3,0,0,0.9307898879051208,0.06921005249023438,0.9307898879051208,"['SpineShoulder', 'SpineBase', 'WristLeft']"
SkeletonData\SkeletonData\RawData\217_18_6_4_1_wheelchair.txt,217,3,0,0,0.9789108037948608,0.02108922228217125,0.9789108037948608,"['SpineShoulder', 'SpineBase', 'WristLeft']"
SkeletonData\SkeletonData\RawData\217_18_6_5_1_wheelchair.txt,217,3,0,0,0.9783633947372437,0.021636631339788437,0.9783633947372437,"['SpineShoulder', 'SpineBase', 'WristLeft']"
SkeletonData\SkeletonData\RawData\217_18_6_6_1_wheelchair.txt,217,3,0,0,0.9767708778381348,0.023229150101542473,0.9767708778381348,"['SpineShoulder', 'SpineBase', 'WristLeft']"
SkeletonData\SkeletonData\RawData\217_18_7_1_1_wheelchair.txt,217,3,0,0,0.6338872909545898,0.36611267924308777,0.6338872909545898,"['SpineShoulder', 'SpineBase', 'WristRight']"
SkeletonData\SkeletonData\RawData\217_18_7_2_1_wheelchair.txt,217,3,0,1,0.32590916752815247,0.6740907430648804,0.6740907430648804,"['SpineShoulder', 'SpineBase', 'WristRight']"
SkeletonData\SkeletonData\RawData\217_18_7_3_1_wheelchair.txt,217,3,0,0,0.6919705867767334,0.3080294132232666,0.6919705867767334,"['SpineShoulder', 'SpineBase', 'WristRight']"
SkeletonData\SkeletonData\RawData\217_18_7_4_1_wheelchair.txt,217,3,0,1,0.4703691005706787,0.5296308994293213,0.5296308994293213,"['SpineShoulder', 'SpineBase', 'WristRight']"
SkeletonData\SkeletonData\RawData\217_18_7_5_1_wheelchair.txt,217,3,0,0,0.6869107484817505,0.3130892515182495,0.6869107484817505,"['SpineShoulder', 'SpineBase', 'WristRight']"
SkeletonData\SkeletonData\RawData\217_18_7_6_1_wheelchair.txt,217,3,0,0,0.6366460919380188,0.3633539080619812,0.6366460919380188,"['SpineShoulder', 'SpineBase', 'WristRight']"
SkeletonData\SkeletonData\RawData\217_18_7_7_2_wheelchair.txt,217,3,1,0,0.662057638168335,0.33794236183166504,0.662057638168335,"['SpineShoulder', 'SpineBase', 'WristLeft']"
SkeletonData\SkeletonData\RawData\217_18_8_1_1_wheelchair.txt,217,3,0,1,0.49035587906837463,0.5096441507339478,0.5096441507339478,"['SpineShoulder', 'SpineBase', 'WristRight']"
SkeletonData\SkeletonData\RawData\217_18_8_2_1_wheelchair.txt,217,3,0,1,0.3981377184391022,0.6018623113632202,0.6018623113632202,"['SpineShoulder', 'SpineBase', 'WristRight']"
SkeletonData\SkeletonData\RawData\217_18_8_3_1_wheelchair.txt,217,3,0,0,0.5808263421058655,0.4191736876964569,0.5808263421058655,"['SpineShoulder', 'SpineBase', 'WristRight']"
SkeletonData\SkeletonData\RawData\217_18_8_4_1_wheelchair.txt,217,3,0,1,0.36638396978378296,0.6336160898208618,0.6336160898208618,"['SpineShoulder', 'SpineBase', 'WristRight']"
SkeletonData\SkeletonData\RawData\217_18_8_5_1_wheelchair.txt,217,3,0,0,0.559706449508667,0.440293550491333,0.559706449508667,"['SpineShoulder', 'SpineBase', 'WristRight']"
SkeletonData\SkeletonData\RawData\217_18_8_6_1_wheelchair.txt,217,3,0,0,0.5653764009475708,0.434623658657074,0.5653764009475708,"['SpineShoulder', 'SpineBase', 'WristRight']"
SkeletonData\SkeletonData\RawData\301_18_0_10_1_stand.txt,301,5,0,0,0.9421854615211487,0.05781451612710953,0.9421854615211487,"['SpineShoulder', 'SpineBase', 'WristLeft']"
SkeletonData\SkeletonData\RawData\301_18_0_11_1_stand.txt,301,5,0,0,0.9159365892410278,0.08406338840723038,0.9159365892410278,"['SpineShoulder', 'SpineBase', 'WristLeft']"
SkeletonData\SkeletonData\RawData\301_18_0_12_1_stand.txt,301,5,0,0,0.9453793168067932,0.0546206459403038,0.9453793168067932,"['SpineShoulder', 'SpineBase', 'WristLeft']"
SkeletonData\SkeletonData\RawData\301_18_0_1_1_chair.txt,301,5,0,1,0.4029960632324219,0.5970039367675781,0.5970039367675781,"['SpineShoulder', 'SpineBase', 'WristRight']"
SkeletonData\SkeletonData\RawData\301_18_0_2_1_chair.txt,301,5,0,0,0.7730400562286377,0.2269599437713623,0.7730400562286377,"['SpineShoulder', 'SpineBase', 'WristRight']"
SkeletonData\SkeletonData\RawData\301_18_0_3_1_chair.txt,301,5,0,0,0.7219544053077698,0.2780455946922302,0.7219544053077698,"['SpineShoulder', 'SpineBase', 'WristRight']"
SkeletonData\SkeletonData\RawData\301_18_0_4_1_chair.txt,301,5,0,0,0.8017606735229492,0.19823934137821198,0.8017606735229492,"['SpineShoulder', 'SpineBase', 'WristRight']"
SkeletonData\SkeletonData\RawData\301_18_0_5_1_chair.txt,301,5,0,0,0.7392725348472595,0.26072749495506287,0.7392725348472595,"['SpineShoulder', 'SpineBase', 'WristRight']"
SkeletonData\SkeletonData\RawData\301_18_0_6_1_chair.txt,301,5,0,0,0.7406132817268372,0.25938668847084045,0.7406132817268372,"['SpineShoulder', 'SpineBase', 'WristRight']"
SkeletonData\SkeletonData\RawData\301_18_0_7_1_stand.txt,301,5,0,0,0.7341856956481934,0.26581433415412903,0.7341856956481934,"['SpineShoulder', 'SpineBase', 'WristLeft']"
SkeletonData\SkeletonData\RawData\301_18_0_8_1_stand.txt,301,5,0,0,0.9568299055099487,0.04317007586359978,0.9568299055099487,"['SpineShoulder', 'SpineBase', 'WristLeft']"
SkeletonData\SkeletonData\RawData\301_18_0_9_1_stand.txt,301,5,0,0,0.9732866883277893,0.02671336755156517,0.9732866883277893,"['SpineShoulder', 'SpineBase', 'WristLeft']"
SkeletonData\SkeletonData\RawData\301_18_1_10_1_stand.txt,301,5,0,0,0.9714958071708679,0.0285041481256485,0.9714958071708679,"['SpineShoulder', 'SpineBase', 'WristRight']"
SkeletonData\SkeletonData\RawData\301_18_1_11_1_stand.txt,301,5,0,0,0.9766205549240112,0.023379506543278694,0.9766205549240112,"['SpineShoulder', 'SpineBase', 'WristRight']"
SkeletonData\SkeletonData\RawData\301_18_1_12_1_stand.txt,301,5,0,0,0.9516717791557312,0.04832819476723671,0.9516717791557312,"['SpineShoulder', 'SpineBase', 'WristRight']"
SkeletonData\SkeletonData\RawData\301_18_1_1_1_chair.txt,301,5,0,0,0.7341610789299011,0.26583895087242126,0.7341610789299011,"['SpineShoulder', 'SpineBase', 'WristRight']"
SkeletonData\SkeletonData\RawData\301_18_1_2_1_chair.txt,301,5,0,0,0.943210780620575,0.05678921192884445,0.943210780620575,"['SpineShoulder', 'SpineBase', 'WristRight']"
SkeletonData\SkeletonData\RawData\301_18_1_3_1_chair.txt,301,5,0,0,0.9073863625526428,0.09261366724967957,0.9073863625526428,"['SpineShoulder', 'SpineBase', 'WristRight']"
SkeletonData\SkeletonData\RawData\301_18_1_4_1_chair.txt,301,5,0,0,0.875329852104187,0.1246701180934906,0.875329852104187,"['SpineShoulder', 'SpineBase', 'WristRight']"
SkeletonData\SkeletonData\RawData\301_18_1_5_1_chair.txt,301,5,0,0,0.9259185194969177,0.07408145815134048,0.9259185194969177,"['SpineShoulder', 'SpineBase', 'WristRight']"
SkeletonData\SkeletonData\RawData\301_18_1_6_1_chair.txt,301,5,0,0,0.9443321228027344,0.055667899549007416,0.9443321228027344,"['SpineShoulder', 'SpineBase', 'WristRight']"
SkeletonData\SkeletonData\RawData\301_18_1_7_1_stand.txt,301,5,0,0,0.985783576965332,0.014216437004506588,0.985783576965332,"['SpineShoulder', 'SpineBase', 'WristRight']"
SkeletonData\SkeletonData\RawData\301_18_1_8_1_stand.txt,301,5,0,0,0.9581277966499329,0.04187225550413132,0.9581277966499329,"['SpineShoulder', 'SpineBase', 'WristRight']"
SkeletonData\SkeletonData\RawData\301_18_1_9_1_stand.txt,301,5,0,0,0.9842181205749512,0.01578192412853241,0.9842181205749512,"['SpineShoulder', 'SpineBase', 'WristRight']"
SkeletonData\SkeletonData\RawData\301_18_2_10_1_stand.txt,301,5,0,0,0.9853890538215637,0.014610924758017063,0.9853890538215637,"['SpineShoulder', 'SpineBase', 'WristLeft']"
SkeletonData\SkeletonData\RawData\301_18_2_11_1_stand.txt,301,5,0,0,0.9872515201568604,0.012748440727591515,0.9872515201568604,"['SpineShoulder', 'SpineBase', 'WristLeft']"
SkeletonData\SkeletonData\RawData\301_18_2_12_1_stand.txt,301,5,0,0,0.9765934944152832,0.023406555876135826,0.9765934944152832,"['SpineShoulder', 'SpineBase', 'WristLeft']"
SkeletonData\SkeletonData\RawData\301_18_2_1_1_chair.txt,301,5,0,0,0.9350491166114807,0.06495089083909988,0.9350491166114807,"['SpineShoulder', 'SpineBase', 'WristRight']"
SkeletonData\SkeletonData\RawData\301_18_2_2_1_chair.txt,301,5,0,0,0.9686107635498047,0.031389277428388596,0.9686107635498047,"['SpineShoulder', 'SpineBase', 'WristRight']"
SkeletonData\SkeletonData\RawData\301_18_2_3_1_chair.txt,301,5,0,0,0.9612607359886169,0.03873931244015694,0.9612607359886169,"['SpineShoulder', 'SpineBase', 'WristRight']"
SkeletonData\SkeletonData\RawData\301_18_2_4_1_chair.txt,301,5,0,0,0.9515649080276489,0.048435091972351074,0.9515649080276489,"['SpineShoulder', 'SpineBase', 'WristRight']"
SkeletonData\SkeletonData\RawData\301_18_2_5_1_chair.txt,301,5,0,0,0.9115854501724243,0.08841457962989807,0.9115854501724243,"['SpineShoulder', 'SpineBase', 'WristRight']"
SkeletonData\SkeletonData\RawData\301_18_2_6_1_chair.txt,301,5,0,0,0.9210690855979919,0.07893097400665283,0.9210690855979919,"['SpineShoulder', 'SpineBase', 'WristRight']"
SkeletonData\SkeletonData\RawData\301_18_2_7_1_stand.txt,301,5,0,0,0.9880083799362183,0.01199165266007185,0.9880083799362183,"['SpineShoulder', 'SpineBase', 'WristLeft']"
SkeletonData\SkeletonData\RawData\301_18_2_8_1_stand.txt,301,5,0,0,0.979780912399292,0.0202191062271595,0.979780912399292,"['SpineShoulder', 'SpineBase', 'WristLeft']"
SkeletonData\SkeletonData\RawData\301_18_2_9_1_stand.txt,301,5,0,0,0.9732335209846497,0.02676653116941452,0.9732335209846497,"['SpineShoulder', 'SpineBase', 'WristLeft']"
SkeletonData\SkeletonData\RawData\301_18_3_10_1_stand.txt,301,5,0,0,0.9845351576805115,0.015464807860553265,0.9845351576805115,"['SpineShoulder', 'SpineBase', 'WristLeft']"
SkeletonData\SkeletonData\RawData\301_18_3_11_1_stand.txt,301,5,0,0,0.9865560531616211,0.01344398781657219,0.9865560531616211,"['SpineShoulder', 'SpineBase', 'WristLeft']"
SkeletonData\SkeletonData\RawData\301_18_3_12_1_stand.txt,301,5,0,0,0.9895254373550415,0.010474595241248608,0.9895254373550415,"['SpineShoulder', 'SpineBase', 'WristLeft']"
SkeletonData\SkeletonData\RawData\301_18_3_1_1_chair.txt,301,5,0,0,0.9629868268966675,0.03701314330101013,0.9629868268966675,"['SpineShoulder', 'SpineBase', 'WristRight']"
SkeletonData\SkeletonData\RawData\301_18_3_2_1_chair.txt,301,5,0,0,0.9720433950424194,0.027956562116742134,0.9720433950424194,"['SpineShoulder', 'SpineBase', 'WristRight']"
SkeletonData\SkeletonData\RawData\301_18_3_3_1_chair.txt,301,5,0,0,0.9755135774612427,0.02448638342320919,0.9755135774612427,"['SpineShoulder', 'SpineBase', 'WristRight']"
SkeletonData\SkeletonData\RawData\301_18_3_4_1_chair.txt,301,5,0,0,0.9816286563873291,0.01837136596441269,0.9816286563873291,"['SpineShoulder', 'SpineBase', 'WristRight']"
SkeletonData\SkeletonData\RawData\301_18_3_5_1_chair.txt,301,5,0,0,0.9689467549324036,0.031053218990564346,0.9689467549324036,"['SpineShoulder', 'SpineBase', 'WristRight']"
SkeletonData\SkeletonData\RawData\301_18_3_6_1_chair.txt,301,5,0,0,0.9793682098388672,0.020631831139326096,0.9793682098388672,"['SpineShoulder', 'SpineBase', 'WristRight']"
SkeletonData\SkeletonData\RawData\301_18_3_7_1_stand.txt,301,5,0,0,0.9875942468643188,0.012405737303197384,0.9875942468643188,"['SpineShoulder', 'SpineBase', 'WristLeft']"
SkeletonData\SkeletonData\RawData\301_18_3_8_1_stand.txt,301,5,0,0,0.9877635836601257,0.012236450798809528,0.9877635836601257,"['SpineShoulder', 'SpineBase', 'WristLeft']"
SkeletonData\SkeletonData\RawData\301_18_3_9_1_stand.txt,301,5,0,0,0.9856939911842346,0.01430603303015232,0.9856939911842346,"['SpineShoulder', 'SpineBase', 'WristLeft']"
SkeletonData\SkeletonData\RawData\301_18_4_10_1_stand.txt,301,5,0,0,0.9846721291542053,0.015327895060181618,0.9846721291542053,"['SpineShoulder', 'SpineBase', 'WristRight']"
SkeletonData\SkeletonData\RawData\301_18_4_11_1_stand.txt,301,5,0,0,0.9856312274932861,0.01436880324035883,0.9856312274932861,"['SpineShoulder', 'SpineBase', 'WristRight']"
SkeletonData\SkeletonData\RawData\301_18_4_12_1_stand.txt,301,5,0,0,0.9865860939025879,0.013413883745670319,0.9865860939025879,"['SpineShoulder', 'SpineBase', 'WristRight']"
SkeletonData\SkeletonData\RawData\301_18_4_1_1_chair.txt,301,5,0,0,0.7308071851730347,0.26919281482696533,0.7308071851730347,"['SpineShoulder', 'SpineBase', 'WristRight']"
SkeletonData\SkeletonData\RawData\301_18_4_2_1_chair.txt,301,5,0,0,0.7364852428436279,0.26351481676101685,0.7364852428436279,"['SpineShoulder', 'SpineBase', 'WristRight']"
SkeletonData\SkeletonData\RawData\301_18_4_3_1_chair.txt,301,5,0,0,0.8612800240516663,0.13871999084949493,0.8612800240516663,"['SpineShoulder', 'SpineBase', 'WristRight']"
SkeletonData\SkeletonData\RawData\301_18_4_4_1_chair.txt,301,5,0,0,0.7360014319419861,0.26399853825569153,0.7360014319419861,"['SpineShoulder', 'SpineBase', 'WristRight']"
SkeletonData\SkeletonData\RawData\301_18_4_5_1_chair.txt,301,5,0,0,0.8993596434593201,0.10064039379358292,0.8993596434593201,"['SpineShoulder', 'SpineBase', 'WristRight']"
SkeletonData\SkeletonData\RawData\301_18_4_6_1_chair.txt,301,5,0,0,0.8555830121040344,0.14441704750061035,0.8555830121040344,"['SpineShoulder', 'SpineBase', 'WristRight']"
SkeletonData\SkeletonData\RawData\301_18_4_7_1_stand.txt,301,5,0,0,0.956404447555542,0.04359558969736099,0.956404447555542,"['SpineShoulder', 'SpineBase', 'WristRight']"
SkeletonData\SkeletonData\RawData\301_18_4_8_1_stand.txt,301,5,0,0,0.993607759475708,0.00639229966327548,0.993607759475708,"['SpineShoulder', 'SpineBase', 'WristRight']"
SkeletonData\SkeletonData\RawData\301_18_4_9_1_stand.txt,301,5,0,0,0.9832558631896973,0.01674417033791542,0.9832558631896973,"['SpineShoulder', 'SpineBase', 'WristRight']"
SkeletonData\SkeletonData\RawData\301_18_5_10_1_stand.txt,301,5,0,0,0.9893442392349243,0.010655809193849564,0.9893442392349243,"['SpineShoulder', 'SpineBase', 'WristLeft']"
SkeletonData\SkeletonData\RawData\301_18_5_11_1_stand.txt,301,5,0,0,0.9840618968009949,0.015938101336359978,0.9840618968009949,"['SpineShoulder', 'SpineBase', 'WristLeft']"
SkeletonData\SkeletonData\RawData\301_18_5_12_1_stand.txt,301,5,0,0,0.9887461066246033,0.011253846809267998,0.9887461066246033,"['SpineShoulder', 'SpineBase', 'WristLeft']"
SkeletonData\SkeletonData\RawData\301_18_5_1_1_chair.txt,301,5,0,0,0.9626465439796448,0.03735341876745224,0.9626465439796448,"['SpineShoulder', 'SpineBase', 'WristRight']"
SkeletonData\SkeletonData\RawData\301_18_5_2_1_chair.txt,301,5,0,0,0.9772909283638,0.022709088400006294,0.9772909283638,"['SpineShoulder', 'SpineBase', 'WristLeft']"
SkeletonData\SkeletonData\RawData\301_18_5_3_1_chair.txt,301,5,0,0,0.9727604985237122,0.027239443734288216,0.9727604985237122,"['SpineShoulder', 'SpineBase', 'WristLeft']"
SkeletonData\SkeletonData\RawData\301_18_5_4_1_chair.txt,301,5,0,0,0.9749777317047119,0.025022275745868683,0.9749777317047119,"['SpineShoulder', 'SpineBase', 'WristLeft']"
SkeletonData\SkeletonData\RawData\301_18_5_5_1_chair.txt,301,5,0,0,0.979434072971344,0.020565904676914215,0.979434072971344,"['SpineShoulder', 'SpineBase', 'WristLeft']"
SkeletonData\SkeletonData\RawData\301_18_5_6_1_chair.txt,301,5,0,0,0.9648506045341492,0.03514944761991501,0.9648506045341492,"['SpineShoulder', 'SpineBase', 'WristLeft']"
SkeletonData\SkeletonData\RawData\301_18_5_7_1_stand.txt,301,5,0,0,0.9887295365333557,0.011270467191934586,0.9887295365333557,"['SpineShoulder', 'SpineBase', 'WristLeft']"
SkeletonData\SkeletonData\RawData\301_18_5_8_1_stand.txt,301,5,0,0,0.9843345284461975,0.015665443614125252,0.9843345284461975,"['SpineShoulder', 'SpineBase', 'WristLeft']"
SkeletonData\SkeletonData\RawData\301_18_5_9_1_stand.txt,301,5,0,0,0.9844382405281067,0.015561716631054878,0.9844382405281067,"['SpineShoulder', 'SpineBase', 'WristLeft']"
SkeletonData\SkeletonData\RawData\301_18_6_10_1_stand.txt,301,5,0,0,0.9898329973220825,0.010167027823626995,0.9898329973220825,"['SpineShoulder', 'SpineBase', 'WristLeft']"
SkeletonData\SkeletonData\RawData\301_18_6_11_1_stand.txt,301,5,0,0,0.9939985275268555,0.006001473404467106,0.9939985275268555,"['SpineShoulder', 'SpineBase', 'WristLeft']"
SkeletonData\SkeletonData\RawData\301_18_6_12_1_stand.txt,301,5,0,0,0.9940515160560608,0.005948466248810291,0.9940515160560608,"['SpineShoulder', 'SpineBase', 'WristLeft']"
SkeletonData\SkeletonData\RawData\301_18_6_1_1_chair.txt,301,5,0,0,0.9854989051818848,0.014501127414405346,0.9854989051818848,"['SpineShoulder', 'SpineBase', 'WristLeft']"
SkeletonData\SkeletonData\RawData\301_18_6_2_1_chair.txt,301,5,0,0,0.9870556592941284,0.0129443584010005,0.9870556592941284,"['SpineShoulder', 'SpineBase', 'WristLeft']"
SkeletonData\SkeletonData\RawData\301_18_6_3_1_chair.txt,301,5,0,0,0.9861661195755005,0.013833874836564064,0.9861661195755005,"['SpineShoulder', 'SpineBase', 'WristLeft']"
SkeletonData\SkeletonData\RawData\301_18_6_4_1_chair.txt,301,5,0,0,0.9869322180747986,0.013067745603621006,0.9869322180747986,"['SpineShoulder', 'SpineBase', 'WristLeft']"
SkeletonData\SkeletonData\RawData\301_18_6_5_1_chair.txt,301,5,0,0,0.9812461733818054,0.018753813579678535,0.9812461733818054,"['SpineShoulder', 'SpineBase', 'WristLeft']"
SkeletonData\SkeletonData\RawData\301_18_6_6_1_chair.txt,301,5,0,0,0.9865407347679138,0.013459275476634502,0.9865407347679138,"['SpineShoulder', 'SpineBase', 'WristLeft']"
SkeletonData\SkeletonData\RawData\301_18_6_7_1_stand.txt,301,5,0,0,0.9929341077804565,0.007065902464091778,0.9929341077804565,"['SpineShoulder', 'SpineBase', 'WristLeft']"
SkeletonData\SkeletonData\RawData\301_18_6_8_1_stand.txt,301,5,0,0,0.9857072234153748,0.014292826876044273,0.9857072234153748,"['SpineShoulder', 'SpineBase', 'WristLeft']"
SkeletonData\SkeletonData\RawData\301_18_6_9_1_stand.txt,301,5,0,0,0.9867889285087585,0.013211092911660671,0.9867889285087585,"['SpineShoulder', 'SpineBase', 'WristLeft']"
SkeletonData\SkeletonData\RawData\301_18_7_10_1_stand.txt,301,5,0,0,0.9768033027648926,0.02319668047130108,0.9768033027648926,"['SpineShoulder', 'SpineBase', 'WristRight']"
SkeletonData\SkeletonData\RawData\301_18_7_11_1_stand.txt,301,5,0,0,0.9787917137145996,0.02120833285152912,0.9787917137145996,"['SpineShoulder', 'SpineBase', 'WristRight']"
SkeletonData\SkeletonData\RawData\301_18_7_12_1_stand.txt,301,5,0,0,0.9794960618019104,0.02050388976931572,0.9794960618019104,"['SpineShoulder', 'SpineBase', 'WristRight']"
SkeletonData\SkeletonData\RawData\301_18_7_1_1_chair.txt,301,5,0,0,0.9324138164520264,0.06758619844913483,0.9324138164520264,"['SpineShoulder', 'SpineBase', 'WristLeft']"
SkeletonData\SkeletonData\RawData\301_18_7_2_1_chair.txt,301,5,0,0,0.9213552474975586,0.07864478975534439,0.9213552474975586,"['SpineShoulder', 'SpineBase', 'WristLeft']"
SkeletonData\SkeletonData\RawData\301_18_7_3_1_chair.txt,301,5,0,0,0.7281972765922546,0.27180275321006775,0.7281972765922546,"['SpineShoulder', 'SpineBase', 'WristRight']"
SkeletonData\SkeletonData\RawData\301_18_7_4_1_chair.txt,301,5,0,0,0.9375070929527283,0.0624929741024971,0.9375070929527283,"['SpineShoulder', 'SpineBase', 'WristRight']"
SkeletonData\SkeletonData\RawData\301_18_7_5_1_chair.txt,301,5,0,0,0.9276500940322876,0.07234988361597061,0.9276500940322876,"['SpineShoulder', 'SpineBase', 'WristRight']"
SkeletonData\SkeletonData\RawData\301_18_7_6_1_chair.txt,301,5,0,0,0.9349765777587891,0.06502337753772736,0.9349765777587891,"['SpineShoulder', 'SpineBase', 'WristRight']"
SkeletonData\SkeletonData\RawData\301_18_7_7_1_stand.txt,301,5,0,0,0.9736618399620056,0.026338154450058937,0.9736618399620056,"['SpineShoulder', 'SpineBase', 'WristLeft']"
SkeletonData\SkeletonData\RawData\301_18_7_8_1_stand.txt,301,5,0,0,0.9760840535163879,0.02391596883535385,0.9760840535163879,"['SpineShoulder', 'SpineBase', 'WristLeft']"
SkeletonData\SkeletonData\RawData\301_18_7_9_1_stand.txt,301,5,0,0,0.9764806032180786,0.023519426584243774,0.9764806032180786,"['SpineShoulder', 'SpineBase', 'WristRight']"
SkeletonData\SkeletonData\RawData\301_18_8_10_1_stand.txt,301,5,0,0,0.9708380699157715,0.029161954298615456,0.9708380699157715,"['SpineShoulder', 'SpineBase', 'WristRight']"
SkeletonData\SkeletonData\RawData\301_18_8_11_1_stand.txt,301,5,0,0,0.8437933921813965,0.1562066674232483,0.8437933921813965,"['SpineShoulder', 'SpineBase', 'WristRight']"
SkeletonData\SkeletonData\RawData\301_18_8_12_1_stand.txt,301,5,0,0,0.9717872142791748,0.02821282297372818,0.9717872142791748,"['SpineShoulder', 'SpineBase', 'WristRight']"
SkeletonData\SkeletonData\RawData\301_18_8_1_1_chair.txt,301,5,0,0,0.9225650429725647,0.07743501663208008,0.9225650429725647,"['SpineShoulder', 'SpineBase', 'WristRight']"
SkeletonData\SkeletonData\RawData\301_18_8_2_1_chair.txt,301,5,0,0,0.9268086552619934,0.073191337287426,0.9268086552619934,"['SpineShoulder', 'SpineBase', 'WristRight']"
SkeletonData\SkeletonData\RawData\301_18_8_3_1_chair.txt,301,5,0,0,0.9481584429740906,0.051841579377651215,0.9481584429740906,"['SpineShoulder', 'SpineBase', 'WristRight']"
SkeletonData\SkeletonData\RawData\301_18_8_4_1_chair.txt,301,5,0,0,0.7755724787712097,0.22442752122879028,0.7755724787712097,"['SpineShoulder', 'SpineBase', 'WristRight']"
SkeletonData\SkeletonData\RawData\301_18_8_5_1_chair.txt,301,5,0,0,0.9349488615989685,0.06505108624696732,0.9349488615989685,"['SpineShoulder', 'SpineBase', 'WristRight']"
SkeletonData\SkeletonData\RawData\301_18_8_6_1_chair.txt,301,5,0,0,0.931535542011261,0.06846446543931961,0.931535542011261,"['SpineShoulder', 'SpineBase', 'WristRight']"
SkeletonData\SkeletonData\RawData\301_18_8_7_1_stand.txt,301,5,0,0,0.973915159702301,0.026084866374731064,0.973915159702301,"['SpineShoulder', 'SpineBase', 'WristRight']"
SkeletonData\SkeletonData\RawData\301_18_8_8_1_stand.txt,301,5,0,0,0.9774864912033081,0.022513512521982193,0.9774864912033081,"['SpineShoulder', 'SpineBase', 'WristRight']"
SkeletonData\SkeletonData\RawData\301_18_8_9_1_stand.txt,301,5,0,0,0.9770389199256897,0.02296113781630993,0.9770389199256897,"['SpineShoulder', 'SpineBase', 'WristRight']"
SkeletonData\SkeletonData\RawData\302_18_0_10_1_stand.txt,302,5,0,0,0.9833033680915833,0.01669665426015854,0.9833033680915833,"['SpineShoulder', 'SpineBase', 'WristLeft']"
SkeletonData\SkeletonData\RawData\302_18_0_11_1_stand.txt,302,5,0,0,0.9851692914962769,0.014830756932497025,0.9851692914962769,"['SpineShoulder', 'SpineBase', 'WristLeft']"
SkeletonData\SkeletonData\RawData\302_18_0_12_1_stand.txt,302,5,0,0,0.986828625202179,0.01317139808088541,0.986828625202179,"['SpineShoulder', 'SpineBase', 'WristLeft']"
SkeletonData\SkeletonData\RawData\302_18_0_1_1_chair.txt,302,5,0,0,0.8473132848739624,0.1526867300271988,0.8473132848739624,"['SpineShoulder', 'SpineBase', 'WristLeft']"
SkeletonData\SkeletonData\RawData\302_18_0_2_1_chair.txt,302,5,0,0,0.8320720791816711,0.16792793571949005,0.8320720791816711,"['SpineShoulder', 'SpineBase', 'WristLeft']"
SkeletonData\SkeletonData\RawData\302_18_0_3_1_chair.txt,302,5,0,0,0.8896651268005371,0.11033487319946289,0.8896651268005371,"['SpineShoulder', 'SpineBase', 'WristLeft']"
SkeletonData\SkeletonData\RawData\302_18_0_4_1_chair.txt,302,5,0,0,0.8808816075325012,0.11911844462156296,0.8808816075325012,"['SpineShoulder', 'SpineBase', 'WristLeft']"
SkeletonData\SkeletonData\RawData\302_18_0_5_1_chair.txt,302,5,0,1,0.42667919397354126,0.573320746421814,0.573320746421814,"['SpineShoulder', 'SpineBase', 'WristLeft']"
SkeletonData\SkeletonData\RawData\302_18_0_6_1_chair.txt,302,5,0,1,0.393039733171463,0.6069602966308594,0.6069602966308594,"['SpineShoulder', 'SpineBase', 'WristLeft']"
SkeletonData\SkeletonData\RawData\302_18_0_7_1_stand.txt,302,5,0,0,0.9831458330154419,0.01685425266623497,0.9831458330154419,"['SpineShoulder', 'SpineBase', 'WristLeft']"
SkeletonData\SkeletonData\RawData\302_18_0_8_1_stand.txt,302,5,0,0,0.9827720522880554,0.017227916046977043,0.9827720522880554,"['SpineShoulder', 'SpineBase', 'WristLeft']"
SkeletonData\SkeletonData\RawData\302_18_0_9_1_stand.txt,302,5,0,0,0.9786999821662903,0.02130003087222576,0.9786999821662903,"['SpineShoulder', 'SpineBase', 'WristLeft']"
SkeletonData\SkeletonData\RawData\302_18_1_10_1_stand.txt,302,5,0,0,0.9805404543876648,0.019459549337625504,0.9805404543876648,"['SpineShoulder', 'SpineBase', 'WristRight']"
SkeletonData\SkeletonData\RawData\302_18_1_11_1_stand.txt,302,5,0,0,0.9839019179344177,0.016098063439130783,0.9839019179344177,"['SpineShoulder', 'SpineBase', 'WristLeft']"
SkeletonData\SkeletonData\RawData\302_18_1_12_1_stand.txt,302,5,0,0,0.991271436214447,0.008728488348424435,0.991271436214447,"['SpineShoulder', 'SpineBase', 'WristLeft']"
SkeletonData\SkeletonData\RawData\302_18_1_13_1_stand.txt,302,5,0,0,0.9914835095405579,0.008516442030668259,0.9914835095405579,"['SpineShoulder', 'SpineBase', 'WristLeft']"
SkeletonData\SkeletonData\RawData\302_18_1_1_1_chair.txt,302,5,0,0,0.7092335820198059,0.2907663583755493,0.7092335820198059,"['SpineShoulder', 'SpineBase', 'WristRight']"
SkeletonData\SkeletonData\RawData\302_18_1_2_1_chair.txt,302,5,0,0,0.6446316242218018,0.35536837577819824,0.6446316242218018,"['SpineShoulder', 'SpineBase', 'WristRight']"
SkeletonData\SkeletonData\RawData\302_18_1_3_1_chair.txt,302,5,0,0,0.6000317931175232,0.3999682366847992,0.6000317931175232,"['SpineShoulder', 'SpineBase', 'WristRight']"
SkeletonData\SkeletonData\RawData\302_18_1_4_1_chair.txt,302,5,0,0,0.8828490972518921,0.11715087294578552,0.8828490972518921,"['SpineShoulder', 'SpineBase', 'WristRight']"
SkeletonData\SkeletonData\RawData\302_18_1_5_1_chair.txt,302,5,0,0,0.8936910629272461,0.10630897432565689,0.8936910629272461,"['SpineShoulder', 'SpineBase', 'WristRight']"
SkeletonData\SkeletonData\RawData\302_18_1_6_1_chair.txt,302,5,0,0,0.8787020444869995,0.1212979182600975,0.8787020444869995,"['SpineShoulder', 'SpineBase', 'WristRight']"
SkeletonData\SkeletonData\RawData\302_18_1_7_1_chair.txt,302,5,0,0,0.8417863249778748,0.15821367502212524,0.8417863249778748,"['SpineShoulder', 'SpineBase', 'WristRight']"
SkeletonData\SkeletonData\RawData\302_18_1_8_1_stand.txt,302,5,0,0,0.9915733933448792,0.008426637388765812,0.9915733933448792,"['SpineShoulder', 'SpineBase', 'WristLeft']"
SkeletonData\SkeletonData\RawData\302_18_1_9_1_stand.txt,302,5,0,0,0.946387529373169,0.05361243709921837,0.946387529373169,"['SpineShoulder', 'SpineBase', 'WristLeft']"
SkeletonData\SkeletonData\RawData\302_18_2_10_1_stand.txt,302,5,0,0,0.9756723046302795,0.02432764694094658,0.9756723046302795,"['SpineShoulder', 'SpineBase', 'WristRight']"
SkeletonData\SkeletonData\RawData\302_18_2_11_1_stand.txt,302,5,0,0,0.9842616319656372,0.01573840156197548,0.9842616319656372,"['SpineShoulder', 'SpineBase', 'WristRight']"
SkeletonData\SkeletonData\RawData\302_18_2_12_1_stand.txt,302,5,0,0,0.9716055393218994,0.028394412249326706,0.9716055393218994,"['SpineShoulder', 'SpineBase', 'WristRight']"
SkeletonData\SkeletonData\RawData\302_18_2_1_1_chair.txt,302,5,0,0,0.9794623255729675,0.02053765580058098,0.9794623255729675,"['SpineShoulder', 'SpineBase', 'WristRight']"
SkeletonData\SkeletonData\RawData\302_18_2_2_1_chair.txt,302,5,0,0,0.9893448948860168,0.010655125603079796,0.9893448948860168,"['SpineShoulder', 'SpineBase', 'WristRight']"
SkeletonData\SkeletonData\RawData\302_18_2_3_1_chair.txt,302,5,0,0,0.9889782071113586,0.011021859012544155,0.9889782071113586,"['SpineShoulder', 'SpineBase', 'WristRight']"
SkeletonData\SkeletonData\RawData\302_18_2_4_1_chair.txt,302,5,0,0,0.9783768653869629,0.02162315510213375,0.9783768653869629,"['SpineShoulder', 'SpineBase', 'WristRight']"
SkeletonData\SkeletonData\RawData\302_18_2_5_1_chair.txt,302,5,0,0,0.9793121814727783,0.020687762647867203,0.9793121814727783,"['SpineShoulder', 'SpineBase', 'WristRight']"
SkeletonData\SkeletonData\RawData\302_18_2_6_1_chair.txt,302,5,0,0,0.9875571727752686,0.012442772276699543,0.9875571727752686,"['SpineShoulder', 'SpineBase', 'WristRight']"
SkeletonData\SkeletonData\RawData\302_18_2_7_1_stand.txt,302,5,0,0,0.9888536930084229,0.011146320030093193,0.9888536930084229,"['SpineShoulder', 'SpineBase', 'WristRight']"
SkeletonData\SkeletonData\RawData\302_18_2_8_1_stand.txt,302,5,0,0,0.9775283932685852,0.022471565753221512,0.9775283932685852,"['SpineShoulder', 'SpineBase', 'WristRight']"
SkeletonData\SkeletonData\RawData\302_18_2_9_1_stand.txt,302,5,0,0,0.9860910773277283,0.013908837921917439,0.9860910773277283,"['SpineShoulder', 'SpineBase', 'WristRight']"
SkeletonData\SkeletonData\RawData\302_18_3_10_1_stand.txt,302,5,0,0,0.9904589653015137,0.009541001170873642,0.9904589653015137,"['SpineShoulder', 'SpineBase', 'WristLeft']"
SkeletonData\SkeletonData\RawData\302_18_3_11_1_stand.txt,302,5,0,0,0.9885511994361877,0.011448774486780167,0.9885511994361877,"['SpineShoulder', 'SpineBase', 'WristLeft']"
SkeletonData\SkeletonData\RawData\302_18_3_12_1_stand.txt,302,5,0,0,0.9919187426567078,0.008081326261162758,0.9919187426567078,"['SpineShoulder', 'SpineBase', 'WristLeft']"
SkeletonData\SkeletonData\RawData\302_18_3_1_1_chair.txt,302,5,0,0,0.9903275370597839,0.009672467596828938,0.9903275370597839,"['SpineShoulder', 'SpineBase', 'WristLeft']"
SkeletonData\SkeletonData\RawData\302_18_3_2_1_chair.txt,302,5,0,0,0.9880008101463318,0.0119992196559906,0.9880008101463318,"['SpineShoulder', 'SpineBase', 'WristLeft']"
SkeletonData\SkeletonData\RawData\302_18_3_3_1_chair.txt,302,5,0,0,0.9834260940551758,0.01657387614250183,0.9834260940551758,"['SpineShoulder', 'SpineBase', 'WristLeft']"
SkeletonData\SkeletonData\RawData\302_18_3_4_1_chair.txt,302,5,0,0,0.9858905076980591,0.014109554700553417,0.9858905076980591,"['SpineShoulder', 'SpineBase', 'WristLeft']"
SkeletonData\SkeletonData\RawData\302_18_3_5_1_chair.txt,302,5,0,0,0.9880177974700928,0.011982237920165062,0.9880177974700928,"['SpineShoulder', 'SpineBase', 'WristLeft']"
SkeletonData\SkeletonData\RawData\302_18_3_6_1_chair.txt,302,5,0,0,0.9895965456962585,0.010403462685644627,0.9895965456962585,"['SpineShoulder', 'SpineBase', 'WristLeft']"
SkeletonData\SkeletonData\RawData\302_18_3_7_1_stand.txt,302,5,0,0,0.9581639766693115,0.041835978627204895,0.9581639766693115,"['SpineShoulder', 'SpineBase', 'WristLeft']"
SkeletonData\SkeletonData\RawData\302_18_3_8_1_stand.txt,302,5,0,0,0.9900166392326355,0.00998340081423521,0.9900166392326355,"['SpineShoulder', 'SpineBase', 'WristLeft']"
SkeletonData\SkeletonData\RawData\302_18_3_9_1_stand.txt,302,5,0,0,0.9921899437904358,0.007810066919773817,0.9921899437904358,"['SpineShoulder', 'SpineBase', 'WristLeft']"
SkeletonData\SkeletonData\RawData\302_18_4_10_1_stand.txt,302,5,0,0,0.9840556383132935,0.015944361686706543,0.9840556383132935,"['SpineShoulder', 'SpineBase', 'WristRight']"
SkeletonData\SkeletonData\RawData\302_18_4_11_1_stand.txt,302,5,0,0,0.9745206236839294,0.025479357689619064,0.9745206236839294,"['SpineShoulder', 'SpineBase', 'WristRight']"
SkeletonData\SkeletonData\RawData\302_18_4_12_1_stand.txt,302,5,0,0,0.9682912230491638,0.0317087396979332,0.9682912230491638,"['SpineShoulder', 'SpineBase', 'WristRight']"
SkeletonData\SkeletonData\RawData\302_18_4_13_2_chair.txt,302,5,1,0,0.5460013747215271,0.4539985656738281,0.5460013747215271,"['SpineShoulder', 'SpineBase', 'WristRight']"
SkeletonData\SkeletonData\RawData\302_18_4_1_1_chair.txt,302,5,0,0,0.9629055857658386,0.03709437698125839,0.9629055857658386,"['SpineShoulder', 'SpineBase', 'WristLeft']"
SkeletonData\SkeletonData\RawData\302_18_4_2_1_chair.txt,302,5,0,0,0.9880933165550232,0.011906643398106098,0.9880933165550232,"['SpineShoulder', 'SpineBase', 'WristLeft']"
SkeletonData\SkeletonData\RawData\302_18_4_3_1_chair.txt,302,5,0,0,0.9845238327980042,0.015476122498512268,0.9845238327980042,"['SpineShoulder', 'SpineBase', 'WristRight']"
SkeletonData\SkeletonData\RawData\302_18_4_4_1_chair.txt,302,5,0,0,0.9804189801216125,0.01958099752664566,0.9804189801216125,"['SpineShoulder', 'SpineBase', 'WristRight']"
SkeletonData\SkeletonData\RawData\302_18_4_5_1_chair.txt,302,5,0,0,0.9841805696487427,0.015819378197193146,0.9841805696487427,"['SpineShoulder', 'SpineBase', 'WristRight']"
SkeletonData\SkeletonData\RawData\302_18_4_6_1_chair.txt,302,5,0,0,0.9875748753547668,0.012425131164491177,0.9875748753547668,"['SpineShoulder', 'SpineBase', 'WristRight']"
SkeletonData\SkeletonData\RawData\302_18_4_7_1_stand.txt,302,5,0,0,0.9841262102127075,0.01587376929819584,0.9841262102127075,"['SpineShoulder', 'SpineBase', 'WristRight']"
SkeletonData\SkeletonData\RawData\302_18_4_8_1_stand.txt,302,5,0,0,0.9872451424598694,0.012754893861711025,0.9872451424598694,"['SpineShoulder', 'SpineBase', 'WristRight']"
SkeletonData\SkeletonData\RawData\302_18_4_9_1_stand.txt,302,5,0,0,0.986729621887207,0.013270346447825432,0.986729621887207,"['SpineShoulder', 'SpineBase', 'WristRight']"
SkeletonData\SkeletonData\RawData\302_18_5_10_1_stand.txt,302,5,0,0,0.9884824156761169,0.011517596431076527,0.9884824156761169,"['SpineShoulder', 'SpineBase', 'WristLeft']"
SkeletonData\SkeletonData\RawData\302_18_5_11_1_stand.txt,302,5,0,0,0.9913143515586853,0.00868566520512104,0.9913143515586853,"['SpineShoulder', 'SpineBase', 'WristLeft']"
SkeletonData\SkeletonData\RawData\302_18_5_12_1_stand.txt,302,5,0,0,0.9913043975830078,0.008695602416992188,0.9913043975830078,"['SpineShoulder', 'SpineBase', 'WristLeft']"
SkeletonData\SkeletonData\RawData\302_18_5_1_1_chair.txt,302,5,0,0,0.9910508394241333,0.008949154987931252,0.9910508394241333,"['SpineShoulder', 'SpineBase', 'WristLeft']"
SkeletonData\SkeletonData\RawData\302_18_5_2_1_chair.txt,302,5,0,0,0.9908497333526611,0.00915032159537077,0.9908497333526611,"['SpineShoulder', 'SpineBase', 'WristLeft']"
SkeletonData\SkeletonData\RawData\302_18_5_3_1_chair.txt,302,5,0,0,0.9878078103065491,0.01219218596816063,0.9878078103065491,"['SpineShoulder', 'SpineBase', 'WristLeft']"
SkeletonData\SkeletonData\RawData\302_18_5_4_1_chair.txt,302,5,0,0,0.9843703508377075,0.015629660338163376,0.9843703508377075,"['SpineShoulder', 'SpineBase', 'WristLeft']"
SkeletonData\SkeletonData\RawData\302_18_5_5_1_chair.txt,302,5,0,0,0.9903994202613831,0.009600534103810787,0.9903994202613831,"['SpineShoulder', 'SpineBase', 'WristLeft']"
SkeletonData\SkeletonData\RawData\302_18_5_6_1_chair.txt,302,5,0,0,0.9868651032447815,0.013134918175637722,0.9868651032447815,"['SpineShoulder', 'SpineBase', 'WristLeft']"
SkeletonData\SkeletonData\RawData\302_18_5_7_1_stand.txt,302,5,0,0,0.983081042766571,0.016918933019042015,0.983081042766571,"['SpineShoulder', 'SpineBase', 'WristLeft']"
SkeletonData\SkeletonData\RawData\302_18_5_8_1_stand.txt,302,5,0,0,0.9894616007804871,0.01053838524967432,0.9894616007804871,"['SpineShoulder', 'SpineBase', 'WristLeft']"
SkeletonData\SkeletonData\RawData\302_18_5_9_1_stand.txt,302,5,0,0,0.9907422661781311,0.009257765486836433,0.9907422661781311,"['SpineShoulder', 'SpineBase', 'WristLeft']"
SkeletonData\SkeletonData\RawData\302_18_6_10_1_stand.txt,302,5,0,0,0.9783328175544739,0.02166714332997799,0.9783328175544739,"['SpineShoulder', 'SpineBase', 'WristLeft']"
SkeletonData\SkeletonData\RawData\302_18_6_11_1_stand.txt,302,5,0,0,0.9848896861076355,0.01511031948029995,0.9848896861076355,"['SpineShoulder', 'SpineBase', 'WristLeft']"
SkeletonData\SkeletonData\RawData\302_18_6_12_1_stand.txt,302,5,0,0,0.9821588397026062,0.017841115593910217,0.9821588397026062,"['SpineShoulder', 'SpineBase', 'WristLeft']"
SkeletonData\SkeletonData\RawData\302_18_6_1_1_chair.txt,302,5,0,0,0.9919958114624023,0.008004209026694298,0.9919958114624023,"['SpineShoulder', 'SpineBase', 'WristLeft']"
SkeletonData\SkeletonData\RawData\302_18_6_2_1_chair.txt,302,5,0,0,0.9879772067070007,0.012022871524095535,0.9879772067070007,"['SpineShoulder', 'SpineBase', 'WristLeft']"
SkeletonData\SkeletonData\RawData\302_18_6_3_1_chair.txt,302,5,0,0,0.9859843850135803,0.01401558704674244,0.9859843850135803,"['SpineShoulder', 'SpineBase', 'WristLeft']"
SkeletonData\SkeletonData\RawData\302_18_6_4_1_chair.txt,302,5,0,0,0.9862078428268433,0.013792113400995731,0.9862078428268433,"['SpineShoulder', 'SpineBase', 'WristLeft']"
SkeletonData\SkeletonData\RawData\302_18_6_5_1_chair.txt,302,5,0,0,0.9887735843658447,0.011226369068026543,0.9887735843658447,"['SpineShoulder', 'SpineBase', 'WristLeft']"
SkeletonData\SkeletonData\RawData\302_18_6_6_1_chair.txt,302,5,0,0,0.9888222217559814,0.01117776706814766,0.9888222217559814,"['SpineShoulder', 'SpineBase', 'WristLeft']"
SkeletonData\SkeletonData\RawData\302_18_6_7_1_stand.txt,302,5,0,0,0.9896404147148132,0.010359534062445164,0.9896404147148132,"['SpineShoulder', 'SpineBase', 'WristLeft']"
SkeletonData\SkeletonData\RawData\302_18_6_8_1_stand.txt,302,5,0,0,0.9841511249542236,0.01584884151816368,0.9841511249542236,"['SpineShoulder', 'SpineBase', 'WristLeft']"
SkeletonData\SkeletonData\RawData\302_18_6_9_1_stand.txt,302,5,0,0,0.9861187934875488,0.013881188817322254,0.9861187934875488,"['SpineShoulder', 'SpineBase', 'WristLeft']"
SkeletonData\SkeletonData\RawData\302_18_7_10_1_stand.txt,302,5,0,0,0.7850374579429626,0.21496254205703735,0.7850374579429626,"['SpineShoulder', 'SpineBase', 'WristLeft']"
SkeletonData\SkeletonData\RawData\302_18_7_11_1_stand.txt,302,5,0,0,0.9710648655891418,0.028935115784406662,0.9710648655891418,"['SpineShoulder', 'SpineBase', 'WristLeft']"
SkeletonData\SkeletonData\RawData\302_18_7_12_1_stand.txt,302,5,0,0,0.8385220170021057,0.1614779680967331,0.8385220170021057,"['SpineShoulder', 'SpineBase', 'WristLeft']"
SkeletonData\SkeletonData\RawData\302_18_7_1_1_chair.txt,302,5,0,0,0.7021408081054688,0.29785919189453125,0.7021408081054688,"['SpineShoulder', 'SpineBase', 'WristLeft']"
SkeletonData\SkeletonData\RawData\302_18_7_2_1_chair.txt,302,5,0,0,0.7287417650222778,0.2712581753730774,0.7287417650222778,"['SpineShoulder', 'SpineBase', 'WristLeft']"
SkeletonData\SkeletonData\RawData\302_18_7_3_1_chair.txt,302,5,0,0,0.9531626105308533,0.046837322413921356,0.9531626105308533,"['SpineShoulder', 'SpineBase', 'WristLeft']"
SkeletonData\SkeletonData\RawData\302_18_7_4_1_chair.txt,302,5,0,0,0.9600977301597595,0.039902281016111374,0.9600977301597595,"['SpineShoulder', 'SpineBase', 'WristLeft']"
SkeletonData\SkeletonData\RawData\302_18_7_5_1_chair.txt,302,5,0,0,0.9597579836845398,0.04024201259016991,0.9597579836845398,"['SpineShoulder', 'SpineBase', 'WristLeft']"
SkeletonData\SkeletonData\RawData\302_18_7_6_1_chair.txt,302,5,0,0,0.9579935073852539,0.04200643673539162,0.9579935073852539,"['SpineShoulder', 'SpineBase', 'WristLeft']"
SkeletonData\SkeletonData\RawData\302_18_7_7_1_stand.txt,302,5,0,0,0.9732655882835388,0.02673441544175148,0.9732655882835388,"['SpineShoulder', 'SpineBase', 'WristLeft']"
SkeletonData\SkeletonData\RawData\302_18_7_8_1_stand.txt,302,5,0,0,0.9496965408325195,0.05030344799160957,0.9496965408325195,"['SpineShoulder', 'SpineBase', 'WristLeft']"
SkeletonData\SkeletonData\RawData\302_18_7_9_1_stand.txt,302,5,0,0,0.9684880971908569,0.031511854380369186,0.9684880971908569,"['SpineShoulder', 'SpineBase', 'WristLeft']"
SkeletonData\SkeletonData\RawData\302_18_8_10_1_stand.txt,302,5,0,0,0.9292775392532349,0.07072240859270096,0.9292775392532349,"['SpineShoulder', 'SpineBase', 'WristLeft']"
SkeletonData\SkeletonData\RawData\302_18_8_11_1_stand.txt,302,5,0,0,0.9820373058319092,0.01796271838247776,0.9820373058319092,"['SpineShoulder', 'SpineBase', 'WristLeft']"
SkeletonData\SkeletonData\RawData\302_18_8_12_1_stand.txt,302,5,0,0,0.9752240180969238,0.024776006117463112,0.9752240180969238,"['SpineShoulder', 'SpineBase', 'WristLeft']"
SkeletonData\SkeletonData\RawData\302_18_8_1_1_chair.txt,302,5,0,0,0.9621201157569885,0.037879858165979385,0.9621201157569885,"['SpineShoulder', 'SpineBase', 'WristLeft']"
SkeletonData\SkeletonData\RawData\302_18_8_2_1_chair.txt,302,5,0,0,0.9658787846565247,0.03412117809057236,0.9658787846565247,"['SpineShoulder', 'SpineBase', 'WristLeft']"
SkeletonData\SkeletonData\RawData\302_18_8_3_1_chair.txt,302,5,0,0,0.9655309319496155,0.034469123929739,0.9655309319496155,"['SpineShoulder', 'SpineBase', 'WristLeft']"
SkeletonData\SkeletonData\RawData\302_18_8_4_1_chair.txt,302,5,0,0,0.9367209672927856,0.06327904760837555,0.9367209672927856,"['SpineShoulder', 'SpineBase', 'WristLeft']"
SkeletonData\SkeletonData\RawData\302_18_8_5_1_chair.txt,302,5,0,0,0.844671905040741,0.15532809495925903,0.844671905040741,"['SpineShoulder', 'SpineBase', 'WristLeft']"
SkeletonData\SkeletonData\RawData\302_18_8_6_1_chair.txt,302,5,0,0,0.9607638716697693,0.039236120879650116,0.9607638716697693,"['SpineShoulder', 'SpineBase', 'WristLeft']"
SkeletonData\SkeletonData\RawData\302_18_8_7_1_stand.txt,302,5,0,0,0.9813755750656128,0.018624452874064445,0.9813755750656128,"['SpineShoulder', 'SpineBase', 'WristLeft']"
SkeletonData\SkeletonData\RawData\302_18_8_8_1_stand.txt,302,5,0,0,0.982251763343811,0.01774817332625389,0.982251763343811,"['SpineShoulder', 'SpineBase', 'WristLeft']"
SkeletonData\SkeletonData\RawData\302_18_8_9_1_stand.txt,302,5,0,0,0.97328782081604,0.026712195947766304,0.97328782081604,"['SpineShoulder', 'SpineBase', 'WristLeft']"
SkeletonData\SkeletonData\RawData\303_18_0_10_1_stand.txt,303,2,0,0,0.9889739751815796,0.01102601271122694,0.9889739751815796,"['SpineShoulder', 'SpineBase', 'WristLeft']"
SkeletonData\SkeletonData\RawData\303_18_0_11_1_stand.txt,303,2,0,0,0.9834169745445251,0.016583049669861794,0.9834169745445251,"['SpineShoulder', 'SpineBase', 'WristLeft']"
SkeletonData\SkeletonData\RawData\303_18_0_12_1_stand.txt,303,2,0,0,0.9834137558937073,0.016586238518357277,0.9834137558937073,"['SpineShoulder', 'SpineBase', 'WristLeft']"
SkeletonData\SkeletonData\RawData\303_18_0_1_1_chair.txt,303,2,0,0,0.9650290608406067,0.03497089818120003,0.9650290608406067,"['SpineShoulder', 'SpineBase', 'WristLeft']"
SkeletonData\SkeletonData\RawData\303_18_0_2_1_chair.txt,303,2,0,0,0.9711135625839233,0.02888645976781845,0.9711135625839233,"['SpineShoulder', 'SpineBase', 'WristLeft']"
SkeletonData\SkeletonData\RawData\303_18_0_3_1_chair.txt,303,2,0,0,0.982564389705658,0.017435654997825623,0.982564389705658,"['SpineShoulder', 'SpineBase', 'WristLeft']"
SkeletonData\SkeletonData\RawData\303_18_0_4_1_chair.txt,303,2,0,0,0.9733132123947144,0.026686811819672585,0.9733132123947144,"['SpineShoulder', 'SpineBase', 'WristLeft']"
SkeletonData\SkeletonData\RawData\303_18_0_5_1_chair.txt,303,2,0,0,0.9010071158409119,0.09899284690618515,0.9010071158409119,"['SpineShoulder', 'SpineBase', 'WristLeft']"
SkeletonData\SkeletonData\RawData\303_18_0_6_1_chair.txt,303,2,0,0,0.9008185863494873,0.09918144345283508,0.9008185863494873,"['SpineShoulder', 'SpineBase', 'WristLeft']"
SkeletonData\SkeletonData\RawData\303_18_0_7_1_stand.txt,303,2,0,0,0.9890706539154053,0.010929308831691742,0.9890706539154053,"['SpineShoulder', 'SpineBase', 'WristLeft']"
SkeletonData\SkeletonData\RawData\303_18_0_8_1_stand.txt,303,2,0,0,0.9020503163337708,0.09794969856739044,0.9020503163337708,"['SpineShoulder', 'SpineBase', 'WristLeft']"
SkeletonData\SkeletonData\RawData\303_18_0_9_1_stand.txt,303,2,0,0,0.9778342247009277,0.022165805101394653,0.9778342247009277,"['SpineShoulder', 'SpineBase', 'WristLeft']"
SkeletonData\SkeletonData\RawData\303_18_1_10_1_stand.txt,303,2,0,0,0.9901482462882996,0.009851804934442043,0.9901482462882996,"['SpineShoulder', 'SpineBase', 'WristLeft']"
SkeletonData\SkeletonData\RawData\303_18_1_11_1_stand.txt,303,2,0,0,0.9876213669776917,0.012378630228340626,0.9876213669776917,"['SpineShoulder', 'SpineBase', 'WristRight']"
SkeletonData\SkeletonData\RawData\303_18_1_12_1_stand.txt,303,2,0,0,0.9869411587715149,0.013058875687420368,0.9869411587715149,"['SpineShoulder', 'SpineBase', 'WristRight']"
SkeletonData\SkeletonData\RawData\303_18_1_1_1_chair.txt,303,2,0,0,0.8989357948303223,0.10106418281793594,0.8989357948303223,"['SpineShoulder', 'SpineBase', 'WristRight']"
SkeletonData\SkeletonData\RawData\303_18_1_2_1_chair.txt,303,2,0,0,0.8788856267929077,0.12111438810825348,0.8788856267929077,"['SpineShoulder', 'SpineBase', 'WristRight']"
SkeletonData\SkeletonData\RawData\303_18_1_3_1_chair.txt,303,2,0,0,0.9793577194213867,0.0206423569470644,0.9793577194213867,"['SpineShoulder', 'SpineBase', 'WristRight']"
SkeletonData\SkeletonData\RawData\303_18_1_4_1_chair.txt,303,2,0,0,0.9002400636672974,0.09975995123386383,0.9002400636672974,"['SpineShoulder', 'SpineBase', 'WristRight']"
SkeletonData\SkeletonData\RawData\303_18_1_5_1_chair.txt,303,2,0,0,0.9119172096252441,0.08808282017707825,0.9119172096252441,"['SpineShoulder', 'SpineBase', 'WristRight']"
SkeletonData\SkeletonData\RawData\303_18_1_6_1_chair.txt,303,2,0,0,0.8979671597480774,0.10203288495540619,0.8979671597480774,"['SpineShoulder', 'SpineBase', 'WristRight']"
SkeletonData\SkeletonData\RawData\303_18_1_7_1_stand.txt,303,2,0,0,0.986933171749115,0.013066860847175121,0.986933171749115,"['SpineShoulder', 'SpineBase', 'WristLeft']"
SkeletonData\SkeletonData\RawData\303_18_1_8_1_stand.txt,303,2,0,0,0.9910396933555603,0.008960318751633167,0.9910396933555603,"['SpineShoulder', 'SpineBase', 'WristLeft']"
SkeletonData\SkeletonData\RawData\303_18_1_9_1_stand.txt,303,2,0,0,0.9889922142028809,0.011007792316377163,0.9889922142028809,"['SpineShoulder', 'SpineBase', 'WristRight']"
SkeletonData\SkeletonData\RawData\303_18_2_10_1_stand.txt,303,2,0,0,0.9580084085464478,0.04199157655239105,0.9580084085464478,"['SpineShoulder', 'SpineBase', 'WristRight']"
SkeletonData\SkeletonData\RawData\303_18_2_11_1_stand.txt,303,2,0,0,0.9716800451278687,0.028319966048002243,0.9716800451278687,"['SpineShoulder', 'SpineBase', 'WristRight']"
SkeletonData\SkeletonData\RawData\303_18_2_12_1_stand.txt,303,2,0,0,0.9638139605522156,0.036186058074235916,0.9638139605522156,"['SpineShoulder', 'SpineBase', 'WristRight']"
SkeletonData\SkeletonData\RawData\303_18_2_1_1_chair.txt,303,2,0,0,0.9795014262199402,0.02049850858747959,0.9795014262199402,"['SpineShoulder', 'SpineBase', 'WristRight']"
SkeletonData\SkeletonData\RawData\303_18_2_2_1_chair.txt,303,2,0,0,0.9786356091499329,0.021364349871873856,0.9786356091499329,"['SpineShoulder', 'SpineBase', 'WristRight']"
SkeletonData\SkeletonData\RawData\303_18_2_3_1_chair.txt,303,2,0,0,0.9745131134986877,0.025486836209893227,0.9745131134986877,"['SpineShoulder', 'SpineBase', 'WristRight']"
SkeletonData\SkeletonData\RawData\303_18_2_4_1_chair.txt,303,2,0,0,0.979023814201355,0.020976165309548378,0.979023814201355,"['SpineShoulder', 'SpineBase', 'WristRight']"
SkeletonData\SkeletonData\RawData\303_18_2_5_1_chair.txt,303,2,0,0,0.9724087119102478,0.027591358870267868,0.9724087119102478,"['SpineShoulder', 'SpineBase', 'WristRight']"
SkeletonData\SkeletonData\RawData\303_18_2_6_1_chair.txt,303,2,0,0,0.9802129864692688,0.019786980003118515,0.9802129864692688,"['SpineShoulder', 'SpineBase', 'WristRight']"
SkeletonData\SkeletonData\RawData\303_18_2_7_1_stand.txt,303,2,0,0,0.9669525027275085,0.033047519624233246,0.9669525027275085,"['SpineShoulder', 'SpineBase', 'WristRight']"
SkeletonData\SkeletonData\RawData\303_18_2_8_1_stand.txt,303,2,0,0,0.9794824719429016,0.020517507568001747,0.9794824719429016,"['SpineShoulder', 'SpineBase', 'WristRight']"
SkeletonData\SkeletonData\RawData\303_18_2_9_1_stand.txt,303,2,0,0,0.9729000926017761,0.027099892497062683,0.9729000926017761,"['SpineShoulder', 'SpineBase', 'WristRight']"
SkeletonData\SkeletonData\RawData\303_18_3_10_1_stand.txt,303,2,0,0,0.9849728345870972,0.015027100220322609,0.9849728345870972,"['SpineShoulder', 'SpineBase', 'WristRight']"
SkeletonData\SkeletonData\RawData\303_18_3_11_1_stand.txt,303,2,0,0,0.9830029606819153,0.016997016966342926,0.9830029606819153,"['SpineShoulder', 'SpineBase', 'WristRight']"
SkeletonData\SkeletonData\RawData\303_18_3_12_1_stand.txt,303,2,0,0,0.9857876300811768,0.014212341047823429,0.9857876300811768,"['SpineShoulder', 'SpineBase', 'WristRight']"
SkeletonData\SkeletonData\RawData\303_18_3_1_1_chair.txt,303,2,0,0,0.9845245480537415,0.01547540444880724,0.9845245480537415,"['SpineShoulder', 'SpineBase', 'WristRight']"
SkeletonData\SkeletonData\RawData\303_18_3_2_1_chair.txt,303,2,0,0,0.9854593276977539,0.014540676027536392,0.9854593276977539,"['SpineShoulder', 'SpineBase', 'WristRight']"
SkeletonData\SkeletonData\RawData\303_18_3_3_1_chair.txt,303,2,0,0,0.9819745421409607,0.01802539825439453,0.9819745421409607,"['SpineShoulder', 'SpineBase', 'WristRight']"
SkeletonData\SkeletonData\RawData\303_18_3_4_1_chair.txt,303,2,0,0,0.9856329560279846,0.014367020688951015,0.9856329560279846,"['SpineShoulder', 'SpineBase', 'WristRight']"
SkeletonData\SkeletonData\RawData\303_18_3_5_1_chair.txt,303,2,0,0,0.9835484623908997,0.016451571136713028,0.9835484623908997,"['SpineShoulder', 'SpineBase', 'WristRight']"
SkeletonData\SkeletonData\RawData\303_18_3_6_1_chair.txt,303,2,0,0,0.9824119210243225,0.017588093876838684,0.9824119210243225,"['SpineShoulder', 'SpineBase', 'WristRight']"
SkeletonData\SkeletonData\RawData\303_18_3_7_1_stand.txt,303,2,0,0,0.9876714944839478,0.01232851017266512,0.9876714944839478,"['SpineShoulder', 'SpineBase', 'WristLeft']"
SkeletonData\SkeletonData\RawData\303_18_3_8_1_stand.txt,303,2,0,0,0.980407178401947,0.01959279552102089,0.980407178401947,"['SpineShoulder', 'SpineBase', 'WristLeft']"
SkeletonData\SkeletonData\RawData\303_18_3_9_1_stand.txt,303,2,0,0,0.9833176136016846,0.016682371497154236,0.9833176136016846,"['SpineShoulder', 'SpineBase', 'WristRight']"
SkeletonData\SkeletonData\RawData\303_18_4_10_1_stand.txt,303,2,0,0,0.9629009366035461,0.03709901496767998,0.9629009366035461,"['SpineShoulder', 'SpineBase', 'WristRight']"
SkeletonData\SkeletonData\RawData\303_18_4_11_1_stand.txt,303,2,0,0,0.9632970094680786,0.03670300915837288,0.9632970094680786,"['SpineShoulder', 'SpineBase', 'WristRight']"
SkeletonData\SkeletonData\RawData\303_18_4_12_1_stand.txt,303,2,0,0,0.9834940433502197,0.016505930572748184,0.9834940433502197,"['SpineShoulder', 'SpineBase', 'WristRight']"
SkeletonData\SkeletonData\RawData\303_18_4_1_1_chair.txt,303,2,0,0,0.8176453709602356,0.18235467374324799,0.8176453709602356,"['SpineShoulder', 'SpineBase', 'WristLeft']"
SkeletonData\SkeletonData\RawData\303_18_4_2_1_chair.txt,303,2,0,0,0.8252609372138977,0.17473910748958588,0.8252609372138977,"['SpineShoulder', 'SpineBase', 'WristRight']"
SkeletonData\SkeletonData\RawData\303_18_4_3_1_chair.txt,303,2,0,0,0.9611402153968811,0.03885973244905472,0.9611402153968811,"['SpineShoulder', 'SpineBase', 'WristRight']"
SkeletonData\SkeletonData\RawData\303_18_4_4_1_chair.txt,303,2,0,0,0.9718227982521057,0.028177259489893913,0.9718227982521057,"['SpineShoulder', 'SpineBase', 'WristRight']"
SkeletonData\SkeletonData\RawData\303_18_4_5_1_chair.txt,303,2,0,0,0.9724556803703308,0.027544336393475533,0.9724556803703308,"['SpineShoulder', 'SpineBase', 'WristRight']"
SkeletonData\SkeletonData\RawData\303_18_4_6_1_chair.txt,303,2,0,0,0.973003089427948,0.026996955275535583,0.973003089427948,"['SpineShoulder', 'SpineBase', 'WristRight']"
SkeletonData\SkeletonData\RawData\303_18_4_7_1_stand.txt,303,2,0,0,0.9383214712142944,0.061678484082221985,0.9383214712142944,"['SpineShoulder', 'SpineBase', 'WristRight']"
SkeletonData\SkeletonData\RawData\303_18_4_8_1_stand.txt,303,2,0,0,0.9684944748878479,0.031505562365055084,0.9684944748878479,"['SpineShoulder', 'SpineBase', 'WristRight']"
SkeletonData\SkeletonData\RawData\303_18_4_9_1_stand.txt,303,2,0,0,0.9643906354904175,0.0356094092130661,0.9643906354904175,"['SpineShoulder', 'SpineBase', 'WristRight']"
SkeletonData\SkeletonData\RawData\303_18_5_10_1_stand.txt,303,2,0,0,0.9837354421615601,0.016264531761407852,0.9837354421615601,"['SpineShoulder', 'SpineBase', 'WristLeft']"
SkeletonData\SkeletonData\RawData\303_18_5_11_1_stand.txt,303,2,0,0,0.9876003265380859,0.012399645522236824,0.9876003265380859,"['SpineShoulder', 'SpineBase', 'WristLeft']"
SkeletonData\SkeletonData\RawData\303_18_5_12_1_stand.txt,303,2,0,0,0.955695629119873,0.04430438578128815,0.955695629119873,"['SpineShoulder', 'SpineBase', 'WristLeft']"
SkeletonData\SkeletonData\RawData\303_18_5_1_1_chair.txt,303,2,0,0,0.9823004603385925,0.017699578776955605,0.9823004603385925,"['SpineShoulder', 'SpineBase', 'WristLeft']"
SkeletonData\SkeletonData\RawData\303_18_5_2_1_chair.txt,303,2,0,0,0.9844332933425903,0.015566774643957615,0.9844332933425903,"['SpineShoulder', 'SpineBase', 'WristRight']"
SkeletonData\SkeletonData\RawData\303_18_5_3_1_chair.txt,303,2,0,0,0.9825695753097534,0.01743042655289173,0.9825695753097534,"['SpineShoulder', 'SpineBase', 'WristLeft']"
SkeletonData\SkeletonData\RawData\303_18_5_4_1_chair.txt,303,2,0,0,0.9802098870277405,0.019790032878518105,0.9802098870277405,"['SpineShoulder', 'SpineBase', 'WristLeft']"
SkeletonData\SkeletonData\RawData\303_18_5_5_1_chair.txt,303,2,0,0,0.9806971549987793,0.019302794709801674,0.9806971549987793,"['SpineShoulder', 'SpineBase', 'WristRight']"
SkeletonData\SkeletonData\RawData\303_18_5_6_1_chair.txt,303,2,0,0,0.981170117855072,0.018829932436347008,0.981170117855072,"['SpineShoulder', 'SpineBase', 'WristRight']"
SkeletonData\SkeletonData\RawData\303_18_5_7_1_stand.txt,303,2,0,0,0.982426643371582,0.017573367804288864,0.982426643371582,"['SpineShoulder', 'SpineBase', 'WristLeft']"
SkeletonData\SkeletonData\RawData\303_18_5_8_1_stand.txt,303,2,0,0,0.9842581748962402,0.015741845592856407,0.9842581748962402,"['SpineShoulder', 'SpineBase', 'WristLeft']"
SkeletonData\SkeletonData\RawData\303_18_5_9_1_stand.txt,303,2,0,0,0.98248690366745,0.017513126134872437,0.98248690366745,"['SpineShoulder', 'SpineBase', 'WristLeft']"
SkeletonData\SkeletonData\RawData\303_18_6_10_1_stand.txt,303,2,0,0,0.9815365672111511,0.018463440239429474,0.9815365672111511,"['SpineShoulder', 'SpineBase', 'WristLeft']"
SkeletonData\SkeletonData\RawData\303_18_6_11_1_stand.txt,303,2,0,0,0.9810127019882202,0.018987298011779785,0.9810127019882202,"['SpineShoulder', 'SpineBase', 'WristLeft']"
SkeletonData\SkeletonData\RawData\303_18_6_1_1_chair.txt,303,2,0,0,0.9722654223442078,0.027734532952308655,0.9722654223442078,"['SpineShoulder', 'SpineBase', 'WristLeft']"
SkeletonData\SkeletonData\RawData\303_18_6_2_1_chair.txt,303,2,0,0,0.9242777228355408,0.07572231441736221,0.9242777228355408,"['SpineShoulder', 'SpineBase', 'WristLeft']"
SkeletonData\SkeletonData\RawData\303_18_6_3_1_chair.txt,303,2,0,0,0.9848292469978333,0.015170815400779247,0.9848292469978333,"['SpineShoulder', 'SpineBase', 'WristLeft']"
SkeletonData\SkeletonData\RawData\303_18_6_4_1_chair.txt,303,2,0,0,0.972520649433136,0.027479328215122223,0.972520649433136,"['SpineShoulder', 'SpineBase', 'WristLeft']"
SkeletonData\SkeletonData\RawData\303_18_6_5_1_chair.txt,303,2,0,0,0.9836498498916626,0.016350140795111656,0.9836498498916626,"['SpineShoulder', 'SpineBase', 'WristLeft']"
SkeletonData\SkeletonData\RawData\303_18_6_6_1_chair.txt,303,2,0,0,0.9851579070091248,0.014842039905488491,0.9851579070091248,"['SpineShoulder', 'SpineBase', 'WristLeft']"
SkeletonData\SkeletonData\RawData\303_18_6_7_1_stand.txt,303,2,0,0,0.9871057271957397,0.01289423368871212,0.9871057271957397,"['SpineShoulder', 'SpineBase', 'WristLeft']"
SkeletonData\SkeletonData\RawData\303_18_6_8_1_stand.txt,303,2,0,0,0.9842447638511658,0.015755238011479378,0.9842447638511658,"['SpineShoulder', 'SpineBase', 'WristLeft']"
SkeletonData\SkeletonData\RawData\303_18_6_9_1_stand.txt,303,2,0,0,0.9725213050842285,0.02747865952551365,0.9725213050842285,"['SpineShoulder', 'SpineBase', 'WristLeft']"
SkeletonData\SkeletonData\RawData\303_18_7_10_1_stand.txt,303,2,0,0,0.9678164124488831,0.03218352422118187,0.9678164124488831,"['SpineShoulder', 'SpineBase', 'WristLeft']"
SkeletonData\SkeletonData\RawData\303_18_7_11_1_stand.txt,303,2,0,0,0.7847635746002197,0.21523642539978027,0.7847635746002197,"['SpineShoulder', 'SpineBase', 'WristLeft']"
SkeletonData\SkeletonData\RawData\303_18_7_12_1_stand.txt,303,2,0,0,0.9630481600761414,0.03695182874798775,0.9630481600761414,"['SpineShoulder', 'SpineBase', 'WristLeft']"
SkeletonData\SkeletonData\RawData\303_18_7_1_1_chair.txt,303,2,0,0,0.8385190367698669,0.16148099303245544,0.8385190367698669,"['SpineShoulder', 'SpineBase', 'WristLeft']"
SkeletonData\SkeletonData\RawData\303_18_7_2_1_chair.txt,303,2,0,0,0.9688010215759277,0.031198963522911072,0.9688010215759277,"['SpineShoulder', 'SpineBase', 'WristLeft']"
SkeletonData\SkeletonData\RawData\303_18_7_3_1_chair.txt,303,2,0,0,0.9235931634902954,0.0764068067073822,0.9235931634902954,"['SpineShoulder', 'SpineBase', 'WristLeft']"
SkeletonData\SkeletonData\RawData\303_18_7_4_1_chair.txt,303,2,0,0,0.8132599592208862,0.18674007058143616,0.8132599592208862,"['SpineShoulder', 'SpineBase', 'WristLeft']"
SkeletonData\SkeletonData\RawData\303_18_7_5_1_chair.txt,303,2,0,0,0.9610486030578613,0.03895134478807449,0.9610486030578613,"['SpineShoulder', 'SpineBase', 'WristLeft']"
SkeletonData\SkeletonData\RawData\303_18_7_6_1_chair.txt,303,2,0,0,0.8138814568519592,0.1861184984445572,0.8138814568519592,"['SpineShoulder', 'SpineBase', 'WristLeft']"
SkeletonData\SkeletonData\RawData\303_18_7_7_1_stand.txt,303,2,0,0,0.9341806769371033,0.06581936776638031,0.9341806769371033,"['SpineShoulder', 'SpineBase', 'WristLeft']"
SkeletonData\SkeletonData\RawData\303_18_7_8_1_stand.txt,303,2,0,0,0.9539183378219604,0.04608166962862015,0.9539183378219604,"['SpineShoulder', 'SpineBase', 'WristLeft']"
SkeletonData\SkeletonData\RawData\303_18_7_9_1_stand.txt,303,2,0,0,0.9658527374267578,0.03414726257324219,0.9658527374267578,"['SpineShoulder', 'SpineBase', 'WristLeft']"
SkeletonData\SkeletonData\RawData\303_18_8_10_1_stand.txt,303,2,0,0,0.9665674567222595,0.033432502299547195,0.9665674567222595,"['SpineShoulder', 'SpineBase', 'WristLeft']"
SkeletonData\SkeletonData\RawData\303_18_8_11_1_stand.txt,303,2,0,0,0.9597510695457458,0.04024891555309296,0.9597510695457458,"['SpineShoulder', 'SpineBase', 'WristLeft']"
SkeletonData\SkeletonData\RawData\303_18_8_12_1_stand.txt,303,2,0,0,0.9685118198394775,0.03148822486400604,0.9685118198394775,"['SpineShoulder', 'SpineBase', 'WristLeft']"
SkeletonData\SkeletonData\RawData\303_18_8_1_1_chair.txt,303,2,0,0,0.9552437663078308,0.04475616291165352,0.9552437663078308,"['SpineShoulder', 'SpineBase', 'WristLeft']"
SkeletonData\SkeletonData\RawData\303_18_8_2_1_chair.txt,303,2,0,0,0.9708875417709351,0.029112434014678,0.9708875417709351,"['SpineShoulder', 'SpineBase', 'WristRight']"
SkeletonData\SkeletonData\RawData\303_18_8_3_1_chair.txt,303,2,0,0,0.892124354839325,0.10787557810544968,0.892124354839325,"['SpineShoulder', 'SpineBase', 'WristLeft']"
SkeletonData\SkeletonData\RawData\303_18_8_4_1_chair.txt,303,2,0,0,0.8503294587135315,0.1496705263853073,0.8503294587135315,"['SpineShoulder', 'SpineBase', 'WristLeft']"
SkeletonData\SkeletonData\RawData\303_18_8_5_1_chair.txt,303,2,0,0,0.935291588306427,0.06470838189125061,0.935291588306427,"['SpineShoulder', 'SpineBase', 'WristRight']"
SkeletonData\SkeletonData\RawData\303_18_8_6_1_chair.txt,303,2,0,0,0.8350551128387451,0.1649448573589325,0.8350551128387451,"['SpineShoulder', 'SpineBase', 'WristLeft']"
SkeletonData\SkeletonData\RawData\303_18_8_7_1_stand.txt,303,2,0,0,0.9312002062797546,0.06879980117082596,0.9312002062797546,"['SpineShoulder', 'SpineBase', 'WristLeft']"
SkeletonData\SkeletonData\RawData\303_18_8_8_1_stand.txt,303,2,0,0,0.9682261943817139,0.031773850321769714,0.9682261943817139,"['SpineShoulder', 'SpineBase', 'WristLeft']"
SkeletonData\SkeletonData\RawData\303_18_8_9_1_stand.txt,303,2,0,0,0.7618944048881531,0.2381056249141693,0.7618944048881531,"['SpineShoulder', 'SpineBase', 'WristLeft']"
SkeletonData\SkeletonData\RawData\304_18_0_1_1_chair.txt,304,3,0,0,0.861782431602478,0.13821761310100555,0.861782431602478,"['SpineShoulder', 'SpineBase', 'WristLeft']"
SkeletonData\SkeletonData\RawData\304_18_0_2_1_chair.txt,304,3,0,0,0.9051603674888611,0.09483958780765533,0.9051603674888611,"['SpineShoulder', 'SpineBase', 'WristLeft']"
SkeletonData\SkeletonData\RawData\304_18_0_3_1_chair.txt,304,3,0,0,0.897121012210846,0.10287895053625107,0.897121012210846,"['SpineShoulder', 'SpineBase', 'WristLeft']"
SkeletonData\SkeletonData\RawData\304_18_0_4_1_chair.txt,304,3,0,0,0.9542754292488098,0.04572451487183571,0.9542754292488098,"['SpineShoulder', 'SpineBase', 'WristLeft']"
SkeletonData\SkeletonData\RawData\304_18_0_5_1_chair.txt,304,3,0,0,0.9386070370674133,0.061392925679683685,0.9386070370674133,"['SpineShoulder', 'SpineBase', 'WristLeft']"
SkeletonData\SkeletonData\RawData\304_18_0_6_1_chair.txt,304,3,0,0,0.9526041150093079,0.047395940870046616,0.9526041150093079,"['SpineShoulder', 'SpineBase', 'WristLeft']"
SkeletonData\SkeletonData\RawData\304_18_1_1_1_chair.txt,304,3,0,0,0.5932784080505371,0.4067216217517853,0.5932784080505371,"['SpineShoulder', 'SpineBase', 'WristLeft']"
SkeletonData\SkeletonData\RawData\304_18_1_2_1_chair.txt,304,3,0,1,0.48751023411750793,0.5124897360801697,0.5124897360801697,"['SpineShoulder', 'SpineBase', 'WristLeft']"
SkeletonData\SkeletonData\RawData\304_18_1_3_1_chair.txt,304,3,0,0,0.7897946238517761,0.2102053463459015,0.7897946238517761,"['SpineShoulder', 'SpineBase', 'WristLeft']"
SkeletonData\SkeletonData\RawData\304_18_1_4_1_chair.txt,304,3,0,0,0.575117290019989,0.424882709980011,0.575117290019989,"['SpineShoulder', 'SpineBase', 'WristLeft']"
SkeletonData\SkeletonData\RawData\304_18_1_5_1_chair.txt,304,3,0,0,0.6796047687530518,0.32039523124694824,0.6796047687530518,"['SpineShoulder', 'SpineBase', 'WristLeft']"
SkeletonData\SkeletonData\RawData\304_18_1_6_1_chair.txt,304,3,0,0,0.5117362141609192,0.4882638156414032,0.5117362141609192,"['SpineShoulder', 'SpineBase', 'WristLeft']"
SkeletonData\SkeletonData\RawData\304_18_2_1_1_chair.txt,304,3,0,0,0.9799605011940002,0.020039523020386696,0.9799605011940002,"['SpineShoulder', 'SpineBase', 'WristLeft']"
SkeletonData\SkeletonData\RawData\304_18_2_2_1_chair.txt,304,3,0,0,0.9771556854248047,0.022844335064291954,0.9771556854248047,"['SpineShoulder', 'SpineBase', 'WristRight']"
SkeletonData\SkeletonData\RawData\304_18_2_3_1_chair.txt,304,3,0,0,0.9555011987686157,0.0444987528026104,0.9555011987686157,"['SpineShoulder', 'SpineBase', 'WristRight']"
SkeletonData\SkeletonData\RawData\304_18_2_4_1_chair.txt,304,3,0,0,0.9804466962814331,0.019553260877728462,0.9804466962814331,"['SpineShoulder', 'SpineBase', 'WristRight']"
SkeletonData\SkeletonData\RawData\304_18_2_5_1_chair.txt,304,3,0,0,0.969315230846405,0.030684834346175194,0.969315230846405,"['SpineShoulder', 'SpineBase', 'WristRight']"
SkeletonData\SkeletonData\RawData\304_18_2_6_1_chair.txt,304,3,0,0,0.9582709670066833,0.04172908887267113,0.9582709670066833,"['SpineShoulder', 'SpineBase', 'WristRight']"
SkeletonData\SkeletonData\RawData\304_18_3_1_1_chair.txt,304,3,0,0,0.9186071157455444,0.08139291405677795,0.9186071157455444,"['SpineShoulder', 'SpineBase', 'WristLeft']"
SkeletonData\SkeletonData\RawData\304_18_3_2_1_chair.txt,304,3,0,0,0.9659140706062317,0.03408589959144592,0.9659140706062317,"['SpineShoulder', 'SpineBase', 'WristLeft']"
SkeletonData\SkeletonData\RawData\304_18_3_3_1_chair.txt,304,3,0,0,0.98045414686203,0.019545843824744225,0.98045414686203,"['SpineShoulder', 'SpineBase', 'WristLeft']"
SkeletonData\SkeletonData\RawData\304_18_3_4_1_chair.txt,304,3,0,0,0.9756584763526917,0.024341581389307976,0.9756584763526917,"['SpineShoulder', 'SpineBase', 'WristLeft']"
SkeletonData\SkeletonData\RawData\304_18_3_5_1_chair.txt,304,3,0,0,0.9851543307304382,0.014845631085336208,0.9851543307304382,"['SpineShoulder', 'SpineBase', 'WristLeft']"
SkeletonData\SkeletonData\RawData\304_18_3_6_1_chair.txt,304,3,0,0,0.9815818071365356,0.01841820403933525,0.9815818071365356,"['SpineShoulder', 'SpineBase', 'WristLeft']"
SkeletonData\SkeletonData\RawData\304_18_4_1_1_chair.txt,304,3,0,0,0.9541209936141968,0.045878950506448746,0.9541209936141968,"['SpineShoulder', 'SpineBase', 'WristLeft']"
SkeletonData\SkeletonData\RawData\304_18_4_2_1_chair.txt,304,3,0,0,0.9728455543518066,0.027154438197612762,0.9728455543518066,"['SpineShoulder', 'SpineBase', 'WristLeft']"
SkeletonData\SkeletonData\RawData\304_18_4_3_1_chair.txt,304,3,0,0,0.9858971238136292,0.014102902263402939,0.9858971238136292,"['SpineShoulder', 'SpineBase', 'WristLeft']"
SkeletonData\SkeletonData\RawData\304_18_4_4_1_chair.txt,304,3,0,0,0.9838054180145264,0.016194520518183708,0.9838054180145264,"['SpineShoulder', 'SpineBase', 'WristLeft']"
SkeletonData\SkeletonData\RawData\304_18_4_5_1_chair.txt,304,3,0,0,0.9647302031517029,0.03526982292532921,0.9647302031517029,"['SpineShoulder', 'SpineBase', 'WristLeft']"
SkeletonData\SkeletonData\RawData\304_18_4_6_1_chair.txt,304,3,0,0,0.9866327047348022,0.013367216102778912,0.9866327047348022,"['SpineShoulder', 'SpineBase', 'WristLeft']"
SkeletonData\SkeletonData\RawData\304_18_4_7_1_chair.txt,304,3,0,0,0.9797358512878418,0.020264217630028725,0.9797358512878418,"['SpineShoulder', 'SpineBase', 'WristRight']"
SkeletonData\SkeletonData\RawData\304_18_5_1_1_chair.txt,304,3,0,0,0.9888067245483398,0.011193240992724895,0.9888067245483398,"['SpineShoulder', 'SpineBase', 'WristLeft']"
SkeletonData\SkeletonData\RawData\304_18_5_2_1_chair.txt,304,3,0,0,0.9886144399642944,0.011385551653802395,0.9886144399642944,"['SpineShoulder', 'SpineBase', 'WristLeft']"
SkeletonData\SkeletonData\RawData\304_18_5_3_1_chair.txt,304,3,0,0,0.9868534803390503,0.013146517798304558,0.9868534803390503,"['SpineShoulder', 'SpineBase', 'WristLeft']"
SkeletonData\SkeletonData\RawData\304_18_5_4_1_chair.txt,304,3,0,0,0.9890862703323364,0.010913753882050514,0.9890862703323364,"['SpineShoulder', 'SpineBase', 'WristLeft']"
SkeletonData\SkeletonData\RawData\304_18_5_5_1_chair.txt,304,3,0,0,0.9884982705116272,0.011501766741275787,0.9884982705116272,"['SpineShoulder', 'SpineBase', 'WristLeft']"
SkeletonData\SkeletonData\RawData\304_18_5_6_1_chair.txt,304,3,0,0,0.9866182208061218,0.013381744734942913,0.9866182208061218,"['SpineShoulder', 'SpineBase', 'WristLeft']"
SkeletonData\SkeletonData\RawData\304_18_6_1_1_chair.txt,304,3,0,0,0.9893379211425781,0.01066210400313139,0.9893379211425781,"['SpineShoulder', 'SpineBase', 'WristLeft']"
SkeletonData\SkeletonData\RawData\304_18_6_2_1_chair.txt,304,3,0,0,0.9841837882995605,0.015816157683730125,0.9841837882995605,"['SpineShoulder', 'SpineBase', 'WristLeft']"
SkeletonData\SkeletonData\RawData\304_18_6_3_1_chair.txt,304,3,0,0,0.9923107624053955,0.007689263205975294,0.9923107624053955,"['SpineShoulder', 'SpineBase', 'WristLeft']"
SkeletonData\SkeletonData\RawData\304_18_6_4_1_chair.txt,304,3,0,0,0.9899090528488159,0.010090924799442291,0.9899090528488159,"['SpineShoulder', 'SpineBase', 'WristLeft']"
SkeletonData\SkeletonData\RawData\304_18_6_5_1_chair.txt,304,3,0,0,0.9876179695129395,0.012382041662931442,0.9876179695129395,"['SpineShoulder', 'SpineBase', 'WristLeft']"
SkeletonData\SkeletonData\RawData\304_18_6_6_1_chair.txt,304,3,0,0,0.9909749627113342,0.009025033563375473,0.9909749627113342,"['SpineShoulder', 'SpineBase', 'WristLeft']"
SkeletonData\SkeletonData\RawData\304_18_7_1_1_chair.txt,304,3,0,0,0.9035700559616089,0.0964299663901329,0.9035700559616089,"['SpineShoulder', 'SpineBase', 'WristLeft']"
SkeletonData\SkeletonData\RawData\304_18_7_2_1_chair.txt,304,3,0,0,0.9124460220336914,0.08755403757095337,0.9124460220336914,"['SpineShoulder', 'SpineBase', 'WristLeft']"
SkeletonData\SkeletonData\RawData\304_18_7_3_1_chair.txt,304,3,0,0,0.8899630308151245,0.11003696918487549,0.8899630308151245,"['SpineShoulder', 'SpineBase', 'WristLeft']"
SkeletonData\SkeletonData\RawData\304_18_7_4_1_chair.txt,304,3,0,0,0.9074393510818481,0.09256063401699066,0.9074393510818481,"['SpineShoulder', 'SpineBase', 'WristLeft']"
SkeletonData\SkeletonData\RawData\304_18_7_5_1_chair.txt,304,3,0,0,0.8974063992500305,0.10259361565113068,0.8974063992500305,"['SpineShoulder', 'SpineBase', 'WristLeft']"
SkeletonData\SkeletonData\RawData\304_18_7_6_1_chair.txt,304,3,0,0,0.8758307695388794,0.124169260263443,0.8758307695388794,"['SpineShoulder', 'SpineBase', 'WristLeft']"
SkeletonData\SkeletonData\RawData\304_18_8_1_1_chair.txt,304,3,0,0,0.9013391137123108,0.09866088628768921,0.9013391137123108,"['SpineShoulder', 'SpineBase', 'WristLeft']"
SkeletonData\SkeletonData\RawData\304_18_8_2_1_chair.txt,304,3,0,0,0.9235708117485046,0.07642922550439835,0.9235708117485046,"['SpineShoulder', 'SpineBase', 'WristLeft']"
SkeletonData\SkeletonData\RawData\304_18_8_3_1_chair.txt,304,3,0,0,0.9356737732887268,0.06432628631591797,0.9356737732887268,"['SpineShoulder', 'SpineBase', 'WristLeft']"
SkeletonData\SkeletonData\RawData\304_18_8_4_1_chair.txt,304,3,0,0,0.9315162301063538,0.06848378479480743,0.9315162301063538,"['SpineShoulder', 'SpineBase', 'WristLeft']"
SkeletonData\SkeletonData\RawData\304_18_8_5_1_chair.txt,304,3,0,0,0.9505161046981812,0.049483850598335266,0.9505161046981812,"['SpineShoulder', 'SpineBase', 'WristLeft']"
SkeletonData\SkeletonData\RawData\304_18_8_6_1_chair.txt,304,3,0,0,0.9494959712028503,0.05050405114889145,0.9494959712028503,"['SpineShoulder', 'SpineBase', 'WristLeft']"
SkeletonData\SkeletonData\RawData\305_18_0_10_1_stand.txt,305,3,0,0,0.9353572130203247,0.06464280933141708,0.9353572130203247,"['SpineShoulder', 'SpineBase', 'WristLeft']"
SkeletonData\SkeletonData\RawData\305_18_0_11_1_stand.txt,305,3,0,0,0.9717976450920105,0.028202364221215248,0.9717976450920105,"['SpineShoulder', 'SpineBase', 'WristLeft']"
SkeletonData\SkeletonData\RawData\305_18_0_12_1_stand.txt,305,3,0,0,0.9156316518783569,0.08436831086874008,0.9156316518783569,"['SpineShoulder', 'SpineBase', 'WristLeft']"
SkeletonData\SkeletonData\RawData\305_18_0_1_1_chair.txt,305,3,0,1,0.4242830276489258,0.5757169723510742,0.5757169723510742,"['SpineShoulder', 'SpineBase', 'WristRight']"
SkeletonData\SkeletonData\RawData\305_18_0_2_1_chair.txt,305,3,0,1,0.38054385781288147,0.6194561123847961,0.6194561123847961,"['SpineShoulder', 'SpineBase', 'WristRight']"
SkeletonData\SkeletonData\RawData\305_18_0_3_1_chair.txt,305,3,0,1,0.24640274047851562,0.7535973191261292,0.7535973191261292,"['SpineShoulder', 'SpineBase', 'WristRight']"
SkeletonData\SkeletonData\RawData\305_18_0_4_1_chair.txt,305,3,0,1,0.2842559218406677,0.7157440781593323,0.7157440781593323,"['SpineShoulder', 'SpineBase', 'WristRight']"
SkeletonData\SkeletonData\RawData\305_18_0_5_1_chair.txt,305,3,0,1,0.4265540540218353,0.5734459161758423,0.5734459161758423,"['SpineShoulder', 'SpineBase', 'WristRight']"
SkeletonData\SkeletonData\RawData\305_18_0_6_1_chair.txt,305,3,0,1,0.29257580637931824,0.7074242234230042,0.7074242234230042,"['SpineShoulder', 'SpineBase', 'WristRight']"
SkeletonData\SkeletonData\RawData\305_18_0_7_1_stand.txt,305,3,0,0,0.9385318756103516,0.06146816536784172,0.9385318756103516,"['SpineShoulder', 'SpineBase', 'WristLeft']"
SkeletonData\SkeletonData\RawData\305_18_0_8_1_stand.txt,305,3,0,0,0.965288519859314,0.03471146523952484,0.965288519859314,"['SpineShoulder', 'SpineBase', 'WristLeft']"
SkeletonData\SkeletonData\RawData\305_18_0_9_1_stand.txt,305,3,0,0,0.9642947316169739,0.03570534288883209,0.9642947316169739,"['SpineShoulder', 'SpineBase', 'WristLeft']"
SkeletonData\SkeletonData\RawData\305_18_1_10_1_stand.txt,305,3,0,0,0.9833514094352722,0.016648590564727783,0.9833514094352722,"['SpineShoulder', 'SpineBase', 'WristRight']"
SkeletonData\SkeletonData\RawData\305_18_1_11_1_stand.txt,305,3,0,0,0.9830473065376282,0.016952672973275185,0.9830473065376282,"['SpineShoulder', 'SpineBase', 'WristRight']"
SkeletonData\SkeletonData\RawData\305_18_1_12_1_stand.txt,305,3,0,0,0.9830476641654968,0.01695232465863228,0.9830476641654968,"['SpineShoulder', 'SpineBase', 'WristRight']"
SkeletonData\SkeletonData\RawData\305_18_1_1_1_chair.txt,305,3,0,0,0.6123798489570618,0.38762015104293823,0.6123798489570618,"['SpineShoulder', 'SpineBase', 'WristRight']"
SkeletonData\SkeletonData\RawData\305_18_1_2_1_chair.txt,305,3,0,0,0.658750593662262,0.34124937653541565,0.658750593662262,"['SpineShoulder', 'SpineBase', 'WristRight']"
SkeletonData\SkeletonData\RawData\305_18_1_3_1_chair.txt,305,3,0,0,0.6888783574104309,0.3111216425895691,0.6888783574104309,"['SpineShoulder', 'SpineBase', 'WristRight']"
SkeletonData\SkeletonData\RawData\305_18_1_4_1_chair.txt,305,3,0,0,0.6513828039169312,0.3486172556877136,0.6513828039169312,"['SpineShoulder', 'SpineBase', 'WristRight']"
SkeletonData\SkeletonData\RawData\305_18_1_5_1_chair.txt,305,3,0,1,0.42601463198661804,0.5739853978157043,0.5739853978157043,"['SpineShoulder', 'SpineBase', 'WristRight']"
SkeletonData\SkeletonData\RawData\305_18_1_6_1_chair.txt,305,3,0,0,0.6303845047950745,0.36961549520492554,0.6303845047950745,"['SpineShoulder', 'SpineBase', 'WristRight']"
SkeletonData\SkeletonData\RawData\305_18_1_7_1_stand.txt,305,3,0,0,0.905820906162262,0.09417910873889923,0.905820906162262,"['SpineShoulder', 'SpineBase', 'WristRight']"
SkeletonData\SkeletonData\RawData\305_18_1_8_1_stand.txt,305,3,0,0,0.8981677889823914,0.10183219611644745,0.8981677889823914,"['SpineShoulder', 'SpineBase', 'WristRight']"
SkeletonData\SkeletonData\RawData\305_18_1_9_1_stand.txt,305,3,0,0,0.9718688130378723,0.02813115529716015,0.9718688130378723,"['SpineShoulder', 'SpineBase', 'WristRight']"
SkeletonData\SkeletonData\RawData\305_18_2_1_1_stand.txt,305,3,0,0,0.9789001941680908,0.02109980583190918,0.9789001941680908,"['SpineShoulder', 'SpineBase', 'WristRight']"
SkeletonData\SkeletonData\RawData\305_18_2_2_1_stand.txt,305,3,0,0,0.9880140423774719,0.011985929682850838,0.9880140423774719,"['SpineShoulder', 'SpineBase', 'WristRight']"
SkeletonData\SkeletonData\RawData\305_18_2_3_1_stand.txt,305,3,0,0,0.9868027567863464,0.013197218999266624,0.9868027567863464,"['SpineShoulder', 'SpineBase', 'WristRight']"
SkeletonData\SkeletonData\RawData\305_18_2_4_1_stand.txt,305,3,0,0,0.9873741269111633,0.012625876814126968,0.9873741269111633,"['SpineShoulder', 'SpineBase', 'WristRight']"
SkeletonData\SkeletonData\RawData\305_18_2_5_1_stand.txt,305,3,0,0,0.9776466488838196,0.02235333062708378,0.9776466488838196,"['SpineShoulder', 'SpineBase', 'WristRight']"
SkeletonData\SkeletonData\RawData\305_18_2_6_1_stand.txt,305,3,0,0,0.9875730872154236,0.01242691557854414,0.9875730872154236,"['SpineShoulder', 'SpineBase', 'WristRight']"
SkeletonData\SkeletonData\RawData\305_18_3_1_1_stand.txt,305,3,0,0,0.9875646233558655,0.01243536826223135,0.9875646233558655,"['SpineShoulder', 'SpineBase', 'WristLeft']"
SkeletonData\SkeletonData\RawData\305_18_3_2_1_stand.txt,305,3,0,0,0.9888801574707031,0.011119874194264412,0.9888801574707031,"['SpineShoulder', 'SpineBase', 'WristRight']"
SkeletonData\SkeletonData\RawData\305_18_3_3_1_stand.txt,305,3,0,0,0.9663659334182739,0.03363408148288727,0.9663659334182739,"['SpineShoulder', 'SpineBase', 'WristRight']"
SkeletonData\SkeletonData\RawData\305_18_3_4_1_stand.txt,305,3,0,0,0.9515686631202698,0.048431333154439926,0.9515686631202698,"['SpineShoulder', 'SpineBase', 'WristRight']"
SkeletonData\SkeletonData\RawData\305_18_3_5_1_stand.txt,305,3,0,0,0.9754624366760254,0.02453763782978058,0.9754624366760254,"['SpineShoulder', 'SpineBase', 'WristRight']"
SkeletonData\SkeletonData\RawData\305_18_3_6_1_stand.txt,305,3,0,0,0.9793886542320251,0.020611336454749107,0.9793886542320251,"['SpineShoulder', 'SpineBase', 'WristRight']"
SkeletonData\SkeletonData\RawData\305_18_4_10_1_stand.txt,305,3,0,0,0.922823429107666,0.07717656344175339,0.922823429107666,"['SpineShoulder', 'SpineBase', 'WristRight']"
SkeletonData\SkeletonData\RawData\305_18_4_11_1_stand.txt,305,3,0,0,0.9769969582557678,0.023003103211522102,0.9769969582557678,"['SpineShoulder', 'SpineBase', 'WristRight']"
SkeletonData\SkeletonData\RawData\305_18_4_12_1_stand.txt,305,3,0,0,0.9613538384437561,0.038646142929792404,0.9613538384437561,"['SpineShoulder', 'SpineBase', 'WristRight']"
SkeletonData\SkeletonData\RawData\305_18_4_1_1_chair.txt,305,3,0,0,0.658779501914978,0.341220498085022,0.658779501914978,"['SpineShoulder', 'SpineBase', 'WristRight']"
SkeletonData\SkeletonData\RawData\305_18_4_2_1_chair.txt,305,3,0,0,0.8831877112388611,0.11681225895881653,0.8831877112388611,"['SpineShoulder', 'SpineBase', 'WristRight']"
SkeletonData\SkeletonData\RawData\305_18_4_3_1_chair.txt,305,3,0,0,0.9116091132164001,0.08839088678359985,0.9116091132164001,"['SpineShoulder', 'SpineBase', 'WristRight']"
SkeletonData\SkeletonData\RawData\305_18_4_4_1_chair.txt,305,3,0,0,0.9080785512924194,0.09192150086164474,0.9080785512924194,"['SpineShoulder', 'SpineBase', 'WristRight']"
SkeletonData\SkeletonData\RawData\305_18_4_5_1_chair.txt,305,3,0,0,0.9048183560371399,0.0951816588640213,0.9048183560371399,"['SpineShoulder', 'SpineBase', 'WristRight']"
SkeletonData\SkeletonData\RawData\305_18_4_6_1_chair.txt,305,3,0,0,0.7181834578514099,0.2818165719509125,0.7181834578514099,"['SpineShoulder', 'SpineBase', 'WristRight']"
SkeletonData\SkeletonData\RawData\305_18_4_7_1_stand.txt,305,3,0,0,0.985310435295105,0.014689610339701176,0.985310435295105,"['SpineShoulder', 'SpineBase', 'WristRight']"
SkeletonData\SkeletonData\RawData\305_18_4_8_1_stand.txt,305,3,0,0,0.9560537934303284,0.043946273624897,0.9560537934303284,"['SpineShoulder', 'SpineBase', 'WristRight']"
SkeletonData\SkeletonData\RawData\305_18_4_9_1_stand.txt,305,3,0,0,0.9500586986541748,0.04994126781821251,0.9500586986541748,"['SpineShoulder', 'SpineBase', 'WristRight']"
SkeletonData\SkeletonData\RawData\305_18_5_10_1_stand.txt,305,3,0,0,0.9670317769050598,0.03296823427081108,0.9670317769050598,"['SpineShoulder', 'SpineBase', 'WristLeft']"
SkeletonData\SkeletonData\RawData\305_18_5_11_1_stand.txt,305,3,0,0,0.986861526966095,0.013138528913259506,0.986861526966095,"['SpineShoulder', 'SpineBase', 'WristLeft']"
SkeletonData\SkeletonData\RawData\305_18_5_12_1_stand.txt,305,3,0,0,0.9895688891410828,0.010431093163788319,0.9895688891410828,"['SpineShoulder', 'SpineBase', 'WristLeft']"
SkeletonData\SkeletonData\RawData\305_18_5_1_1_chair.txt,305,3,0,0,0.9445561766624451,0.05544380098581314,0.9445561766624451,"['SpineShoulder', 'SpineBase', 'WristLeft']"
SkeletonData\SkeletonData\RawData\305_18_5_2_1_chair.txt,305,3,0,0,0.9407403469085693,0.05925969034433365,0.9407403469085693,"['SpineShoulder', 'SpineBase', 'WristLeft']"
SkeletonData\SkeletonData\RawData\305_18_5_3_1_chair.txt,305,3,0,0,0.9438426494598389,0.056157391518354416,0.9438426494598389,"['SpineShoulder', 'SpineBase', 'WristLeft']"
SkeletonData\SkeletonData\RawData\305_18_5_4_1_chair.txt,305,3,0,0,0.9188112616539001,0.08118876069784164,0.9188112616539001,"['SpineShoulder', 'SpineBase', 'WristLeft']"
SkeletonData\SkeletonData\RawData\305_18_5_5_1_chair.txt,305,3,0,0,0.9110984206199646,0.08890160173177719,0.9110984206199646,"['SpineShoulder', 'SpineBase', 'WristLeft']"
SkeletonData\SkeletonData\RawData\305_18_5_6_1_chair.txt,305,3,0,0,0.8974318504333496,0.1025681272149086,0.8974318504333496,"['SpineShoulder', 'SpineBase', 'WristLeft']"
SkeletonData\SkeletonData\RawData\305_18_5_7_1_stand.txt,305,3,0,0,0.9769569635391235,0.023042995482683182,0.9769569635391235,"['SpineShoulder', 'SpineBase', 'WristLeft']"
SkeletonData\SkeletonData\RawData\305_18_5_8_1_stand.txt,305,3,0,0,0.9668058753013611,0.03319413587450981,0.9668058753013611,"['SpineShoulder', 'SpineBase', 'WristRight']"
SkeletonData\SkeletonData\RawData\305_18_5_9_1_stand.txt,305,3,0,0,0.9618908762931824,0.03810909017920494,0.9618908762931824,"['SpineShoulder', 'SpineBase', 'WristLeft']"
SkeletonData\SkeletonData\RawData\305_18_6_10_1_stand.txt,305,3,0,0,0.9700139760971069,0.02998601458966732,0.9700139760971069,"['SpineShoulder', 'SpineBase', 'WristLeft']"
SkeletonData\SkeletonData\RawData\305_18_6_11_1_stand.txt,305,3,0,0,0.9081436395645142,0.09185633063316345,0.9081436395645142,"['SpineShoulder', 'SpineBase', 'WristLeft']"
SkeletonData\SkeletonData\RawData\305_18_6_12_1_stand.txt,305,3,0,0,0.9844958782196045,0.015504106879234314,0.9844958782196045,"['SpineShoulder', 'SpineBase', 'WristLeft']"
SkeletonData\SkeletonData\RawData\305_18_6_1_1_chair.txt,305,3,0,0,0.9795753359794617,0.020424656569957733,0.9795753359794617,"['SpineShoulder', 'SpineBase', 'WristLeft']"
SkeletonData\SkeletonData\RawData\305_18_6_2_1_chair.txt,305,3,0,0,0.9869586825370789,0.013041310012340546,0.9869586825370789,"['SpineShoulder', 'SpineBase', 'WristLeft']"
SkeletonData\SkeletonData\RawData\305_18_6_3_1_chair.txt,305,3,0,0,0.9771489500999451,0.022851023823022842,0.9771489500999451,"['SpineShoulder', 'SpineBase', 'WristLeft']"
SkeletonData\SkeletonData\RawData\305_18_6_4_1_chair.txt,305,3,0,0,0.9767240285873413,0.023276029154658318,0.9767240285873413,"['SpineShoulder', 'SpineBase', 'WristLeft']"
SkeletonData\SkeletonData\RawData\305_18_6_5_1_chair.txt,305,3,0,0,0.9799895882606506,0.02001042105257511,0.9799895882606506,"['SpineShoulder', 'SpineBase', 'WristLeft']"
SkeletonData\SkeletonData\RawData\305_18_6_6_1_chair.txt,305,3,0,0,0.9820703268051147,0.017929699271917343,0.9820703268051147,"['SpineShoulder', 'SpineBase', 'WristLeft']"
SkeletonData\SkeletonData\RawData\305_18_6_7_1_stand.txt,305,3,0,0,0.9937455654144287,0.006254350300878286,0.9937455654144287,"['SpineShoulder', 'SpineBase', 'WristLeft']"
SkeletonData\SkeletonData\RawData\305_18_6_8_1_stand.txt,305,3,0,0,0.9601088166236877,0.03989121690392494,0.9601088166236877,"['SpineShoulder', 'SpineBase', 'WristLeft']"
SkeletonData\SkeletonData\RawData\305_18_6_9_1_stand.txt,305,3,0,0,0.9825795888900757,0.017420457676053047,0.9825795888900757,"['SpineShoulder', 'SpineBase', 'WristLeft']"
SkeletonData\SkeletonData\RawData\305_18_7_10_1_stand.txt,305,3,0,0,0.9209355711936951,0.07906439155340195,0.9209355711936951,"['SpineShoulder', 'SpineBase', 'WristRight']"
SkeletonData\SkeletonData\RawData\305_18_7_11_1_stand.txt,305,3,0,0,0.775077223777771,0.22492283582687378,0.775077223777771,"['SpineShoulder', 'SpineBase', 'WristRight']"
SkeletonData\SkeletonData\RawData\305_18_7_12_1_stand.txt,305,3,0,0,0.7560906410217285,0.2439093291759491,0.7560906410217285,"['SpineShoulder', 'SpineBase', 'WristRight']"
SkeletonData\SkeletonData\RawData\305_18_7_1_1_chair.txt,305,3,0,0,0.8948861360549927,0.1051139086484909,0.8948861360549927,"['SpineShoulder', 'SpineBase', 'WristLeft']"
SkeletonData\SkeletonData\RawData\305_18_7_2_1_chair.txt,305,3,0,0,0.8843541145324707,0.1156458631157875,0.8843541145324707,"['SpineShoulder', 'SpineBase', 'WristLeft']"
SkeletonData\SkeletonData\RawData\305_18_7_3_1_chair.txt,305,3,0,0,0.8693016767501831,0.1306983232498169,0.8693016767501831,"['SpineShoulder', 'SpineBase', 'WristLeft']"
SkeletonData\SkeletonData\RawData\305_18_7_4_1_chair.txt,305,3,0,0,0.9205875992774963,0.07941239327192307,0.9205875992774963,"['SpineShoulder', 'SpineBase', 'WristLeft']"
SkeletonData\SkeletonData\RawData\305_18_7_5_1_chair.txt,305,3,0,0,0.8229581117630005,0.17704182863235474,0.8229581117630005,"['SpineShoulder', 'SpineBase', 'WristRight']"
SkeletonData\SkeletonData\RawData\305_18_7_6_1_chair.txt,305,3,0,0,0.9252268671989441,0.07477321475744247,0.9252268671989441,"['SpineShoulder', 'SpineBase', 'WristRight']"
SkeletonData\SkeletonData\RawData\305_18_7_7_1_stand.txt,305,3,0,0,0.9512802362442017,0.048719700425863266,0.9512802362442017,"['SpineShoulder', 'SpineBase', 'WristLeft']"
SkeletonData\SkeletonData\RawData\305_18_7_8_1_stand.txt,305,3,0,0,0.7288892865180969,0.27111077308654785,0.7288892865180969,"['SpineShoulder', 'SpineBase', 'WristRight']"
SkeletonData\SkeletonData\RawData\305_18_7_9_1_stand.txt,305,3,0,0,0.7295712828636169,0.27042868733406067,0.7295712828636169,"['SpineShoulder', 'SpineBase', 'WristRight']"
SkeletonData\SkeletonData\RawData\305_18_8_10_1_stand.txt,305,3,0,0,0.9748099446296692,0.02519003301858902,0.9748099446296692,"['SpineShoulder', 'SpineBase', 'WristLeft']"
SkeletonData\SkeletonData\RawData\305_18_8_11_1_stand.txt,305,3,0,0,0.9748249053955078,0.025175126269459724,0.9748249053955078,"['SpineShoulder', 'SpineBase', 'WristLeft']"
SkeletonData\SkeletonData\RawData\305_18_8_12_1_stand.txt,305,3,0,0,0.9739479422569275,0.026052039116621017,0.9739479422569275,"['SpineShoulder', 'SpineBase', 'WristLeft']"
SkeletonData\SkeletonData\RawData\305_18_8_1_1_chair.txt,305,3,0,0,0.9390217661857605,0.06097828224301338,0.9390217661857605,"['SpineShoulder', 'SpineBase', 'WristLeft']"
SkeletonData\SkeletonData\RawData\305_18_8_2_1_chair.txt,305,3,0,0,0.942249596118927,0.0577503964304924,0.942249596118927,"['SpineShoulder', 'SpineBase', 'WristRight']"
SkeletonData\SkeletonData\RawData\305_18_8_3_1_chair.txt,305,3,0,0,0.9330659508705139,0.06693407148122787,0.9330659508705139,"['SpineShoulder', 'SpineBase', 'WristRight']"
SkeletonData\SkeletonData\RawData\305_18_8_4_1_chair.txt,305,3,0,0,0.9244596362113953,0.07554034143686295,0.9244596362113953,"['SpineShoulder', 'SpineBase', 'WristRight']"
SkeletonData\SkeletonData\RawData\305_18_8_5_1_chair.txt,305,3,0,0,0.9295100569725037,0.07048990577459335,0.9295100569725037,"['SpineShoulder', 'SpineBase', 'WristRight']"
SkeletonData\SkeletonData\RawData\305_18_8_6_1_chair.txt,305,3,0,0,0.8223476409912109,0.17765238881111145,0.8223476409912109,"['SpineShoulder', 'SpineBase', 'WristRight']"
SkeletonData\SkeletonData\RawData\305_18_8_7_1_stand.txt,305,3,0,0,0.9733834862709045,0.026616539806127548,0.9733834862709045,"['SpineShoulder', 'SpineBase', 'WristLeft']"
SkeletonData\SkeletonData\RawData\305_18_8_8_1_stand.txt,305,3,0,0,0.973380982875824,0.02661897800862789,0.973380982875824,"['SpineShoulder', 'SpineBase', 'WristLeft']"
SkeletonData\SkeletonData\RawData\305_18_8_9_1_stand.txt,305,3,0,0,0.9742634296417236,0.02573656290769577,0.9742634296417236,"['SpineShoulder', 'SpineBase', 'WristLeft']"
SkeletonData\SkeletonData\RawData\306_18_0_10_1_stand.txt,306,4,0,0,0.992886483669281,0.007113482803106308,0.992886483669281,"['SpineShoulder', 'SpineBase', 'WristLeft']"
SkeletonData\SkeletonData\RawData\306_18_0_11_1_stand.txt,306,4,0,0,0.9403360486030579,0.059663910418748856,0.9403360486030579,"['SpineShoulder', 'SpineBase', 'WristLeft']"
SkeletonData\SkeletonData\RawData\306_18_0_12_1_stand.txt,306,4,0,0,0.9784677028656006,0.021532295271754265,0.9784677028656006,"['SpineShoulder', 'SpineBase', 'WristLeft']"
SkeletonData\SkeletonData\RawData\306_18_0_1_1_sit.txt,306,4,0,0,0.9893231987953186,0.010676790960133076,0.9893231987953186,"['SpineShoulder', 'SpineBase', 'WristLeft']"
SkeletonData\SkeletonData\RawData\306_18_0_2_1_sit.txt,306,4,0,0,0.9891748428344727,0.01082522887736559,0.9891748428344727,"['SpineShoulder', 'SpineBase', 'WristLeft']"
SkeletonData\SkeletonData\RawData\306_18_0_3_1_sit.txt,306,4,0,0,0.9758772850036621,0.02412274293601513,0.9758772850036621,"['SpineShoulder', 'SpineBase', 'WristLeft']"
SkeletonData\SkeletonData\RawData\306_18_0_4_1_sit.txt,306,4,0,0,0.9880942702293396,0.011905796825885773,0.9880942702293396,"['SpineShoulder', 'SpineBase', 'WristLeft']"
SkeletonData\SkeletonData\RawData\306_18_0_5_1_sit.txt,306,4,0,0,0.9641028642654419,0.03589718043804169,0.9641028642654419,"['SpineShoulder', 'SpineBase', 'WristLeft']"
SkeletonData\SkeletonData\RawData\306_18_0_6_1_sit.txt,306,4,0,0,0.981539785861969,0.018460243940353394,0.981539785861969,"['SpineShoulder', 'SpineBase', 'WristLeft']"
SkeletonData\SkeletonData\RawData\306_18_0_7_1_stand.txt,306,4,0,0,0.9901098608970642,0.009890071116387844,0.9901098608970642,"['SpineShoulder', 'SpineBase', 'WristLeft']"
SkeletonData\SkeletonData\RawData\306_18_0_8_1_stand.txt,306,4,0,0,0.9598095417022705,0.0401904433965683,0.9598095417022705,"['SpineShoulder', 'SpineBase', 'WristLeft']"
SkeletonData\SkeletonData\RawData\306_18_0_9_1_stand.txt,306,4,0,0,0.9451102018356323,0.054889775812625885,0.9451102018356323,"['SpineShoulder', 'SpineBase', 'WristLeft']"
SkeletonData\SkeletonData\RawData\306_18_1_10_1_stand.txt,306,4,0,0,0.99265456199646,0.007345398887991905,0.99265456199646,"['SpineShoulder', 'SpineBase', 'WristRight']"
SkeletonData\SkeletonData\RawData\306_18_1_11_1_stand.txt,306,4,0,0,0.9929147958755493,0.007085138000547886,0.9929147958755493,"['SpineShoulder', 'SpineBase', 'WristRight']"
SkeletonData\SkeletonData\RawData\306_18_1_12_1_stand.txt,306,4,0,0,0.9863618612289429,0.013638144358992577,0.9863618612289429,"['SpineShoulder', 'SpineBase', 'WristRight']"
SkeletonData\SkeletonData\RawData\306_18_1_1_1_sit.txt,306,4,0,0,0.965937614440918,0.03406238183379173,0.965937614440918,"['SpineShoulder', 'SpineBase', 'WristRight']"
SkeletonData\SkeletonData\RawData\306_18_1_2_1_sit.txt,306,4,0,0,0.9778198599815369,0.022180132567882538,0.9778198599815369,"['SpineShoulder', 'SpineBase', 'WristRight']"
SkeletonData\SkeletonData\RawData\306_18_1_3_1_sit.txt,306,4,0,0,0.9686597585678101,0.03134026378393173,0.9686597585678101,"['SpineShoulder', 'SpineBase', 'WristRight']"
SkeletonData\SkeletonData\RawData\306_18_1_4_1_sit.txt,306,4,0,0,0.9747503399848938,0.02524968981742859,0.9747503399848938,"['SpineShoulder', 'SpineBase', 'WristRight']"
SkeletonData\SkeletonData\RawData\306_18_1_5_1_sit.txt,306,4,0,0,0.9775835275650024,0.022416511550545692,0.9775835275650024,"['SpineShoulder', 'SpineBase', 'WristRight']"
SkeletonData\SkeletonData\RawData\306_18_1_6_1_sit.txt,306,4,0,0,0.9794292449951172,0.02057071216404438,0.9794292449951172,"['SpineShoulder', 'SpineBase', 'WristRight']"
SkeletonData\SkeletonData\RawData\306_18_1_7_1_stand.txt,306,4,0,0,0.9740784764289856,0.025921471416950226,0.9740784764289856,"['SpineShoulder', 'SpineBase', 'WristRight']"
SkeletonData\SkeletonData\RawData\306_18_1_8_1_stand.txt,306,4,0,0,0.9825044274330139,0.017495635896921158,0.9825044274330139,"['SpineShoulder', 'SpineBase', 'WristRight']"
SkeletonData\SkeletonData\RawData\306_18_1_9_1_stand.txt,306,4,0,0,0.9789998531341553,0.021000200882554054,0.9789998531341553,"['SpineShoulder', 'SpineBase', 'WristRight']"
SkeletonData\SkeletonData\RawData\306_18_2_10_1_stand.txt,306,4,0,0,0.9753299355506897,0.02467011660337448,0.9753299355506897,"['SpineShoulder', 'SpineBase', 'WristRight']"
SkeletonData\SkeletonData\RawData\306_18_2_11_1_stand.txt,306,4,0,0,0.9582768678665161,0.04172319546341896,0.9582768678665161,"['SpineShoulder', 'SpineBase', 'WristRight']"
SkeletonData\SkeletonData\RawData\306_18_2_12_1_stand.txt,306,4,0,0,0.9802785515785217,0.01972149685025215,0.9802785515785217,"['SpineShoulder', 'SpineBase', 'WristRight']"
SkeletonData\SkeletonData\RawData\306_18_2_1_1_sit.txt,306,4,0,0,0.9891252517700195,0.010874718427658081,0.9891252517700195,"['SpineShoulder', 'SpineBase', 'WristRight']"
SkeletonData\SkeletonData\RawData\306_18_2_2_1_sit.txt,306,4,0,0,0.9800508618354797,0.01994916796684265,0.9800508618354797,"['SpineShoulder', 'SpineBase', 'WristRight']"
SkeletonData\SkeletonData\RawData\306_18_2_3_1_sit.txt,306,4,0,0,0.9847811460494995,0.015218863263726234,0.9847811460494995,"['SpineShoulder', 'SpineBase', 'WristRight']"
SkeletonData\SkeletonData\RawData\306_18_2_4_1_sit.txt,306,4,0,0,0.979353129863739,0.02064688503742218,0.979353129863739,"['SpineShoulder', 'SpineBase', 'WristRight']"
SkeletonData\SkeletonData\RawData\306_18_2_5_1_sit.txt,306,4,0,0,0.979286789894104,0.02071322873234749,0.979286789894104,"['SpineShoulder', 'SpineBase', 'WristRight']"
SkeletonData\SkeletonData\RawData\306_18_2_6_1_sit.txt,306,4,0,0,0.9875802993774414,0.012419696897268295,0.9875802993774414,"['SpineShoulder', 'SpineBase', 'WristRight']"
SkeletonData\SkeletonData\RawData\306_18_2_7_1_stand.txt,306,4,0,0,0.9802724719047546,0.019727583974599838,0.9802724719047546,"['SpineShoulder', 'SpineBase', 'WristRight']"
SkeletonData\SkeletonData\RawData\306_18_2_8_1_stand.txt,306,4,0,0,0.9687985777854919,0.03120136819779873,0.9687985777854919,"['SpineShoulder', 'SpineBase', 'WristRight']"
SkeletonData\SkeletonData\RawData\306_18_2_9_1_stand.txt,306,4,0,0,0.98091059923172,0.01908944360911846,0.98091059923172,"['SpineShoulder', 'SpineBase', 'WristRight']"
SkeletonData\SkeletonData\RawData\306_18_3_10_1_stand.txt,306,4,0,0,0.9826247096061707,0.017375290393829346,0.9826247096061707,"['SpineShoulder', 'SpineBase', 'WristRight']"
SkeletonData\SkeletonData\RawData\306_18_3_11_1_stand.txt,306,4,0,0,0.9821012616157532,0.017898794263601303,0.9821012616157532,"['SpineShoulder', 'SpineBase', 'WristRight']"
SkeletonData\SkeletonData\RawData\306_18_3_12_1_stand.txt,306,4,0,0,0.9845901727676392,0.015409867279231548,0.9845901727676392,"['SpineShoulder', 'SpineBase', 'WristRight']"
SkeletonData\SkeletonData\RawData\306_18_3_1_1_sit.txt,306,4,0,0,0.9865612387657166,0.013438777066767216,0.9865612387657166,"['SpineShoulder', 'SpineBase', 'WristRight']"
SkeletonData\SkeletonData\RawData\306_18_3_2_1_sit.txt,306,4,0,0,0.9862025380134583,0.013797460123896599,0.9862025380134583,"['SpineShoulder', 'SpineBase', 'WristRight']"
SkeletonData\SkeletonData\RawData\306_18_3_3_1_sit.txt,306,4,0,0,0.9882720112800598,0.01172800362110138,0.9882720112800598,"['SpineShoulder', 'SpineBase', 'WristRight']"
SkeletonData\SkeletonData\RawData\306_18_3_4_1_sit.txt,306,4,0,0,0.9841761589050293,0.015823811292648315,0.9841761589050293,"['SpineShoulder', 'SpineBase', 'WristRight']"
SkeletonData\SkeletonData\RawData\306_18_3_5_1_sit.txt,306,4,0,0,0.9874171018600464,0.012582874856889248,0.9874171018600464,"['SpineShoulder', 'SpineBase', 'WristRight']"
SkeletonData\SkeletonData\RawData\306_18_3_6_1_sit.txt,306,4,0,0,0.9835854768753052,0.016414500772953033,0.9835854768753052,"['SpineShoulder', 'SpineBase', 'WristRight']"
SkeletonData\SkeletonData\RawData\306_18_3_7_1_stand.txt,306,4,0,0,0.976836085319519,0.023163912817835808,0.976836085319519,"['SpineShoulder', 'SpineBase', 'WristRight']"
SkeletonData\SkeletonData\RawData\306_18_3_8_1_stand.txt,306,4,0,0,0.9839010834693909,0.01609884575009346,0.9839010834693909,"['SpineShoulder', 'SpineBase', 'WristRight']"
SkeletonData\SkeletonData\RawData\306_18_3_9_1_stand.txt,306,4,0,0,0.9784975051879883,0.0215025395154953,0.9784975051879883,"['SpineShoulder', 'SpineBase', 'WristRight']"
SkeletonData\SkeletonData\RawData\306_18_4_10_1_stand.txt,306,4,0,0,0.9460179805755615,0.053982023149728775,0.9460179805755615,"['SpineShoulder', 'SpineBase', 'WristRight']"
SkeletonData\SkeletonData\RawData\306_18_4_11_1_stand.txt,306,4,0,0,0.9361869096755981,0.06381309032440186,0.9361869096755981,"['SpineShoulder', 'SpineBase', 'WristRight']"
SkeletonData\SkeletonData\RawData\306_18_4_12_1_stand.txt,306,4,0,0,0.9705016016960144,0.029498441144824028,0.9705016016960144,"['SpineShoulder', 'SpineBase', 'WristRight']"
SkeletonData\SkeletonData\RawData\306_18_4_1_1_sit.txt,306,4,0,0,0.9463151693344116,0.05368487536907196,0.9463151693344116,"['SpineShoulder', 'SpineBase', 'WristRight']"
SkeletonData\SkeletonData\RawData\306_18_4_2_1_sit.txt,306,4,0,0,0.9454193711280823,0.05458057299256325,0.9454193711280823,"['SpineShoulder', 'SpineBase', 'WristRight']"
SkeletonData\SkeletonData\RawData\306_18_4_3_1_sit.txt,306,4,0,0,0.9522373080253601,0.04776263236999512,0.9522373080253601,"['SpineShoulder', 'SpineBase', 'WristRight']"
SkeletonData\SkeletonData\RawData\306_18_4_4_1_sit.txt,306,4,0,0,0.9561540484428406,0.04384593665599823,0.9561540484428406,"['SpineShoulder', 'SpineBase', 'WristRight']"
SkeletonData\SkeletonData\RawData\306_18_4_5_1_sit.txt,306,4,0,0,0.9744848012924194,0.025515180081129074,0.9744848012924194,"['SpineShoulder', 'SpineBase', 'WristRight']"
SkeletonData\SkeletonData\RawData\306_18_4_6_1_sit.txt,306,4,0,0,0.9598610997200012,0.040138933807611465,0.9598610997200012,"['SpineShoulder', 'SpineBase', 'WristRight']"
SkeletonData\SkeletonData\RawData\306_18_4_7_1_stand.txt,306,4,0,0,0.919405996799469,0.08059395104646683,0.919405996799469,"['SpineShoulder', 'SpineBase', 'WristRight']"
SkeletonData\SkeletonData\RawData\306_18_4_8_1_stand.txt,306,4,0,0,0.9694765210151672,0.030523523688316345,0.9694765210151672,"['SpineShoulder', 'SpineBase', 'WristRight']"
SkeletonData\SkeletonData\RawData\306_18_4_9_1_stand.txt,306,4,0,0,0.9284155964851379,0.07158436626195908,0.9284155964851379,"['SpineShoulder', 'SpineBase', 'WristRight']"
SkeletonData\SkeletonData\RawData\306_18_5_10_1_stand.txt,306,4,0,0,0.9834920763969421,0.016507936641573906,0.9834920763969421,"['SpineShoulder', 'SpineBase', 'WristRight']"
SkeletonData\SkeletonData\RawData\306_18_5_11_1_stand.txt,306,4,0,0,0.9851821064949036,0.01481790840625763,0.9851821064949036,"['SpineShoulder', 'SpineBase', 'WristRight']"
SkeletonData\SkeletonData\RawData\306_18_5_12_1_stand.txt,306,4,0,0,0.9843375086784363,0.015662435442209244,0.9843375086784363,"['SpineShoulder', 'SpineBase', 'WristRight']"
SkeletonData\SkeletonData\RawData\306_18_5_1_1_sit.txt,306,4,0,0,0.9766035079956055,0.02339649759232998,0.9766035079956055,"['SpineShoulder', 'SpineBase', 'WristRight']"
SkeletonData\SkeletonData\RawData\306_18_5_2_1_sit.txt,306,4,0,0,0.9784401655197144,0.021559832617640495,0.9784401655197144,"['SpineShoulder', 'SpineBase', 'WristRight']"
SkeletonData\SkeletonData\RawData\306_18_5_3_1_sit.txt,306,4,0,0,0.9795618057250977,0.02043818309903145,0.9795618057250977,"['SpineShoulder', 'SpineBase', 'WristRight']"
SkeletonData\SkeletonData\RawData\306_18_5_4_1_sit.txt,306,4,0,0,0.9795406460762024,0.02045932412147522,0.9795406460762024,"['SpineShoulder', 'SpineBase', 'WristRight']"
SkeletonData\SkeletonData\RawData\306_18_5_5_1_sit.txt,306,4,0,0,0.9797763228416443,0.02022363804280758,0.9797763228416443,"['SpineShoulder', 'SpineBase', 'WristRight']"
SkeletonData\SkeletonData\RawData\306_18_5_6_1_sit.txt,306,4,0,0,0.9795899391174316,0.02040998265147209,0.9795899391174316,"['SpineShoulder', 'SpineBase', 'WristRight']"
SkeletonData\SkeletonData\RawData\306_18_5_7_1_stand.txt,306,4,0,0,0.9872112274169922,0.012788791209459305,0.9872112274169922,"['SpineShoulder', 'SpineBase', 'WristRight']"
SkeletonData\SkeletonData\RawData\306_18_5_8_1_stand.txt,306,4,0,0,0.9875076413154602,0.012492328882217407,0.9875076413154602,"['SpineShoulder', 'SpineBase', 'WristRight']"
SkeletonData\SkeletonData\RawData\306_18_5_9_1_stand.txt,306,4,0,0,0.9832301735877991,0.01676982082426548,0.9832301735877991,"['SpineShoulder', 'SpineBase', 'WristRight']"
SkeletonData\SkeletonData\RawData\306_18_6_10_1_stand.txt,306,4,0,0,0.9901825785636902,0.009817397221922874,0.9901825785636902,"['SpineShoulder', 'SpineBase', 'WristLeft']"
SkeletonData\SkeletonData\RawData\306_18_6_11_1_stand.txt,306,4,0,0,0.9906971454620361,0.009302829392254353,0.9906971454620361,"['SpineShoulder', 'SpineBase', 'WristLeft']"
SkeletonData\SkeletonData\RawData\306_18_6_12_1_stand.txt,306,4,0,0,0.9907971620559692,0.009202833287417889,0.9907971620559692,"['SpineShoulder', 'SpineBase', 'WristLeft']"
SkeletonData\SkeletonData\RawData\306_18_6_13_1_stand.txt,306,4,0,0,0.9875463843345642,0.012453623116016388,0.9875463843345642,"['SpineShoulder', 'SpineBase', 'WristLeft']"
SkeletonData\SkeletonData\RawData\306_18_6_1_1_sit.txt,306,4,0,0,0.9924696087837219,0.00753047363832593,0.9924696087837219,"['SpineShoulder', 'SpineBase', 'WristLeft']"
SkeletonData\SkeletonData\RawData\306_18_6_2_1_sit.txt,306,4,0,0,0.9928656816482544,0.007134312763810158,0.9928656816482544,"['SpineShoulder', 'SpineBase', 'WristLeft']"
SkeletonData\SkeletonData\RawData\306_18_6_3_1_sit.txt,306,4,0,0,0.9923173189163208,0.0076827132143080235,0.9923173189163208,"['SpineShoulder', 'SpineBase', 'WristLeft']"
SkeletonData\SkeletonData\RawData\306_18_6_4_1_sit.txt,306,4,0,0,0.9925116300582886,0.00748833455145359,0.9925116300582886,"['SpineShoulder', 'SpineBase', 'WristLeft']"
SkeletonData\SkeletonData\RawData\306_18_6_5_1_sit.txt,306,4,0,0,0.992573618888855,0.007426343858242035,0.992573618888855,"['SpineShoulder', 'SpineBase', 'WristLeft']"
SkeletonData\SkeletonData\RawData\306_18_6_6_1_sit.txt,306,4,0,0,0.9916602969169617,0.008339712396264076,0.9916602969169617,"['SpineShoulder', 'SpineBase', 'WristLeft']"
SkeletonData\SkeletonData\RawData\306_18_6_7_1_sit.txt,306,4,0,0,0.9927870631217957,0.007212976925075054,0.9927870631217957,"['SpineShoulder', 'SpineBase', 'WristLeft']"
SkeletonData\SkeletonData\RawData\306_18_6_8_1_stand.txt,306,4,0,0,0.9923269152641296,0.007673030719161034,0.9923269152641296,"['SpineShoulder', 'SpineBase', 'WristLeft']"
SkeletonData\SkeletonData\RawData\306_18_6_9_1_stand.txt,306,4,0,0,0.9897816181182861,0.010218353010714054,0.9897816181182861,"['SpineShoulder', 'SpineBase', 'WristLeft']"
SkeletonData\SkeletonData\RawData\306_18_7_10_1_stand.txt,306,4,0,0,0.9202277064323425,0.07977235317230225,0.9202277064323425,"['SpineShoulder', 'SpineBase', 'WristRight']"
SkeletonData\SkeletonData\RawData\306_18_7_11_1_stand.txt,306,4,0,0,0.9535509347915649,0.046449095010757446,0.9535509347915649,"['SpineShoulder', 'SpineBase', 'WristRight']"
SkeletonData\SkeletonData\RawData\306_18_7_12_1_stand.txt,306,4,0,0,0.9327133893966675,0.06728661805391312,0.9327133893966675,"['SpineShoulder', 'SpineBase', 'WristRight']"
SkeletonData\SkeletonData\RawData\306_18_7_1_1_sit.txt,306,4,0,0,0.9604645371437073,0.03953542932868004,0.9604645371437073,"['SpineShoulder', 'SpineBase', 'WristLeft']"
SkeletonData\SkeletonData\RawData\306_18_7_2_1_sit.txt,306,4,0,0,0.8454180955886841,0.15458188951015472,0.8454180955886841,"['SpineShoulder', 'SpineBase', 'WristLeft']"
SkeletonData\SkeletonData\RawData\306_18_7_3_1_sit.txt,306,4,0,0,0.9397615790367126,0.06023840606212616,0.9397615790367126,"['SpineShoulder', 'SpineBase', 'WristLeft']"
SkeletonData\SkeletonData\RawData\306_18_7_4_1_sit.txt,306,4,0,0,0.9312180876731873,0.06878194212913513,0.9312180876731873,"['SpineShoulder', 'SpineBase', 'WristLeft']"
SkeletonData\SkeletonData\RawData\306_18_7_5_1_sit.txt,306,4,0,0,0.9146683216094971,0.08533170074224472,0.9146683216094971,"['SpineShoulder', 'SpineBase', 'WristLeft']"
SkeletonData\SkeletonData\RawData\306_18_7_6_1_sit.txt,306,4,0,0,0.92537522315979,0.07462473213672638,0.92537522315979,"['SpineShoulder', 'SpineBase', 'WristRight']"
SkeletonData\SkeletonData\RawData\306_18_7_7_1_stand.txt,306,4,0,0,0.9700654745101929,0.02993457391858101,0.9700654745101929,"['SpineShoulder', 'SpineBase', 'WristRight']"
SkeletonData\SkeletonData\RawData\306_18_7_8_1_stand.txt,306,4,0,0,0.9702327251434326,0.029767287895083427,0.9702327251434326,"['SpineShoulder', 'SpineBase', 'WristRight']"
SkeletonData\SkeletonData\RawData\306_18_7_9_1_stand.txt,306,4,0,0,0.7388063073158264,0.26119372248649597,0.7388063073158264,"['SpineShoulder', 'SpineBase', 'WristRight']"
SkeletonData\SkeletonData\RawData\306_18_8_10_1_stand.txt,306,4,0,0,0.9682503342628479,0.03174968063831329,0.9682503342628479,"['SpineShoulder', 'SpineBase', 'WristRight']"
SkeletonData\SkeletonData\RawData\306_18_8_11_1_stand.txt,306,4,0,0,0.9599915742874146,0.040008388459682465,0.9599915742874146,"['SpineShoulder', 'SpineBase', 'WristRight']"
SkeletonData\SkeletonData\RawData\306_18_8_12_1_stand.txt,306,4,0,0,0.9639887809753418,0.036011263728141785,0.9639887809753418,"['SpineShoulder', 'SpineBase', 'WristRight']"
SkeletonData\SkeletonData\RawData\306_18_8_1_1_sit.txt,306,4,0,0,0.9493171572685242,0.05068276822566986,0.9493171572685242,"['SpineShoulder', 'SpineBase', 'WristLeft']"
SkeletonData\SkeletonData\RawData\306_18_8_2_1_sit.txt,306,4,0,0,0.8282831311225891,0.17171689867973328,0.8282831311225891,"['SpineShoulder', 'SpineBase', 'WristLeft']"
SkeletonData\SkeletonData\RawData\306_18_8_3_1_sit.txt,306,4,0,0,0.9576297998428345,0.04237017035484314,0.9576297998428345,"['SpineShoulder', 'SpineBase', 'WristLeft']"
SkeletonData\SkeletonData\RawData\306_18_8_4_1_sit.txt,306,4,0,0,0.900566041469574,0.09943392872810364,0.900566041469574,"['SpineShoulder', 'SpineBase', 'WristLeft']"
SkeletonData\SkeletonData\RawData\306_18_8_5_1_sit.txt,306,4,0,0,0.8542579412460327,0.1457419991493225,0.8542579412460327,"['SpineShoulder', 'SpineBase', 'WristLeft']"
SkeletonData\SkeletonData\RawData\306_18_8_6_1_sit.txt,306,4,0,0,0.9510234594345093,0.04897654429078102,0.9510234594345093,"['SpineShoulder', 'SpineBase', 'WristRight']"
SkeletonData\SkeletonData\RawData\306_18_8_7_1_stand.txt,306,4,0,0,0.9457277655601501,0.054272279143333435,0.9457277655601501,"['SpineShoulder', 'SpineBase', 'WristRight']"
SkeletonData\SkeletonData\RawData\306_18_8_8_1_stand.txt,306,4,0,0,0.9654436707496643,0.03455628454685211,0.9654436707496643,"['SpineShoulder', 'SpineBase', 'WristRight']"
SkeletonData\SkeletonData\RawData\306_18_8_9_1_stand.txt,306,4,0,0,0.9740351438522339,0.025964826345443726,0.9740351438522339,"['SpineShoulder', 'SpineBase', 'WristRight']"
SkeletonData\SkeletonData\RawData\307_18_0_10_1_stand.txt,307,5,0,0,0.9865573048591614,0.01344265230000019,0.9865573048591614,"['SpineShoulder', 'SpineBase', 'WristLeft']"
SkeletonData\SkeletonData\RawData\307_18_0_11_1_stand.txt,307,5,0,0,0.989306628704071,0.010693349875509739,0.989306628704071,"['SpineShoulder', 'SpineBase', 'WristLeft']"
SkeletonData\SkeletonData\RawData\307_18_0_1_1_sit.txt,307,5,0,0,0.9549021124839783,0.045097820460796356,0.9549021124839783,"['SpineShoulder', 'SpineBase', 'WristLeft']"
SkeletonData\SkeletonData\RawData\307_18_0_2_1_sit.txt,307,5,0,0,0.9631880521774292,0.036811936646699905,0.9631880521774292,"['SpineShoulder', 'SpineBase', 'WristLeft']"
SkeletonData\SkeletonData\RawData\307_18_0_3_1_sit.txt,307,5,0,0,0.9699810147285461,0.030019020661711693,0.9699810147285461,"['SpineShoulder', 'SpineBase', 'WristLeft']"
SkeletonData\SkeletonData\RawData\307_18_0_4_1_sit.txt,307,5,0,0,0.9461851716041565,0.05381481721997261,0.9461851716041565,"['SpineShoulder', 'SpineBase', 'WristLeft']"
SkeletonData\SkeletonData\RawData\307_18_0_5_1_sit.txt,307,5,0,0,0.9322930574417114,0.06770695745944977,0.9322930574417114,"['SpineShoulder', 'SpineBase', 'WristLeft']"
SkeletonData\SkeletonData\RawData\307_18_0_6_1_stand.txt,307,5,0,0,0.9811386466026306,0.018861327320337296,0.9811386466026306,"['SpineShoulder', 'SpineBase', 'WristLeft']"
SkeletonData\SkeletonData\RawData\307_18_0_7_1_stand.txt,307,5,0,0,0.9821285009384155,0.01787145622074604,0.9821285009384155,"['SpineShoulder', 'SpineBase', 'WristLeft']"
SkeletonData\SkeletonData\RawData\307_18_0_8_1_stand.txt,307,5,0,0,0.9804089069366455,0.019591109827160835,0.9804089069366455,"['SpineShoulder', 'SpineBase', 'WristLeft']"
SkeletonData\SkeletonData\RawData\307_18_0_9_1_stand.txt,307,5,0,0,0.9301652908325195,0.06983467936515808,0.9301652908325195,"['SpineShoulder', 'SpineBase', 'WristLeft']"
SkeletonData\SkeletonData\RawData\307_18_1_10_1_stand.txt,307,5,0,0,0.9894793629646301,0.010520653799176216,0.9894793629646301,"['SpineShoulder', 'SpineBase', 'WristRight']"
SkeletonData\SkeletonData\RawData\307_18_1_11_1_stand.txt,307,5,0,0,0.9895331263542175,0.01046689786016941,0.9895331263542175,"['SpineShoulder', 'SpineBase', 'WristRight']"
SkeletonData\SkeletonData\RawData\307_18_1_12_1_stand.txt,307,5,0,0,0.9918572902679443,0.008142719976603985,0.9918572902679443,"['SpineShoulder', 'SpineBase', 'WristRight']"
SkeletonData\SkeletonData\RawData\307_18_1_13_1_stand.txt,307,5,0,0,0.9890165328979492,0.010983414947986603,0.9890165328979492,"['SpineShoulder', 'SpineBase', 'WristRight']"
SkeletonData\SkeletonData\RawData\307_18_1_1_1_sit.txt,307,5,0,0,0.9770036339759827,0.022996312007308006,0.9770036339759827,"['SpineShoulder', 'SpineBase', 'WristRight']"
SkeletonData\SkeletonData\RawData\307_18_1_2_1_sit.txt,307,5,0,0,0.9753811955451965,0.02461879886686802,0.9753811955451965,"['SpineShoulder', 'SpineBase', 'WristRight']"
SkeletonData\SkeletonData\RawData\307_18_1_3_1_sit.txt,307,5,0,0,0.5549906492233276,0.44500941038131714,0.5549906492233276,"['SpineShoulder', 'SpineBase', 'WristRight']"
SkeletonData\SkeletonData\RawData\307_18_1_4_1_sit.txt,307,5,0,1,0.3301425874233246,0.6698574423789978,0.6698574423789978,"['SpineShoulder', 'SpineBase', 'WristRight']"
SkeletonData\SkeletonData\RawData\307_18_1_5_1_sit.txt,307,5,0,0,0.9653235673904419,0.034676436334848404,0.9653235673904419,"['SpineShoulder', 'SpineBase', 'WristRight']"
SkeletonData\SkeletonData\RawData\307_18_1_6_1_sit.txt,307,5,0,0,0.9563743472099304,0.04362564906477928,0.9563743472099304,"['SpineShoulder', 'SpineBase', 'WristRight']"
SkeletonData\SkeletonData\RawData\307_18_1_7_1_sit.txt,307,5,0,0,0.9852227568626404,0.014777276664972305,0.9852227568626404,"['SpineShoulder', 'SpineBase', 'WristRight']"
SkeletonData\SkeletonData\RawData\307_18_1_8_1_stand.txt,307,5,0,0,0.9918791651725769,0.008120863698422909,0.9918791651725769,"['SpineShoulder', 'SpineBase', 'WristRight']"
SkeletonData\SkeletonData\RawData\307_18_1_9_1_stand.txt,307,5,0,0,0.9924607872962952,0.007539219688624144,0.9924607872962952,"['SpineShoulder', 'SpineBase', 'WristRight']"
SkeletonData\SkeletonData\RawData\307_18_2_10_1_stand.txt,307,5,0,0,0.9749978184700012,0.025002244859933853,0.9749978184700012,"['SpineShoulder', 'SpineBase', 'WristRight']"
SkeletonData\SkeletonData\RawData\307_18_2_11_1_stand.txt,307,5,0,0,0.9706788063049316,0.029321255162358284,0.9706788063049316,"['SpineShoulder', 'SpineBase', 'WristRight']"
SkeletonData\SkeletonData\RawData\307_18_2_12_1_stand.txt,307,5,0,0,0.9802361130714417,0.01976388320326805,0.9802361130714417,"['SpineShoulder', 'SpineBase', 'WristRight']"
SkeletonData\SkeletonData\RawData\307_18_2_1_1_sit.txt,307,5,0,0,0.9864394664764404,0.013560503721237183,0.9864394664764404,"['SpineShoulder', 'SpineBase', 'WristRight']"
SkeletonData\SkeletonData\RawData\307_18_2_2_1_sit.txt,307,5,0,0,0.9859992861747742,0.014000670053064823,0.9859992861747742,"['SpineShoulder', 'SpineBase', 'WristRight']"
SkeletonData\SkeletonData\RawData\307_18_2_3_1_sit.txt,307,5,0,0,0.9862604737281799,0.013739535585045815,0.9862604737281799,"['SpineShoulder', 'SpineBase', 'WristLeft']"
SkeletonData\SkeletonData\RawData\307_18_2_4_1_sit.txt,307,5,0,0,0.9864554405212402,0.013544573448598385,0.9864554405212402,"['SpineShoulder', 'SpineBase', 'WristRight']"
SkeletonData\SkeletonData\RawData\307_18_2_5_1_sit.txt,307,5,0,0,0.9781306385993958,0.0218693595379591,0.9781306385993958,"['SpineShoulder', 'SpineBase', 'WristRight']"
SkeletonData\SkeletonData\RawData\307_18_2_6_1_sit.txt,307,5,0,0,0.9836304187774658,0.016369538381695747,0.9836304187774658,"['SpineShoulder', 'SpineBase', 'WristRight']"
SkeletonData\SkeletonData\RawData\307_18_2_7_1_stand.txt,307,5,0,0,0.9850778579711914,0.014922061935067177,0.9850778579711914,"['SpineShoulder', 'SpineBase', 'WristRight']"
SkeletonData\SkeletonData\RawData\307_18_2_8_1_stand.txt,307,5,0,0,0.9748596549034119,0.025140341371297836,0.9748596549034119,"['SpineShoulder', 'SpineBase', 'WristRight']"
SkeletonData\SkeletonData\RawData\307_18_2_9_1_stand.txt,307,5,0,0,0.9745153784751892,0.025484632700681686,0.9745153784751892,"['SpineShoulder', 'SpineBase', 'WristRight']"
SkeletonData\SkeletonData\RawData\307_18_3_10_1_stand.txt,307,5,0,0,0.9893131852149963,0.010686838999390602,0.9893131852149963,"['SpineShoulder', 'SpineBase', 'WristRight']"
SkeletonData\SkeletonData\RawData\307_18_3_11_1_stand.txt,307,5,0,0,0.9884129166603088,0.011587117798626423,0.9884129166603088,"['SpineShoulder', 'SpineBase', 'WristRight']"
SkeletonData\SkeletonData\RawData\307_18_3_1_1_sit.txt,307,5,0,0,0.9873506426811218,0.012649312615394592,0.9873506426811218,"['SpineShoulder', 'SpineBase', 'WristRight']"
SkeletonData\SkeletonData\RawData\307_18_3_2_1_sit.txt,307,5,0,0,0.9834930896759033,0.01650686003267765,0.9834930896759033,"['SpineShoulder', 'SpineBase', 'WristRight']"
SkeletonData\SkeletonData\RawData\307_18_3_3_1_sit.txt,307,5,0,0,0.9847240447998047,0.015276005491614342,0.9847240447998047,"['SpineShoulder', 'SpineBase', 'WristRight']"
SkeletonData\SkeletonData\RawData\307_18_3_4_1_sit.txt,307,5,0,0,0.9787209033966064,0.021279117092490196,0.9787209033966064,"['SpineShoulder', 'SpineBase', 'WristRight']"
SkeletonData\SkeletonData\RawData\307_18_3_5_1_sit.txt,307,5,0,0,0.9847619533538818,0.015238020569086075,0.9847619533538818,"['SpineShoulder', 'SpineBase', 'WristRight']"
SkeletonData\SkeletonData\RawData\307_18_3_6_1_sit.txt,307,5,0,0,0.9867063164710999,0.013293642550706863,0.9867063164710999,"['SpineShoulder', 'SpineBase', 'WristRight']"
SkeletonData\SkeletonData\RawData\307_18_3_7_1_stand.txt,307,5,0,0,0.9806458353996277,0.019354145973920822,0.9806458353996277,"['SpineShoulder', 'SpineBase', 'WristRight']"
SkeletonData\SkeletonData\RawData\307_18_3_8_1_stand.txt,307,5,0,0,0.9868533611297607,0.013146653771400452,0.9868533611297607,"['SpineShoulder', 'SpineBase', 'WristRight']"
SkeletonData\SkeletonData\RawData\307_18_3_9_1_stand.txt,307,5,0,0,0.985903263092041,0.01409678440541029,0.985903263092041,"['SpineShoulder', 'SpineBase', 'WristRight']"
SkeletonData\SkeletonData\RawData\307_18_4_10_1_stand.txt,307,5,0,0,0.9720876216888428,0.027912357822060585,0.9720876216888428,"['SpineShoulder', 'SpineBase', 'WristRight']"
SkeletonData\SkeletonData\RawData\307_18_4_11_1_stand.txt,307,5,0,0,0.9753087162971497,0.024691304191946983,0.9753087162971497,"['SpineShoulder', 'SpineBase', 'WristRight']"
SkeletonData\SkeletonData\RawData\307_18_4_12_1_stand.txt,307,5,0,0,0.9652682542800903,0.034731730818748474,0.9652682542800903,"['SpineShoulder', 'SpineBase', 'WristRight']"
SkeletonData\SkeletonData\RawData\307_18_4_13_1_stand.txt,307,5,0,0,0.9726061224937439,0.027393927797675133,0.9726061224937439,"['SpineShoulder', 'SpineBase', 'WristRight']"
SkeletonData\SkeletonData\RawData\307_18_4_1_1_sit.txt,307,5,0,0,0.9569395780563354,0.04306045174598694,0.9569395780563354,"['SpineShoulder', 'SpineBase', 'WristRight']"
SkeletonData\SkeletonData\RawData\307_18_4_2_1_sit.txt,307,5,0,0,0.9759629964828491,0.0240369513630867,0.9759629964828491,"['SpineShoulder', 'SpineBase', 'WristLeft']"
SkeletonData\SkeletonData\RawData\307_18_4_3_1_sit.txt,307,5,0,0,0.9718761444091797,0.028123902156949043,0.9718761444091797,"['SpineShoulder', 'SpineBase', 'WristLeft']"
SkeletonData\SkeletonData\RawData\307_18_4_4_1_sit.txt,307,5,0,0,0.9701526165008545,0.02984740026295185,0.9701526165008545,"['SpineShoulder', 'SpineBase', 'WristRight']"
SkeletonData\SkeletonData\RawData\307_18_4_5_1_sit.txt,307,5,0,0,0.9759013652801514,0.024098597466945648,0.9759013652801514,"['SpineShoulder', 'SpineBase', 'WristLeft']"
SkeletonData\SkeletonData\RawData\307_18_4_6_1_sit.txt,307,5,0,0,0.9791606068611145,0.020839417353272438,0.9791606068611145,"['SpineShoulder', 'SpineBase', 'WristLeft']"
SkeletonData\SkeletonData\RawData\307_18_4_7_1_sit.txt,307,5,0,0,0.9652658104896545,0.03473411127924919,0.9652658104896545,"['SpineShoulder', 'SpineBase', 'WristRight']"
SkeletonData\SkeletonData\RawData\307_18_4_8_1_stand.txt,307,5,0,0,0.9449959397315979,0.055004023015499115,0.9449959397315979,"['SpineShoulder', 'SpineBase', 'WristRight']"
SkeletonData\SkeletonData\RawData\307_18_4_9_1_stand.txt,307,5,0,0,0.9471909403800964,0.052809059619903564,0.9471909403800964,"['SpineShoulder', 'SpineBase', 'WristRight']"
SkeletonData\SkeletonData\RawData\307_18_5_10_1_stand.txt,307,5,0,0,0.987216055393219,0.01278387289494276,0.987216055393219,"['SpineShoulder', 'SpineBase', 'WristRight']"
SkeletonData\SkeletonData\RawData\307_18_5_11_1_stand.txt,307,5,0,0,0.9838780164718628,0.016121968626976013,0.9838780164718628,"['SpineShoulder', 'SpineBase', 'WristRight']"
SkeletonData\SkeletonData\RawData\307_18_5_1_1_sit.txt,307,5,0,0,0.9818090796470642,0.01819099672138691,0.9818090796470642,"['SpineShoulder', 'SpineBase', 'WristLeft']"
SkeletonData\SkeletonData\RawData\307_18_5_2_1_sit.txt,307,5,0,0,0.9839810729026794,0.016018960624933243,0.9839810729026794,"['SpineShoulder', 'SpineBase', 'WristLeft']"
SkeletonData\SkeletonData\RawData\307_18_5_3_1_sit.txt,307,5,0,0,0.9773354530334473,0.022664519026875496,0.9773354530334473,"['SpineShoulder', 'SpineBase', 'WristLeft']"
SkeletonData\SkeletonData\RawData\307_18_5_4_1_sit.txt,307,5,0,0,0.9817596673965454,0.018240300938487053,0.9817596673965454,"['SpineShoulder', 'SpineBase', 'WristLeft']"
SkeletonData\SkeletonData\RawData\307_18_5_5_1_sit.txt,307,5,0,0,0.9864636659622192,0.013536299578845501,0.9864636659622192,"['SpineShoulder', 'SpineBase', 'WristLeft']"
SkeletonData\SkeletonData\RawData\307_18_5_6_1_sit.txt,307,5,0,0,0.9798556566238403,0.020144330337643623,0.9798556566238403,"['SpineShoulder', 'SpineBase', 'WristLeft']"
SkeletonData\SkeletonData\RawData\307_18_5_7_1_stand.txt,307,5,0,0,0.983148455619812,0.016851523891091347,0.983148455619812,"['SpineShoulder', 'SpineBase', 'WristRight']"
SkeletonData\SkeletonData\RawData\307_18_5_8_1_stand.txt,307,5,0,0,0.9842379689216614,0.015761997550725937,0.9842379689216614,"['SpineShoulder', 'SpineBase', 'WristRight']"
SkeletonData\SkeletonData\RawData\307_18_5_9_1_stand.txt,307,5,0,0,0.9852710962295532,0.014728890731930733,0.9852710962295532,"['SpineShoulder', 'SpineBase', 'WristRight']"
SkeletonData\SkeletonData\RawData\307_18_6_10_1_stand.txt,307,5,0,0,0.9929763078689575,0.007023738231509924,0.9929763078689575,"['SpineShoulder', 'SpineBase', 'WristLeft']"
SkeletonData\SkeletonData\RawData\307_18_6_11_1_stand.txt,307,5,0,0,0.992378830909729,0.007621206808835268,0.992378830909729,"['SpineShoulder', 'SpineBase', 'WristLeft']"
SkeletonData\SkeletonData\RawData\307_18_6_12_1_stand.txt,307,5,0,0,0.9925766587257385,0.00742330402135849,0.9925766587257385,"['SpineShoulder', 'SpineBase', 'WristLeft']"
SkeletonData\SkeletonData\RawData\307_18_6_1_1_sit.txt,307,5,0,0,0.9930667877197266,0.006933185737580061,0.9930667877197266,"['SpineShoulder', 'SpineBase', 'WristLeft']"
SkeletonData\SkeletonData\RawData\307_18_6_2_1_sit.txt,307,5,0,0,0.9927961230278015,0.0072039165534079075,0.9927961230278015,"['SpineShoulder', 'SpineBase', 'WristLeft']"
SkeletonData\SkeletonData\RawData\307_18_6_3_1_sit.txt,307,5,0,0,0.9934067726135254,0.006593275349587202,0.9934067726135254,"['SpineShoulder', 'SpineBase', 'WristLeft']"
SkeletonData\SkeletonData\RawData\307_18_6_4_1_sit.txt,307,5,0,0,0.9936819076538086,0.006318138912320137,0.9936819076538086,"['SpineShoulder', 'SpineBase', 'WristLeft']"
SkeletonData\SkeletonData\RawData\307_18_6_5_1_sit.txt,307,5,0,0,0.9926730990409851,0.0073268660344183445,0.9926730990409851,"['SpineShoulder', 'SpineBase', 'WristLeft']"
SkeletonData\SkeletonData\RawData\307_18_6_6_1_sit.txt,307,5,0,0,0.9926925897598267,0.0073073869571089745,0.9926925897598267,"['SpineShoulder', 'SpineBase', 'WristLeft']"
SkeletonData\SkeletonData\RawData\307_18_6_7_1_stand.txt,307,5,0,0,0.9937146306037903,0.006285352166742086,0.9937146306037903,"['SpineShoulder', 'SpineBase', 'WristLeft']"
SkeletonData\SkeletonData\RawData\307_18_6_8_1_stand.txt,307,5,0,0,0.9924750924110413,0.007524875923991203,0.9924750924110413,"['SpineShoulder', 'SpineBase', 'WristLeft']"
SkeletonData\SkeletonData\RawData\307_18_6_9_1_stand.txt,307,5,0,0,0.9929810762405396,0.007018953561782837,0.9929810762405396,"['SpineShoulder', 'SpineBase', 'WristLeft']"
SkeletonData\SkeletonData\RawData\307_18_7_10_1_stand.txt,307,5,0,0,0.9697345495223999,0.030265482142567635,0.9697345495223999,"['SpineShoulder', 'SpineBase', 'WristRight']"
SkeletonData\SkeletonData\RawData\307_18_7_11_1_stand.txt,307,5,0,0,0.9724581837654114,0.027541786432266235,0.9724581837654114,"['SpineShoulder', 'SpineBase', 'WristRight']"
SkeletonData\SkeletonData\RawData\307_18_7_12_1_stand.txt,307,5,0,0,0.9754666090011597,0.024533437564969063,0.9754666090011597,"['SpineShoulder', 'SpineBase', 'WristRight']"
SkeletonData\SkeletonData\RawData\307_18_7_1_1_sit.txt,307,5,0,0,0.9243558645248413,0.07564413547515869,0.9243558645248413,"['SpineShoulder', 'SpineBase', 'WristLeft']"
SkeletonData\SkeletonData\RawData\307_18_7_2_1_sit.txt,307,5,0,0,0.8268399238586426,0.17316004633903503,0.8268399238586426,"['SpineShoulder', 'SpineBase', 'WristLeft']"
SkeletonData\SkeletonData\RawData\307_18_7_3_1_sit.txt,307,5,0,0,0.7748569846153259,0.22514303028583527,0.7748569846153259,"['SpineShoulder', 'SpineBase', 'WristLeft']"
SkeletonData\SkeletonData\RawData\307_18_7_4_1_sit.txt,307,5,0,0,0.9462192058563232,0.05378080904483795,0.9462192058563232,"['SpineShoulder', 'SpineBase', 'WristLeft']"
SkeletonData\SkeletonData\RawData\307_18_7_5_1_sit.txt,307,5,0,0,0.9155182242393494,0.08448174595832825,0.9155182242393494,"['SpineShoulder', 'SpineBase', 'WristLeft']"
SkeletonData\SkeletonData\RawData\307_18_7_6_1_sit.txt,307,5,0,0,0.9478577971458435,0.05214213579893112,0.9478577971458435,"['SpineShoulder', 'SpineBase', 'WristLeft']"
SkeletonData\SkeletonData\RawData\307_18_7_7_1_stand.txt,307,5,0,0,0.9726101756095886,0.02738981693983078,0.9726101756095886,"['SpineShoulder', 'SpineBase', 'WristRight']"
SkeletonData\SkeletonData\RawData\307_18_7_8_1_stand.txt,307,5,0,0,0.9783462882041931,0.02165370248258114,0.9783462882041931,"['SpineShoulder', 'SpineBase', 'WristRight']"
SkeletonData\SkeletonData\RawData\307_18_7_9_1_stand.txt,307,5,0,0,0.8319389224052429,0.16806115210056305,0.8319389224052429,"['SpineShoulder', 'SpineBase', 'WristRight']"
SkeletonData\SkeletonData\RawData\307_18_8_10_1_stand.txt,307,5,0,0,0.9702001810073853,0.029799755662679672,0.9702001810073853,"['SpineShoulder', 'SpineBase', 'WristRight']"
SkeletonData\SkeletonData\RawData\307_18_8_11_1_stand.txt,307,5,0,0,0.9237885475158691,0.07621145248413086,0.9237885475158691,"['SpineShoulder', 'SpineBase', 'WristRight']"
SkeletonData\SkeletonData\RawData\307_18_8_12_1_stand.txt,307,5,0,0,0.9523764252662659,0.04762360081076622,0.9523764252662659,"['SpineShoulder', 'SpineBase', 'WristRight']"
SkeletonData\SkeletonData\RawData\307_18_8_1_1_sit.txt,307,5,0,0,0.9202917218208313,0.0797082781791687,0.9202917218208313,"['SpineShoulder', 'SpineBase', 'WristLeft']"
SkeletonData\SkeletonData\RawData\307_18_8_2_1_sit.txt,307,5,0,0,0.8502175807952881,0.14978238940238953,0.8502175807952881,"['SpineShoulder', 'SpineBase', 'WristLeft']"
SkeletonData\SkeletonData\RawData\307_18_8_3_1_sit.txt,307,5,0,0,0.9563795924186707,0.04362047091126442,0.9563795924186707,"['SpineShoulder', 'SpineBase', 'WristLeft']"
SkeletonData\SkeletonData\RawData\307_18_8_4_1_sit.txt,307,5,0,0,0.7732513546943665,0.22674863040447235,0.7732513546943665,"['SpineShoulder', 'SpineBase', 'WristLeft']"
SkeletonData\SkeletonData\RawData\307_18_8_5_1_sit.txt,307,5,0,0,0.9482241272926331,0.05177590623497963,0.9482241272926331,"['SpineShoulder', 'SpineBase', 'WristLeft']"
SkeletonData\SkeletonData\RawData\307_18_8_6_1_sit.txt,307,5,0,0,0.9555912613868713,0.04440872371196747,0.9555912613868713,"['SpineShoulder', 'SpineBase', 'WristLeft']"
SkeletonData\SkeletonData\RawData\307_18_8_7_1_stand.txt,307,5,0,0,0.9719893336296082,0.028010716661810875,0.9719893336296082,"['SpineShoulder', 'SpineBase', 'WristRight']"
SkeletonData\SkeletonData\RawData\307_18_8_8_1_stand.txt,307,5,0,0,0.9767639636993408,0.023236069828271866,0.9767639636993408,"['SpineShoulder', 'SpineBase', 'WristRight']"
SkeletonData\SkeletonData\RawData\307_18_8_9_1_stand.txt,307,5,0,0,0.976015031337738,0.023985031992197037,0.976015031337738,"['SpineShoulder', 'SpineBase', 'WristRight']"
